customer_id,age,gender,item_purchased,category,purchase_amount,location,size,color,season,review_rating,subscription_status,shipping_type,discount_applied,previous_purchases,payment_method,frequency_of_purchases,age_group,purchase_frequency_days,estimated_clv,subscription_score,loyalty_score,customer_value_tier,purchase_norm,review_norm,previous_purchase_norm,subscription_numeric,customer_health_score,health_status,cluster,customer_segment
1,55,Male,Blouse,Clothing,53,Kentucky,L,Gray,Winter,3.1,Yes,Express,Yes,14,Venmo,Fortnightly,Middle-aged,14,795,10,24,Silver,0.4125000000000001,0.2400000000000002,0.26530612244897955,1,39.26,At Risk,0,At-Risk Customers
2,19,Male,Sweater,Clothing,64,Maine,L,Maroon,Winter,3.1,Yes,Express,Yes,2,Cash,Fortnightly,Young Adult,14,192,10,12,Bronze,0.55,0.2400000000000002,0.02040816326530612,1,37.41,At Risk,0,At-Risk Customers
3,50,Male,Jeans,Clothing,73,Massachusetts,S,Maroon,Spring,3.1,Yes,Free Shipping,Yes,23,Credit Card,Weekly,Middle-aged,7,1752,10,33,Gold,0.6625000000000001,0.2400000000000002,0.44897959183673464,1,54.77,Average,1,High-Spending Customers
4,21,Male,Sandals,Footwear,90,Rhode Island,M,Maroon,Spring,3.5,Yes,Next Day Air,Yes,49,PayPal,Weekly,Young Adult,7,4500,10,59,Premium,0.875,0.40000000000000013,0.9795918367346937,1,82.39,Excellent,2,Premium Customers
5,45,Male,Blouse,Clothing,49,Oregon,M,Turquoise,Spring,2.7,Yes,Free Shipping,Yes,31,PayPal,Annually,Middle-aged,365,1568,10,41,Gold,0.36250000000000004,0.08000000000000007,0.6122448979591836,1,44.47,Average,3,Loyal Customers
6,46,Male,Sneakers,Footwear,20,Wyoming,M,White,Summer,2.9,Yes,Standard,Yes,14,Venmo,Weekly,Middle-aged,7,300,10,24,Bronze,0.0,0.15999999999999992,0.26530612244897955,1,21.16,At Risk,0,At-Risk Customers
7,63,Male,Shirt,Clothing,85,Montana,M,Gray,Fall,3.2,Yes,Free Shipping,Yes,49,Cash,Quarterly,Senior,90,4250,10,59,Premium,0.8125,0.28000000000000025,0.9795918367346937,1,77.49,Healthy,2,Premium Customers
8,27,Male,Shorts,Clothing,34,Louisiana,L,Charcoal,Winter,3.2,Yes,Free Shipping,Yes,19,Credit Card,Weekly,Young Adult,7,680,10,29,Silver,0.17500000000000004,0.28000000000000025,0.36734693877551017,1,33.62,At Risk,0,At-Risk Customers
9,26,Male,Coat,Outerwear,97,West Virginia,L,Silver,Summer,2.6,Yes,Express,Yes,8,Venmo,Annually,Young Adult,365,873,10,18,Silver,0.9625000000000001,0.040000000000000036,0.14285714285714285,1,53.59,Average,1,High-Spending Customers
10,57,Male,Handbag,Accessories,31,Missouri,M,Pink,Spring,4.8,Yes,2-Day Shipping,Yes,4,Cash,Quarterly,Middle-aged,90,155,10,14,Bronze,0.1375,0.9199999999999999,0.061224489795918366,1,35.74,At Risk,0,At-Risk Customers
11,53,Male,Shoes,Footwear,34,Arkansas,L,Purple,Fall,4.1,Yes,Store Pickup,Yes,26,Bank Transfer,Bi-Weekly,Middle-aged,14,918,10,36,Silver,0.17500000000000004,0.6399999999999999,0.510204081632653,1,45.11,Average,3,Loyal Customers
12,30,Male,Shorts,Clothing,68,Hawaii,S,Olive,Winter,4.9,Yes,Store Pickup,Yes,10,Bank Transfer,Fortnightly,Young Adult,14,748,10,20,Silver,0.6000000000000001,0.9600000000000002,0.18367346938775508,1,58.71,Average,1,High-Spending Customers
13,61,Male,Coat,Outerwear,72,Delaware,M,Gold,Winter,4.5,Yes,Express,Yes,37,Venmo,Fortnightly,Senior,14,2736,10,47,Premium,0.65,0.8,0.7346938775510203,1,74.04,Healthy,2,Premium Customers
14,65,Male,Dress,Clothing,51,New Hampshire,M,Violet,Spring,4.7,Yes,Express,Yes,31,PayPal,Weekly,Senior,7,1632,10,41,Gold,0.38750000000000007,0.8800000000000001,0.6122448979591836,1,61.47,Healthy,3,Loyal Customers
15,64,Male,Coat,Outerwear,53,New York,L,Teal,Winter,4.7,Yes,Free Shipping,Yes,34,Debit Card,Weekly,Senior,7,1855,10,44,Gold,0.4125000000000001,0.8800000000000001,0.673469387755102,1,64.3,Healthy,3,Loyal Customers
16,64,Male,Skirt,Clothing,81,Rhode Island,M,Teal,Winter,2.8,Yes,Store Pickup,Yes,8,PayPal,Monthly,Senior,30,729,10,18,Silver,0.7625,0.11999999999999988,0.14285714285714285,1,47.19,Average,1,High-Spending Customers
17,25,Male,Sunglasses,Accessories,36,Alabama,S,Gray,Spring,4.1,Yes,Next Day Air,Yes,44,Debit Card,Bi-Weekly,Young Adult,14,1620,10,54,Gold,0.2,0.6399999999999999,0.8775510204081631,1,57.13,Average,3,Loyal Customers
18,53,Male,Dress,Clothing,38,Mississippi,XL,Lavender,Winter,4.7,Yes,2-Day Shipping,Yes,36,Venmo,Quarterly,Middle-aged,90,1406,10,46,Gold,0.22500000000000003,0.8800000000000001,0.7142857142857142,1,58.03,Average,3,Loyal Customers
19,52,Male,Sweater,Clothing,48,Montana,S,Black,Summer,4.6,Yes,Free Shipping,Yes,17,Cash,Weekly,Middle-aged,7,864,10,27,Silver,0.3500000000000001,0.8399999999999999,0.32653061224489793,1,50.6,Average,1,High-Spending Customers
20,66,Male,Pants,Clothing,90,Rhode Island,M,Green,Summer,3.3,Yes,Standard,Yes,46,Debit Card,Bi-Weekly,Senior,14,4230,10,56,Premium,0.875,0.32000000000000006,0.9183673469387754,1,78.95,Healthy,2,Premium Customers
21,21,Male,Pants,Clothing,51,Louisiana,M,Black,Winter,2.8,Yes,Express,Yes,50,Cash,Every 3 Months,Young Adult,90,2601,10,60,Premium,0.38750000000000007,0.11999999999999988,1.0,1,57.9,Average,3,Loyal Customers
22,31,Male,Pants,Clothing,62,North Carolina,M,Charcoal,Winter,4.1,Yes,Store Pickup,Yes,22,Debit Card,Quarterly,Young Adult,90,1426,10,32,Gold,0.525,0.6399999999999999,0.4285714285714285,1,56.66,Average,1,High-Spending Customers
23,56,Male,Pants,Clothing,37,California,M,Peach,Summer,3.2,Yes,Store Pickup,Yes,32,Debit Card,Annually,Middle-aged,365,1221,10,42,Silver,0.21250000000000002,0.28000000000000025,0.6326530612244897,1,43.08,Average,3,Loyal Customers
24,31,Male,Pants,Clothing,88,Oklahoma,XL,White,Winter,4.4,Yes,Express,Yes,40,Credit Card,Weekly,Young Adult,7,3608,10,50,Premium,0.8500000000000001,0.7600000000000002,0.7959183673469387,1,83.08,Excellent,2,Premium Customers
25,18,Male,Jacket,Outerwear,22,Florida,M,Green,Fall,2.9,Yes,Store Pickup,Yes,16,Debit Card,Weekly,Young Adult,7,374,10,26,Bronze,0.025000000000000022,0.15999999999999992,0.3061224489795918,1,23.38,At Risk,0,At-Risk Customers
26,18,Male,Hoodie,Clothing,25,Texas,M,Silver,Summer,3.6,Yes,Express,Yes,14,PayPal,Annually,Young Adult,365,375,10,24,Bronze,0.0625,0.44000000000000017,0.26530612244897955,1,29.26,At Risk,0,At-Risk Customers
27,38,Male,Jewelry,Accessories,20,Nevada,M,Red,Spring,3.6,Yes,Next Day Air,Yes,13,Credit Card,Annually,Adult,365,280,10,23,Bronze,0.0,0.44000000000000017,0.24489795918367344,1,26.15,At Risk,0,At-Risk Customers
28,56,Male,Shorts,Clothing,56,Kentucky,L,Cyan,Summer,5.0,Yes,Next Day Air,Yes,7,Bank Transfer,Every 3 Months,Middle-aged,90,448,10,17,Bronze,0.45000000000000007,1.0,0.12244897959183673,1,51.67,Average,1,High-Spending Customers
29,54,Male,Handbag,Accessories,94,North Carolina,M,Gray,Fall,4.4,Yes,Free Shipping,Yes,41,PayPal,Every 3 Months,Middle-aged,90,3948,10,51,Premium,0.925,0.7600000000000002,0.8163265306122448,1,86.69,Excellent,2,Premium Customers
30,31,Male,Dress,Clothing,48,Wyoming,S,Black,Fall,4.1,Yes,Store Pickup,Yes,14,Credit Card,Weekly,Young Adult,7,720,10,24,Silver,0.3500000000000001,0.6399999999999999,0.26530612244897955,1,44.76,Average,1,High-Spending Customers
31,57,Male,Jewelry,Accessories,31,North Carolina,L,Black,Winter,4.7,Yes,Standard,Yes,16,Credit Card,Monthly,Middle-aged,30,527,10,26,Bronze,0.1375,0.8800000000000001,0.3061224489795918,1,42.28,Average,0,At-Risk Customers
32,33,Male,Dress,Clothing,79,West Virginia,L,Brown,Winter,4.7,Yes,Store Pickup,Yes,45,Venmo,Monthly,Adult,30,3634,10,55,Premium,0.7375,0.8800000000000001,0.8979591836734693,1,84.04,Excellent,2,Premium Customers
33,36,Male,Jacket,Outerwear,67,Kansas,M,Silver,Summer,4.9,Yes,Free Shipping,Yes,37,Venmo,Annually,Adult,365,2546,10,47,Premium,0.5875,0.9600000000000002,0.7346938775510203,1,74.74,Healthy,2,Premium Customers
34,54,Male,Pants,Clothing,38,Colorado,L,Green,Summer,3.3,Yes,Store Pickup,Yes,45,Cash,Quarterly,Middle-aged,90,1748,10,55,Gold,0.22500000000000003,0.32000000000000006,0.8979591836734693,1,52.34,Average,3,Loyal Customers
35,36,Male,T-shirt,Clothing,91,North Dakota,L,Violet,Spring,4.6,Yes,2-Day Shipping,Yes,38,PayPal,Quarterly,Adult,90,3549,10,48,Premium,0.8875,0.8399999999999999,0.7551020408163265,1,84.95,Excellent,2,Premium Customers
36,54,Male,Blouse,Clothing,33,Massachusetts,M,Cyan,Summer,4.0,Yes,2-Day Shipping,Yes,48,Credit Card,Bi-Weekly,Middle-aged,14,1617,10,58,Gold,0.16250000000000003,0.6000000000000001,0.9591836734693877,1,57.28,Average,3,Loyal Customers
37,35,Male,T-shirt,Clothing,69,Illinois,M,Maroon,Winter,4.6,Yes,Free Shipping,Yes,44,PayPal,Fortnightly,Adult,14,3105,10,54,Premium,0.6125,0.8399999999999999,0.8775510204081631,1,77.63,Healthy,2,Premium Customers
38,35,Male,Jeans,Clothing,45,Indiana,S,Cyan,Summer,2.8,Yes,Store Pickup,Yes,10,PayPal,Weekly,Adult,7,495,10,20,Bronze,0.3125,0.11999999999999988,0.18367346938775508,1,30.41,At Risk,0,At-Risk Customers
39,29,Male,Dress,Clothing,37,Florida,M,Red,Winter,3.7,Yes,2-Day Shipping,Yes,44,Venmo,Every 3 Months,Young Adult,90,1665,10,54,Gold,0.21250000000000002,0.4800000000000002,0.8775510204081631,1,54.43,Average,3,Loyal Customers
40,70,Male,Pants,Clothing,60,Arizona,S,Turquoise,Summer,4.2,Yes,Express,Yes,18,Credit Card,Monthly,Senior,30,1140,10,28,Silver,0.5,0.6800000000000002,0.346938775510204,1,54.01,Average,1,High-Spending Customers
41,69,Male,Handbag,Accessories,76,Louisiana,L,Beige,Winter,4.6,Yes,Next Day Air,Yes,31,Debit Card,Quarterly,Senior,90,2432,10,41,Premium,0.7000000000000001,0.8399999999999999,0.6122448979591836,1,73.17,Healthy,2,Premium Customers
42,67,Male,Scarf,Accessories,39,Alaska,M,Orange,Spring,4.5,Yes,Standard,Yes,40,Venmo,Annually,Senior,365,1599,10,50,Gold,0.23750000000000004,0.8,0.7959183673469387,1,59.38,Average,3,Loyal Customers
43,20,Male,Coat,Outerwear,100,Tennessee,M,Beige,Spring,4.1,Yes,Free Shipping,Yes,15,PayPal,Annually,Young Adult,365,1600,10,25,Gold,1.0,0.6399999999999999,0.28571428571428564,1,71.37,Healthy,1,High-Spending Customers
44,25,Male,Scarf,Accessories,69,Ohio,L,Lavender,Fall,3.7,Yes,Store Pickup,Yes,19,PayPal,Fortnightly,Young Adult,14,1380,10,29,Gold,0.6125,0.4800000000000002,0.36734693877551017,1,55.12,Average,1,High-Spending Customers
45,39,Male,Hat,Accessories,53,Kentucky,S,Silver,Summer,4.6,Yes,Free Shipping,Yes,45,PayPal,Weekly,Adult,7,2438,10,55,Premium,0.4125000000000001,0.8399999999999999,0.8979591836734693,1,70.24,Healthy,2,Premium Customers
46,50,Male,Socks,Clothing,21,Tennessee,XL,Indigo,Fall,2.9,Yes,2-Day Shipping,Yes,25,PayPal,Annually,Middle-aged,365,546,10,35,Bronze,0.012500000000000011,0.15999999999999992,0.4897959183673469,1,28.39,At Risk,0,At-Risk Customers
47,57,Male,Shirt,Clothing,43,California,L,White,Summer,2.9,Yes,Store Pickup,Yes,45,Cash,Quarterly,Middle-aged,90,1978,10,55,Gold,0.2875,0.15999999999999992,0.8979591836734693,1,51.64,Average,3,Loyal Customers
48,55,Male,Jewelry,Accessories,54,Montana,M,Charcoal,Winter,4.5,Yes,Free Shipping,Yes,36,Cash,Weekly,Middle-aged,7,1998,10,46,Gold,0.42500000000000004,0.8,0.7142857142857142,1,64.43,Healthy,3,Loyal Customers
49,42,Male,Shirt,Clothing,55,Nevada,M,Orange,Summer,2.7,Yes,Store Pickup,Yes,38,Cash,Monthly,Adult,30,2145,10,48,Gold,0.4375,0.08000000000000007,0.7551020408163265,1,51.75,Average,3,Loyal Customers
50,68,Male,Hoodie,Clothing,30,New Jersey,S,Indigo,Spring,4.6,Yes,Next Day Air,Yes,34,Debit Card,Bi-Weekly,Senior,14,1050,10,44,Silver,0.125,0.8399999999999999,0.673469387755102,1,52.0,Average,3,Loyal Customers
51,49,Male,Blouse,Clothing,28,Maryland,M,Red,Spring,3.7,Yes,Store Pickup,Yes,39,Debit Card,Bi-Weekly,Middle-aged,14,1120,10,49,Silver,0.10000000000000003,0.4800000000000002,0.7755102040816325,1,46.87,Average,3,Loyal Customers
52,59,Male,Skirt,Clothing,59,Vermont,XL,Gray,Winter,4.7,Yes,2-Day Shipping,Yes,7,Credit Card,Quarterly,Senior,90,472,10,17,Bronze,0.48750000000000004,0.8800000000000001,0.12244897959183673,1,50.77,Average,1,High-Spending Customers
53,42,Male,T-shirt,Clothing,20,Alaska,M,Green,Summer,2.6,Yes,Free Shipping,Yes,26,Credit Card,Weekly,Adult,7,540,10,36,Bronze,0.0,0.040000000000000036,0.510204081632653,1,26.11,At Risk,0,At-Risk Customers
54,29,Male,Skirt,Clothing,24,Mississippi,S,Peach,Winter,3.9,Yes,Next Day Air,Yes,35,Credit Card,Weekly,Young Adult,7,864,10,45,Silver,0.050000000000000044,0.56,0.693877551020408,1,44.02,Average,3,Loyal Customers
55,47,Male,Coat,Outerwear,94,New Mexico,M,Brown,Summer,4.2,Yes,Next Day Air,Yes,35,Debit Card,Bi-Weekly,Middle-aged,14,3384,10,45,Premium,0.925,0.6800000000000002,0.693877551020408,1,81.42,Excellent,2,Premium Customers
56,40,Male,Jacket,Outerwear,28,South Carolina,M,Lavender,Winter,3.0,Yes,2-Day Shipping,Yes,49,Credit Card,Annually,Adult,365,1400,10,59,Gold,0.10000000000000003,0.20000000000000018,0.9795918367346937,1,47.39,Average,3,Loyal Customers
57,41,Male,Backpack,Accessories,73,Mississippi,XL,Brown,Summer,4.7,Yes,Store Pickup,Yes,46,Credit Card,Weekly,Adult,7,3431,10,56,Premium,0.6625000000000001,0.8800000000000001,0.9183673469387754,1,81.65,Excellent,2,Premium Customers
58,21,Male,Coat,Outerwear,64,West Virginia,M,White,Summer,4.4,Yes,Store Pickup,Yes,17,Debit Card,Fortnightly,Young Adult,14,1152,10,27,Silver,0.55,0.7600000000000002,0.32653061224489793,1,57.0,Average,1,High-Spending Customers
59,69,Male,Hoodie,Clothing,54,Missouri,M,Charcoal,Summer,4.2,Yes,Free Shipping,Yes,29,Venmo,Monthly,Senior,30,1620,10,39,Gold,0.42500000000000004,0.6800000000000002,0.5714285714285714,1,57.74,Average,3,Loyal Customers
60,63,Male,Belt,Accessories,79,Louisiana,L,Yellow,Spring,4.6,Yes,Standard,Yes,4,Debit Card,Weekly,Senior,7,395,10,14,Bronze,0.7375,0.8399999999999999,0.061224489795918366,1,58.14,Average,1,High-Spending Customers
61,50,Male,Sweater,Clothing,37,Idaho,L,Brown,Summer,4.0,Yes,Express,Yes,17,Cash,Weekly,Middle-aged,7,666,10,27,Silver,0.21250000000000002,0.6000000000000001,0.32653061224489793,1,40.3,Average,0,At-Risk Customers
62,55,Male,Scarf,Accessories,68,Texas,M,Orange,Winter,4.7,Yes,Store Pickup,Yes,21,Credit Card,Every 3 Months,Middle-aged,90,1496,10,31,Gold,0.6000000000000001,0.8800000000000001,0.4081632653061224,1,63.84,Healthy,1,High-Spending Customers
63,30,Male,Sneakers,Footwear,21,Mississippi,S,Magenta,Spring,3.8,Yes,Free Shipping,Yes,31,Credit Card,Fortnightly,Young Adult,14,672,10,41,Silver,0.012500000000000011,0.52,0.6122448979591836,1,39.27,At Risk,3,Loyal Customers
64,33,Male,Sunglasses,Accessories,79,Arizona,L,Lavender,Winter,2.7,Yes,2-Day Shipping,Yes,43,Credit Card,Weekly,Adult,7,3476,10,53,Premium,0.7375,0.08000000000000007,0.8571428571428571,1,66.81,Healthy,2,Premium Customers
65,65,Male,Boots,Footwear,83,Alabama,S,Green,Fall,4.8,Yes,Standard,Yes,18,Debit Card,Fortnightly,Senior,14,1577,10,28,Gold,0.7875000000000001,0.9199999999999999,0.346938775510204,1,70.31,Healthy,1,High-Spending Customers
66,65,Male,Backpack,Accessories,36,New Jersey,M,Purple,Spring,4.8,Yes,2-Day Shipping,Yes,44,Venmo,Every 3 Months,Senior,90,1620,10,54,Gold,0.2,0.9199999999999999,0.8775510204081631,1,62.73,Healthy,3,Loyal Customers
67,31,Male,Blouse,Clothing,94,Pennsylvania,S,Magenta,Winter,4.7,Yes,2-Day Shipping,Yes,3,Venmo,Every 3 Months,Young Adult,90,376,10,13,Bronze,0.925,0.8800000000000001,0.04081632653061225,1,65.82,Healthy,1,High-Spending Customers
68,45,Male,Coat,Outerwear,33,Connecticut,L,Gray,Winter,4.4,Yes,Store Pickup,Yes,49,Debit Card,Monthly,Middle-aged,30,1650,10,59,Gold,0.16250000000000003,0.7600000000000002,0.9795918367346937,1,61.09,Healthy,3,Loyal Customers
69,57,Male,Handbag,Accessories,46,Utah,L,Silver,Summer,3.9,Yes,Next Day Air,Yes,21,Cash,Every 3 Months,Middle-aged,90,1012,10,31,Silver,0.32500000000000007,0.56,0.4081632653061224,1,46.44,Average,3,Loyal Customers
70,48,Male,Belt,Accessories,70,Tennessee,S,Cyan,Summer,4.4,Yes,Express,Yes,5,Cash,Weekly,Middle-aged,7,420,10,15,Bronze,0.625,0.7600000000000002,0.08163265306122448,1,52.65,Average,1,High-Spending Customers
71,22,Male,Belt,Accessories,29,Alabama,M,Magenta,Fall,4.2,Yes,Express,Yes,32,Debit Card,Every 3 Months,Young Adult,90,957,10,42,Silver,0.11250000000000004,0.6800000000000002,0.6326530612244897,1,47.08,Average,3,Loyal Customers
72,36,Male,Dress,Clothing,48,Virginia,L,Gold,Summer,2.9,Yes,Express,Yes,34,Bank Transfer,Annually,Adult,365,1680,10,44,Gold,0.3500000000000001,0.15999999999999992,0.673469387755102,1,47.4,Average,3,Loyal Customers
73,18,Male,Dress,Clothing,26,Georgia,M,Olive,Winter,2.9,Yes,Store Pickup,Yes,21,Bank Transfer,Every 3 Months,Young Adult,90,572,10,31,Bronze,0.07500000000000001,0.15999999999999992,0.4081632653061224,1,28.44,At Risk,0,At-Risk Customers
74,48,Male,Pants,Clothing,85,Hawaii,M,Teal,Spring,2.7,Yes,Free Shipping,Yes,43,Bank Transfer,Bi-Weekly,Middle-aged,14,3740,10,53,Premium,0.8125,0.08000000000000007,0.8571428571428571,1,69.81,Healthy,2,Premium Customers
75,49,Male,Gloves,Accessories,58,Indiana,L,Violet,Spring,4.5,Yes,Express,Yes,3,Cash,Monthly,Middle-aged,30,232,10,13,Bronze,0.4750000000000001,0.8,0.04081632653061225,1,46.22,Average,1,High-Spending Customers
76,64,Male,Scarf,Accessories,85,Utah,M,Blue,Summer,2.7,Yes,Free Shipping,Yes,21,Credit Card,Annually,Senior,365,1870,10,31,Gold,0.8125,0.08000000000000007,0.4081632653061224,1,56.34,Average,1,High-Spending Customers
77,50,Male,Hat,Accessories,43,Delaware,S,Teal,Summer,4.2,Yes,Free Shipping,Yes,32,Venmo,Monthly,Middle-aged,30,1419,10,42,Gold,0.2875,0.6800000000000002,0.6326530612244897,1,54.08,Average,3,Loyal Customers
78,22,Male,Dress,Clothing,53,Delaware,L,Gold,Summer,3.3,Yes,Next Day Air,Yes,36,Debit Card,Fortnightly,Young Adult,14,1961,10,46,Gold,0.4125000000000001,0.32000000000000006,0.7142857142857142,1,54.33,Average,3,Loyal Customers
79,50,Male,Skirt,Clothing,91,Nebraska,M,Maroon,Spring,4.7,Yes,Free Shipping,Yes,50,Venmo,Fortnightly,Middle-aged,14,4641,10,60,Premium,0.8875,0.8800000000000001,1.0,1,93.1,Excellent,2,Premium Customers
80,38,Male,Jacket,Outerwear,96,Iowa,M,Olive,Winter,2.6,Yes,2-Day Shipping,Yes,43,Bank Transfer,Every 3 Months,Adult,90,4224,10,53,Premium,0.9500000000000002,0.040000000000000036,0.8571428571428571,1,74.51,Healthy,2,Premium Customers
81,19,Male,Sandals,Footwear,72,New York,XL,Blue,Summer,3.8,Yes,Store Pickup,Yes,24,Credit Card,Every 3 Months,Young Adult,90,1800,10,34,Gold,0.65,0.52,0.4693877551020408,1,60.48,Healthy,1,High-Spending Customers
82,67,Male,Shoes,Footwear,96,Virginia,L,Maroon,Summer,2.6,Yes,Express,Yes,36,Credit Card,Every 3 Months,Senior,90,3552,10,46,Premium,0.9500000000000002,0.040000000000000036,0.7142857142857142,1,70.23,Healthy,2,Premium Customers
83,19,Male,Pants,Clothing,28,Georgia,S,Olive,Spring,4.0,Yes,2-Day Shipping,Yes,21,Credit Card,Every 3 Months,Young Adult,90,616,10,31,Bronze,0.10000000000000003,0.6000000000000001,0.4081632653061224,1,38.24,At Risk,0,At-Risk Customers
84,36,Male,Dress,Clothing,40,Texas,M,Turquoise,Summer,4.1,Yes,Standard,Yes,34,Bank Transfer,Weekly,Adult,7,1400,10,44,Gold,0.25,0.6399999999999999,0.673469387755102,1,53.0,Average,3,Loyal Customers
85,52,Male,Coat,Outerwear,32,Arizona,S,Peach,Spring,4.4,Yes,Standard,Yes,42,Bank Transfer,Every 3 Months,Middle-aged,90,1376,10,52,Gold,0.15000000000000002,0.7600000000000002,0.836734693877551,1,56.3,Average,3,Loyal Customers
86,53,Male,Sunglasses,Accessories,95,New Mexico,M,Charcoal,Winter,4.5,Yes,Next Day Air,Yes,2,Debit Card,Bi-Weekly,Middle-aged,14,285,10,12,Bronze,0.9375,0.8,0.02040816326530612,1,64.11,Healthy,1,High-Spending Customers
87,24,Male,Hoodie,Clothing,41,Nevada,L,Pink,Spring,3.7,Yes,2-Day Shipping,Yes,47,Cash,Bi-Weekly,Young Adult,14,1968,10,57,Gold,0.26250000000000007,0.4800000000000002,0.9387755102040816,1,58.26,Average,3,Loyal Customers
88,52,Male,Shoes,Footwear,53,Ohio,M,Green,Fall,3.7,Yes,2-Day Shipping,Yes,44,Debit Card,Fortnightly,Middle-aged,14,2385,10,54,Premium,0.4125000000000001,0.4800000000000002,0.8775510204081631,1,62.43,Healthy,3,Loyal Customers
89,33,Male,T-shirt,Clothing,47,Wyoming,M,Orange,Fall,3.5,Yes,Free Shipping,Yes,35,Credit Card,Monthly,Adult,30,1692,10,45,Gold,0.3375,0.40000000000000013,0.693877551020408,1,52.32,Average,3,Loyal Customers
90,47,Male,Jacket,Outerwear,83,California,XL,Pink,Fall,3.6,Yes,Next Day Air,Yes,15,Cash,Quarterly,Middle-aged,90,1328,10,25,Silver,0.7875000000000001,0.44000000000000017,0.28571428571428564,1,58.87,Average,1,High-Spending Customers
91,25,Male,Hat,Accessories,48,South Carolina,L,Violet,Summer,2.9,Yes,Express,Yes,29,Credit Card,Monthly,Young Adult,30,1440,10,39,Gold,0.3500000000000001,0.15999999999999992,0.5714285714285714,1,44.34,Average,3,Loyal Customers
92,44,Male,Scarf,Accessories,99,South Carolina,S,Green,Winter,4.6,Yes,Standard,Yes,18,Credit Card,Every 3 Months,Adult,90,1881,10,28,Gold,0.9875,0.8399999999999999,0.346938775510204,1,76.71,Healthy,1,High-Spending Customers
93,61,Male,Jacket,Outerwear,87,Texas,M,Olive,Winter,4.4,Yes,2-Day Shipping,Yes,13,Venmo,Every 3 Months,Senior,90,1218,10,23,Silver,0.8375000000000001,0.7600000000000002,0.24489795918367344,1,66.05,Healthy,1,High-Spending Customers
94,37,Male,Sweater,Clothing,62,Florida,M,Purple,Fall,4.5,Yes,Standard,Yes,46,Credit Card,Weekly,Adult,7,2914,10,56,Premium,0.525,0.8,0.9183673469387754,1,74.55,Healthy,2,Premium Customers
95,58,Male,Skirt,Clothing,76,Nevada,S,Silver,Spring,4.6,Yes,Free Shipping,Yes,28,Credit Card,Weekly,Senior,7,2204,10,38,Gold,0.7000000000000001,0.8399999999999999,0.5510204081632653,1,71.33,Healthy,2,Premium Customers
96,37,Male,Sneakers,Footwear,100,Missouri,L,Pink,Fall,3.8,Yes,Free Shipping,Yes,48,PayPal,Monthly,Adult,30,4900,10,58,Premium,1.0,0.52,0.9591836734693877,1,89.18,Excellent,2,Premium Customers
97,32,Male,Gloves,Accessories,73,Delaware,S,Gold,Spring,3.8,Yes,Express,Yes,43,Venmo,Every 3 Months,Adult,90,3212,10,53,Premium,0.6625000000000001,0.52,0.8571428571428571,1,72.61,Healthy,2,Premium Customers
98,21,Male,Shoes,Footwear,92,Virginia,M,Teal,Winter,4.8,Yes,Store Pickup,Yes,37,Cash,Annually,Young Adult,365,3496,10,47,Premium,0.9000000000000001,0.9199999999999999,0.7346938775510203,1,86.44,Excellent,2,Premium Customers
99,20,Male,Jeans,Clothing,67,New York,XL,Teal,Spring,2.6,Yes,Next Day Air,Yes,20,Bank Transfer,Annually,Young Adult,365,1407,10,30,Gold,0.5875,0.040000000000000036,0.38775510204081626,1,45.93,Average,1,High-Spending Customers
100,26,Male,Hoodie,Clothing,40,Missouri,XL,Indigo,Summer,3.7,Yes,Express,Yes,33,Debit Card,Quarterly,Young Adult,90,1360,10,43,Gold,0.25,0.4800000000000002,0.6530612244897959,1,49.19,Average,3,Loyal Customers
101,62,Male,Sunglasses,Accessories,98,South Dakota,M,Maroon,Fall,2.7,Yes,Express,Yes,31,Cash,Fortnightly,Senior,14,3136,10,41,Premium,0.9750000000000001,0.08000000000000007,0.6122448979591836,1,68.97,Healthy,2,Premium Customers
102,27,Male,Coat,Outerwear,85,North Dakota,XL,White,Spring,4.6,Yes,Express,Yes,50,Credit Card,Bi-Weekly,Young Adult,14,4335,10,60,Premium,0.8125,0.8399999999999999,1.0,1,89.3,Excellent,2,Premium Customers
103,51,Male,Socks,Clothing,67,Oklahoma,L,Violet,Winter,4.8,Yes,Next Day Air,Yes,35,Credit Card,Quarterly,Middle-aged,90,2412,10,45,Premium,0.5875,0.9199999999999999,0.693877551020408,1,72.72,Healthy,2,Premium Customers
104,54,Male,Boots,Footwear,89,West Virginia,L,Red,Winter,4.0,Yes,Next Day Air,Yes,22,Venmo,Bi-Weekly,Middle-aged,14,2047,10,32,Gold,0.8625,0.6000000000000001,0.4285714285714285,1,69.36,Healthy,2,Premium Customers
105,55,Male,Sunglasses,Accessories,24,New Hampshire,L,Pink,Spring,4.4,Yes,2-Day Shipping,Yes,1,PayPal,Monthly,Middle-aged,30,48,10,11,Bronze,0.050000000000000044,0.7600000000000002,0.0,1,27.2,At Risk,0,At-Risk Customers
106,69,Male,Backpack,Accessories,96,New York,M,Charcoal,Fall,3.6,Yes,Next Day Air,Yes,4,Bank Transfer,Annually,Senior,365,480,10,14,Bronze,0.9500000000000002,0.44000000000000017,0.061224489795918366,1,58.64,Average,1,High-Spending Customers
107,64,Male,Jacket,Outerwear,35,Minnesota,L,White,Summer,3.7,Yes,Standard,Yes,31,Credit Card,Monthly,Senior,30,1120,10,41,Silver,0.1875,0.4800000000000002,0.6122448979591836,1,45.47,Average,3,Loyal Customers
108,28,Male,Sneakers,Footwear,67,Maryland,L,Olive,Winter,3.1,Yes,Next Day Air,Yes,46,PayPal,Fortnightly,Young Adult,14,3149,10,56,Premium,0.5875,0.2400000000000002,0.9183673469387754,1,65.85,Healthy,2,Premium Customers
109,70,Male,Socks,Clothing,79,Montana,L,Purple,Spring,3.4,Yes,Next Day Air,Yes,32,Bank Transfer,Bi-Weekly,Senior,14,2607,10,42,Premium,0.7375,0.3600000000000001,0.6326530612244897,1,65.68,Healthy,2,Premium Customers
110,58,Male,T-shirt,Clothing,85,Alabama,M,Violet,Spring,2.6,Yes,Next Day Air,Yes,43,Bank Transfer,Fortnightly,Senior,14,3740,10,53,Premium,0.8125,0.040000000000000036,0.8571428571428571,1,69.01,Healthy,2,Premium Customers
111,56,Male,Backpack,Accessories,26,New York,M,Black,Summer,4.0,Yes,Standard,Yes,26,Venmo,Fortnightly,Middle-aged,14,702,10,36,Silver,0.07500000000000001,0.6000000000000001,0.510204081632653,1,40.31,Average,3,Loyal Customers
112,26,Male,Belt,Accessories,75,Massachusetts,L,Purple,Summer,5.0,Yes,Free Shipping,Yes,9,Credit Card,Annually,Young Adult,365,750,10,19,Silver,0.6875,1.0,0.16326530612244897,1,62.4,Healthy,1,High-Spending Customers
113,37,Male,Gloves,Accessories,65,Florida,M,Red,Spring,4.3,Yes,Free Shipping,Yes,28,PayPal,Bi-Weekly,Adult,14,1885,10,38,Gold,0.5625,0.72,0.5510204081632653,1,63.43,Healthy,1,High-Spending Customers
114,44,Male,Hat,Accessories,54,New Jersey,L,Maroon,Winter,3.1,Yes,Next Day Air,Yes,20,PayPal,Quarterly,Adult,90,1134,10,30,Silver,0.42500000000000004,0.2400000000000002,0.38775510204081626,1,43.43,Average,3,Loyal Customers
115,70,Male,Coat,Outerwear,95,Massachusetts,S,Blue,Summer,3.7,Yes,Store Pickup,Yes,9,Cash,Weekly,Senior,7,950,10,19,Silver,0.9375,0.4800000000000002,0.16326530612244897,1,62.0,Healthy,1,High-Spending Customers
116,53,Male,Skirt,Clothing,94,Wyoming,M,Gray,Spring,3.8,Yes,Standard,Yes,48,Debit Card,Every 3 Months,Middle-aged,90,4606,10,58,Premium,0.925,0.52,0.9591836734693877,1,86.18,Excellent,2,Premium Customers
117,55,Male,Shoes,Footwear,86,Virginia,S,Blue,Spring,3.4,Yes,Free Shipping,Yes,12,Venmo,Annually,Middle-aged,365,1118,10,22,Silver,0.825,0.3600000000000001,0.22448979591836735,1,56.93,Average,1,High-Spending Customers
118,50,Male,Sandals,Footwear,32,South Dakota,L,Yellow,Summer,4.6,Yes,Express,Yes,29,Cash,Fortnightly,Middle-aged,14,960,10,39,Silver,0.15000000000000002,0.8399999999999999,0.5714285714285714,1,49.94,Average,3,Loyal Customers
119,50,Male,Sweater,Clothing,45,Kentucky,L,Orange,Fall,4.8,Yes,2-Day Shipping,Yes,27,Cash,Bi-Weekly,Middle-aged,14,1260,10,37,Silver,0.3125,0.9199999999999999,0.5306122448979591,1,56.82,Average,3,Loyal Customers
120,38,Male,Coat,Outerwear,76,Wyoming,M,Orange,Fall,4.3,Yes,Express,Yes,44,Cash,Annually,Adult,365,3420,10,54,Premium,0.7000000000000001,0.72,0.8775510204081631,1,78.73,Healthy,2,Premium Customers
121,64,Male,Hat,Accessories,84,West Virginia,L,Red,Summer,4.0,Yes,Express,Yes,32,Bank Transfer,Annually,Senior,365,2772,10,42,Premium,0.8,0.6000000000000001,0.6326530612244897,1,72.98,Healthy,2,Premium Customers
122,19,Male,Shorts,Clothing,72,Virginia,M,Olive,Winter,4.2,Yes,Standard,Yes,11,Cash,Fortnightly,Young Adult,14,864,10,21,Silver,0.65,0.6800000000000002,0.2040816326530612,1,55.72,Average,1,High-Spending Customers
123,40,Male,Backpack,Accessories,40,Washington,L,Brown,Spring,4.8,Yes,2-Day Shipping,Yes,44,Cash,Fortnightly,Adult,14,1800,10,54,Gold,0.25,0.9199999999999999,0.8775510204081631,1,64.73,Healthy,3,Loyal Customers
124,57,Male,Sweater,Clothing,89,Louisiana,L,Brown,Fall,3.1,Yes,Free Shipping,Yes,46,Cash,Weekly,Middle-aged,7,4183,10,56,Premium,0.8625,0.2400000000000002,0.9183673469387754,1,76.85,Healthy,2,Premium Customers
125,44,Male,Sweater,Clothing,86,Nevada,M,Gray,Spring,3.1,Yes,Next Day Air,Yes,50,PayPal,Annually,Adult,365,4386,10,60,Premium,0.825,0.2400000000000002,1.0,1,77.8,Healthy,2,Premium Customers
126,49,Male,Shorts,Clothing,54,California,M,Indigo,Winter,3.6,Yes,Next Day Air,Yes,45,Venmo,Every 3 Months,Middle-aged,90,2484,10,55,Premium,0.42500000000000004,0.44000000000000017,0.8979591836734693,1,62.74,Healthy,2,Premium Customers
127,43,Male,Shorts,Clothing,36,Mississippi,L,Pink,Spring,3.9,Yes,Store Pickup,Yes,48,Cash,Every 3 Months,Adult,90,1764,10,58,Gold,0.2,0.56,0.9591836734693877,1,57.98,Average,3,Loyal Customers
128,24,Male,Sweater,Clothing,89,Mississippi,M,Gray,Winter,4.8,Yes,Next Day Air,Yes,26,Credit Card,Weekly,Young Adult,7,2403,10,36,Premium,0.8625,0.9199999999999999,0.510204081632653,1,78.21,Healthy,2,Premium Customers
129,20,Male,Scarf,Accessories,32,California,M,Gold,Spring,4.7,Yes,Standard,Yes,21,Credit Card,Fortnightly,Young Adult,14,704,10,31,Silver,0.15000000000000002,0.8800000000000001,0.4081632653061224,1,45.84,Average,3,Loyal Customers
130,24,Male,Dress,Clothing,67,Pennsylvania,XL,Olive,Summer,4.2,Yes,2-Day Shipping,Yes,49,PayPal,Bi-Weekly,Young Adult,14,3350,10,59,Premium,0.5875,0.6800000000000002,0.9795918367346937,1,76.49,Healthy,2,Premium Customers
131,44,Male,Scarf,Accessories,39,Kentucky,L,Violet,Fall,3.7,Yes,Next Day Air,Yes,13,PayPal,Fortnightly,Adult,14,546,10,23,Bronze,0.23750000000000004,0.4800000000000002,0.24489795918367344,1,36.45,At Risk,0,At-Risk Customers
132,28,Male,Skirt,Clothing,29,Maine,L,Indigo,Summer,3.9,Yes,Standard,Yes,46,Credit Card,Weekly,Young Adult,7,1363,10,56,Gold,0.11250000000000004,0.56,0.9183673469387754,1,53.25,Average,3,Loyal Customers
133,30,Male,Backpack,Accessories,58,New Mexico,M,Orange,Fall,4.7,Yes,2-Day Shipping,Yes,42,PayPal,Weekly,Young Adult,7,2494,10,52,Premium,0.4750000000000001,0.8800000000000001,0.836734693877551,1,71.7,Healthy,2,Premium Customers
134,52,Male,Sweater,Clothing,65,Montana,M,Violet,Winter,2.5,Yes,Next Day Air,Yes,25,Venmo,Annually,Middle-aged,365,1690,10,35,Gold,0.5625,0.0,0.4897959183673469,1,47.19,Average,3,Loyal Customers
135,43,Male,Hat,Accessories,94,Texas,L,Gray,Fall,4.9,Yes,Store Pickup,Yes,25,Cash,Monthly,Adult,30,2444,10,35,Premium,0.925,0.9600000000000002,0.4897959183673469,1,80.89,Excellent,2,Premium Customers
136,43,Male,Sandals,Footwear,81,Kansas,M,Purple,Fall,4.1,Yes,Express,Yes,12,PayPal,Quarterly,Adult,90,1053,10,22,Silver,0.7625,0.6399999999999999,0.22448979591836735,1,60.03,Healthy,1,High-Spending Customers
137,39,Male,Blouse,Clothing,86,South Carolina,M,White,Winter,3.3,Yes,Free Shipping,Yes,4,Debit Card,Quarterly,Adult,90,430,10,14,Bronze,0.825,0.32000000000000006,0.061224489795918366,1,51.24,Average,1,High-Spending Customers
138,68,Male,Sneakers,Footwear,43,Colorado,M,Turquoise,Spring,4.7,Yes,Free Shipping,Yes,38,PayPal,Weekly,Senior,7,1677,10,48,Gold,0.2875,0.8800000000000001,0.7551020408163265,1,61.75,Healthy,3,Loyal Customers
139,68,Male,Skirt,Clothing,29,Georgia,M,Maroon,Winter,4.4,Yes,Store Pickup,Yes,42,Bank Transfer,Weekly,Senior,7,1247,10,52,Silver,0.11250000000000004,0.7600000000000002,0.836734693877551,1,54.8,Average,3,Loyal Customers
140,49,Male,Coat,Outerwear,95,Florida,M,White,Fall,3.8,Yes,Store Pickup,Yes,30,Venmo,Annually,Middle-aged,365,2945,10,40,Premium,0.9375,0.52,0.5918367346938774,1,75.66,Healthy,2,Premium Customers
141,63,Male,Shirt,Clothing,28,North Carolina,L,Yellow,Fall,3.9,Yes,2-Day Shipping,Yes,50,Credit Card,Weekly,Senior,7,1428,10,60,Gold,0.10000000000000003,0.56,1.0,1,55.2,Average,3,Loyal Customers
142,56,Male,Gloves,Accessories,46,Virginia,M,Turquoise,Fall,4.9,Yes,Free Shipping,Yes,45,PayPal,Weekly,Middle-aged,7,2116,10,55,Gold,0.32500000000000007,0.9600000000000002,0.8979591836734693,1,69.14,Healthy,2,Premium Customers
143,37,Male,Jacket,Outerwear,58,Nebraska,L,Violet,Fall,3.1,Yes,Free Shipping,Yes,33,Credit Card,Fortnightly,Adult,14,1972,10,43,Gold,0.4750000000000001,0.2400000000000002,0.6530612244897959,1,53.39,Average,3,Loyal Customers
144,30,Male,Coat,Outerwear,48,Missouri,M,Beige,Fall,2.7,Yes,Store Pickup,Yes,25,PayPal,Quarterly,Young Adult,90,1248,10,35,Silver,0.3500000000000001,0.08000000000000007,0.4897959183673469,1,40.29,Average,3,Loyal Customers
145,19,Male,Shoes,Footwear,43,New Jersey,M,Silver,Fall,3.2,Yes,Express,Yes,25,Cash,Monthly,Young Adult,30,1118,10,35,Silver,0.2875,0.28000000000000025,0.4897959183673469,1,41.79,Average,3,Loyal Customers
146,24,Male,Jewelry,Accessories,95,Missouri,M,Teal,Fall,4.5,Yes,Standard,Yes,44,Debit Card,Quarterly,Young Adult,90,4275,10,54,Premium,0.9375,0.8,0.8775510204081631,1,89.83,Excellent,2,Premium Customers
147,52,Male,Skirt,Clothing,30,Colorado,S,Black,Fall,4.0,Yes,Standard,Yes,21,Venmo,Fortnightly,Middle-aged,14,660,10,31,Bronze,0.125,0.6000000000000001,0.4081632653061224,1,39.24,At Risk,0,At-Risk Customers
148,63,Male,Shoes,Footwear,64,Idaho,M,Purple,Summer,3.5,Yes,2-Day Shipping,Yes,31,Bank Transfer,Fortnightly,Senior,14,2048,10,41,Gold,0.55,0.40000000000000013,0.6122448979591836,1,58.37,Average,3,Loyal Customers
149,37,Male,Gloves,Accessories,90,Wyoming,M,Gray,Fall,2.6,Yes,Store Pickup,Yes,47,Debit Card,Annually,Adult,365,4320,10,57,Premium,0.875,0.040000000000000036,0.9387755102040816,1,73.96,Healthy,2,Premium Customers
150,38,Male,Pants,Clothing,76,Delaware,M,White,Summer,3.2,Yes,Free Shipping,Yes,14,PayPal,Monthly,Adult,30,1140,10,24,Silver,0.7000000000000001,0.28000000000000025,0.26530612244897955,1,51.56,Average,1,High-Spending Customers
151,35,Male,Boots,Footwear,96,California,L,Cyan,Fall,4.9,Yes,Standard,Yes,17,Debit Card,Every 3 Months,Adult,90,1728,10,27,Gold,0.9500000000000002,0.9600000000000002,0.32653061224489793,1,77.0,Healthy,1,High-Spending Customers
152,28,Male,Sunglasses,Accessories,47,North Dakota,L,Turquoise,Fall,4.5,Yes,Next Day Air,Yes,3,Venmo,Annually,Young Adult,365,188,10,13,Bronze,0.3375,0.8,0.04081632653061225,1,40.72,Average,0,At-Risk Customers
153,30,Male,Shirt,Clothing,85,South Carolina,S,Brown,Summer,4.3,Yes,Express,Yes,42,Venmo,Annually,Young Adult,365,3655,10,52,Premium,0.8125,0.72,0.836734693877551,1,82.0,Excellent,2,Premium Customers
154,69,Male,Hoodie,Clothing,55,North Carolina,M,Maroon,Winter,3.2,Yes,Standard,Yes,22,Debit Card,Annually,Senior,365,1265,10,32,Silver,0.4375,0.28000000000000025,0.4285714285714285,1,45.96,Average,3,Loyal Customers
155,41,Male,Dress,Clothing,98,Oklahoma,M,Charcoal,Fall,3.6,Yes,Next Day Air,Yes,21,Venmo,Quarterly,Adult,90,2156,10,31,Gold,0.9750000000000001,0.44000000000000017,0.4081632653061224,1,70.04,Healthy,2,Premium Customers
156,63,Male,Socks,Clothing,77,Maine,S,Olive,Spring,4.3,Yes,Free Shipping,Yes,21,Bank Transfer,Quarterly,Senior,90,1694,10,31,Gold,0.7125,0.72,0.4081632653061224,1,65.14,Healthy,1,High-Spending Customers
157,35,Male,Shorts,Clothing,26,Missouri,M,Lavender,Fall,4.0,Yes,Standard,Yes,40,Debit Card,Annually,Adult,365,1066,10,50,Silver,0.07500000000000001,0.6000000000000001,0.7959183673469387,1,48.88,Average,3,Loyal Customers
158,36,Male,Hat,Accessories,68,Vermont,S,Yellow,Fall,3.0,Yes,Next Day Air,Yes,1,Bank Transfer,Fortnightly,Adult,14,136,10,11,Bronze,0.6000000000000001,0.20000000000000018,0.0,1,38.0,At Risk,0,At-Risk Customers
159,25,Male,Shirt,Clothing,73,Connecticut,XL,Teal,Fall,4.1,Yes,Standard,Yes,50,Bank Transfer,Monthly,Young Adult,30,3723,10,60,Premium,0.6625000000000001,0.6399999999999999,1.0,1,79.3,Healthy,2,Premium Customers
160,58,Male,Gloves,Accessories,27,New Hampshire,M,Charcoal,Fall,3.8,Yes,Store Pickup,Yes,39,Bank Transfer,Every 3 Months,Senior,90,1080,10,49,Silver,0.08750000000000002,0.52,0.7755102040816325,1,47.17,Average,3,Loyal Customers
161,27,Male,Gloves,Accessories,23,Texas,M,Orange,Summer,4.6,Yes,Free Shipping,Yes,34,Venmo,Monthly,Young Adult,30,805,10,44,Silver,0.03750000000000003,0.8399999999999999,0.673469387755102,1,48.5,Average,3,Loyal Customers
162,65,Male,Backpack,Accessories,49,North Dakota,M,Olive,Fall,3.0,Yes,Express,Yes,29,Venmo,Fortnightly,Senior,14,1470,10,39,Gold,0.36250000000000004,0.20000000000000018,0.5714285714285714,1,45.64,Average,3,Loyal Customers
163,54,Male,Sunglasses,Accessories,74,California,M,Turquoise,Summer,3.0,Yes,Store Pickup,Yes,31,PayPal,Bi-Weekly,Middle-aged,14,2368,10,41,Premium,0.675,0.20000000000000018,0.6122448979591836,1,59.37,Average,2,Premium Customers
164,54,Male,Skirt,Clothing,67,Virginia,M,Purple,Summer,3.4,Yes,Standard,Yes,8,Debit Card,Weekly,Middle-aged,7,603,10,18,Bronze,0.5875,0.3600000000000001,0.14285714285714285,1,44.99,Average,1,High-Spending Customers
165,59,Male,Handbag,Accessories,65,Delaware,S,Purple,Spring,2.6,Yes,Free Shipping,Yes,5,Credit Card,Fortnightly,Senior,14,390,10,15,Bronze,0.5625,0.040000000000000036,0.08163265306122448,1,35.75,At Risk,0,At-Risk Customers
166,42,Male,Handbag,Accessories,60,Kentucky,S,Yellow,Winter,2.8,Yes,Store Pickup,Yes,7,Cash,Monthly,Adult,30,480,10,17,Bronze,0.5,0.11999999999999988,0.12244897959183673,1,36.07,At Risk,0,At-Risk Customers
167,46,Male,Sneakers,Footwear,31,Delaware,XL,Indigo,Fall,4.0,Yes,Store Pickup,Yes,30,Cash,Monthly,Middle-aged,30,961,10,40,Silver,0.1375,0.6000000000000001,0.5918367346938774,1,45.26,Average,3,Loyal Customers
168,33,Male,Gloves,Accessories,27,Arkansas,M,Green,Fall,4.0,Yes,Express,Yes,14,Credit Card,Every 3 Months,Adult,90,405,10,24,Bronze,0.08750000000000002,0.6000000000000001,0.26530612244897955,1,33.46,At Risk,0,At-Risk Customers
169,34,Male,Shoes,Footwear,80,Louisiana,M,Magenta,Summer,3.0,Yes,Express,Yes,5,Cash,Fortnightly,Adult,14,480,10,15,Bronze,0.75,0.20000000000000018,0.08163265306122448,1,46.45,Average,1,High-Spending Customers
170,27,Male,Jacket,Outerwear,30,Nevada,S,Gold,Summer,3.3,Yes,Standard,Yes,3,PayPal,Every 3 Months,Young Adult,90,120,10,13,Bronze,0.125,0.32000000000000006,0.04081632653061225,1,22.62,At Risk,0,At-Risk Customers
171,52,Male,Shirt,Clothing,25,Wyoming,M,Maroon,Fall,2.6,Yes,Store Pickup,Yes,46,Venmo,Bi-Weekly,Middle-aged,14,1175,10,56,Silver,0.0625,0.040000000000000036,0.9183673469387754,1,40.85,Average,3,Loyal Customers
172,29,Male,Shorts,Clothing,35,Virginia,M,Blue,Summer,3.6,Yes,Store Pickup,Yes,4,Credit Card,Weekly,Young Adult,7,175,10,14,Bronze,0.1875,0.44000000000000017,0.061224489795918366,1,28.14,At Risk,0,At-Risk Customers
173,54,Male,Jewelry,Accessories,67,Nebraska,M,Violet,Summer,3.9,Yes,Next Day Air,Yes,42,Credit Card,Bi-Weekly,Middle-aged,14,2881,10,52,Premium,0.5875,0.56,0.836734693877551,1,69.8,Healthy,2,Premium Customers
174,25,Male,Hat,Accessories,46,Hawaii,M,Turquoise,Fall,3.4,Yes,Standard,Yes,30,Cash,Annually,Young Adult,365,1426,10,40,Gold,0.32500000000000007,0.3600000000000001,0.5918367346938774,1,47.96,Average,3,Loyal Customers
175,41,Male,Shoes,Footwear,35,Vermont,L,Brown,Winter,3.5,Yes,Express,Yes,37,Venmo,Annually,Adult,365,1330,10,47,Silver,0.1875,0.40000000000000013,0.7346938775510203,1,47.54,Average,3,Loyal Customers
176,53,Male,Coat,Outerwear,86,Oklahoma,L,Violet,Fall,2.8,Yes,Next Day Air,Yes,2,Bank Transfer,Annually,Middle-aged,365,258,10,12,Bronze,0.825,0.11999999999999988,0.02040816326530612,1,46.01,Average,1,High-Spending Customers
177,53,Male,Backpack,Accessories,81,New Hampshire,L,Black,Spring,2.7,Yes,Next Day Air,Yes,30,Credit Card,Quarterly,Middle-aged,90,2511,10,40,Premium,0.7625,0.08000000000000007,0.5918367346938774,1,59.86,Average,2,Premium Customers
178,21,Male,Hoodie,Clothing,42,Kansas,L,Magenta,Fall,3.7,Yes,Next Day Air,Yes,47,Bank Transfer,Monthly,Young Adult,30,2016,10,57,Gold,0.275,0.4800000000000002,0.9387755102040816,1,58.76,Average,3,Loyal Customers
179,61,Male,Skirt,Clothing,43,Idaho,L,Lavender,Fall,4.3,Yes,2-Day Shipping,Yes,21,PayPal,Quarterly,Senior,90,946,10,31,Silver,0.2875,0.72,0.4081632653061224,1,48.14,Average,3,Loyal Customers
180,64,Male,Boots,Footwear,31,Illinois,M,Violet,Fall,4.9,Yes,Store Pickup,Yes,9,Bank Transfer,Fortnightly,Senior,14,310,10,19,Bronze,0.1375,0.9600000000000002,0.16326530612244897,1,39.6,At Risk,0,At-Risk Customers
181,51,Male,Sandals,Footwear,81,South Dakota,L,Green,Fall,3.3,Yes,Store Pickup,Yes,12,Debit Card,Fortnightly,Middle-aged,14,1053,10,22,Silver,0.7625,0.32000000000000006,0.22448979591836735,1,53.63,Average,1,High-Spending Customers
182,32,Male,Pants,Clothing,61,Massachusetts,M,Beige,Summer,4.7,Yes,Next Day Air,Yes,4,Bank Transfer,Weekly,Adult,7,305,10,14,Bronze,0.5125000000000001,0.8800000000000001,0.061224489795918366,1,49.94,Average,1,High-Spending Customers
183,38,Male,Gloves,Accessories,96,Alabama,XL,Purple,Summer,2.8,Yes,Store Pickup,Yes,10,Debit Card,Annually,Adult,365,1056,10,20,Silver,0.9500000000000002,0.11999999999999988,0.18367346938775508,1,55.91,Average,1,High-Spending Customers
184,58,Male,Skirt,Clothing,29,Ohio,XL,Beige,Spring,3.6,Yes,2-Day Shipping,Yes,26,Credit Card,Weekly,Senior,7,783,10,36,Silver,0.11250000000000004,0.44000000000000017,0.510204081632653,1,38.61,At Risk,3,Loyal Customers
185,32,Male,Sneakers,Footwear,33,Hawaii,L,Cyan,Spring,3.0,Yes,Express,Yes,40,Cash,Fortnightly,Adult,14,1353,10,50,Gold,0.16250000000000003,0.20000000000000018,0.7959183673469387,1,44.38,Average,3,Loyal Customers
186,46,Male,T-shirt,Clothing,32,Wisconsin,XL,Silver,Summer,4.5,Yes,Store Pickup,Yes,34,Bank Transfer,Fortnightly,Middle-aged,14,1120,10,44,Silver,0.15000000000000002,0.8,0.673469387755102,1,52.2,Average,3,Loyal Customers
187,39,Male,Backpack,Accessories,56,Minnesota,S,Lavender,Summer,2.9,Yes,Standard,Yes,31,Debit Card,Annually,Adult,365,1792,10,41,Gold,0.45000000000000007,0.15999999999999992,0.6122448979591836,1,49.57,Average,3,Loyal Customers
188,19,Male,Shoes,Footwear,94,Georgia,S,Purple,Spring,3.3,Yes,Store Pickup,Yes,1,Bank Transfer,Bi-Weekly,Young Adult,14,188,10,11,Bronze,0.925,0.32000000000000006,0.0,1,53.4,Average,1,High-Spending Customers
189,50,Male,Hoodie,Clothing,53,Arkansas,M,Pink,Spring,3.1,Yes,Express,Yes,5,Bank Transfer,Bi-Weekly,Middle-aged,14,318,10,15,Bronze,0.4125000000000001,0.2400000000000002,0.08163265306122448,1,33.75,At Risk,0,At-Risk Customers
190,36,Male,Blouse,Clothing,82,West Virginia,M,Maroon,Fall,4.4,Yes,Next Day Air,Yes,4,Credit Card,Weekly,Adult,7,410,10,14,Bronze,0.7750000000000001,0.7600000000000002,0.061224489795918366,1,58.04,Average,1,High-Spending Customers
191,65,Male,Coat,Outerwear,70,Indiana,XL,Beige,Fall,3.0,Yes,Free Shipping,Yes,48,Venmo,Quarterly,Senior,90,3430,10,58,Premium,0.625,0.20000000000000018,0.9591836734693877,1,67.78,Healthy,2,Premium Customers
192,64,Male,Hat,Accessories,76,Utah,M,Gray,Fall,3.9,Yes,Free Shipping,Yes,29,Cash,Every 3 Months,Senior,90,2280,10,39,Gold,0.7000000000000001,0.56,0.5714285714285714,1,66.34,Healthy,2,Premium Customers
193,46,Male,Shoes,Footwear,29,Nebraska,L,Turquoise,Summer,2.9,Yes,Express,Yes,12,PayPal,Bi-Weekly,Middle-aged,14,377,10,22,Bronze,0.11250000000000004,0.15999999999999992,0.22448979591836735,1,24.43,At Risk,0,At-Risk Customers
194,36,Male,Belt,Accessories,100,North Dakota,S,Silver,Fall,3.0,Yes,Standard,Yes,29,Venmo,Annually,Adult,365,3000,10,39,Premium,1.0,0.20000000000000018,0.5714285714285714,1,71.14,Healthy,2,Premium Customers
195,51,Male,Backpack,Accessories,94,Missouri,M,Olive,Spring,3.1,Yes,Express,Yes,15,Debit Card,Quarterly,Middle-aged,90,1504,10,25,Gold,0.925,0.2400000000000002,0.28571428571428564,1,60.37,Healthy,1,High-Spending Customers
196,51,Male,Jacket,Outerwear,25,New York,M,Magenta,Fall,4.3,Yes,Free Shipping,Yes,34,Credit Card,Monthly,Middle-aged,30,875,10,44,Silver,0.0625,0.72,0.673469387755102,1,47.1,Average,3,Loyal Customers
197,38,Male,Boots,Footwear,88,Washington,M,Lavender,Summer,3.9,Yes,Next Day Air,Yes,41,Credit Card,Fortnightly,Adult,14,3696,10,51,Premium,0.8500000000000001,0.56,0.8163265306122448,1,79.69,Healthy,2,Premium Customers
198,59,Male,Scarf,Accessories,78,South Carolina,M,Black,Fall,3.2,Yes,2-Day Shipping,Yes,41,Credit Card,Monthly,Senior,30,3276,10,51,Premium,0.7250000000000001,0.28000000000000025,0.8163265306122448,1,69.09,Healthy,2,Premium Customers
199,57,Male,Jewelry,Accessories,45,Utah,M,Turquoise,Winter,4.8,Yes,Standard,Yes,39,Credit Card,Fortnightly,Middle-aged,14,1800,10,49,Gold,0.3125,0.9199999999999999,0.7755102040816325,1,64.17,Healthy,3,Loyal Customers
200,54,Male,Hat,Accessories,73,Idaho,XL,Green,Summer,3.8,Yes,Express,Yes,32,Cash,Weekly,Middle-aged,7,2409,10,42,Premium,0.6625000000000001,0.52,0.6326530612244897,1,65.88,Healthy,2,Premium Customers
201,25,Male,Dress,Clothing,61,Pennsylvania,S,Teal,Summer,3.3,Yes,Next Day Air,Yes,29,Venmo,Monthly,Young Adult,30,1830,10,39,Gold,0.5125000000000001,0.32000000000000006,0.5714285714285714,1,54.04,Average,3,Loyal Customers
202,69,Male,Blouse,Clothing,22,Missouri,S,Beige,Fall,4.3,Yes,Free Shipping,Yes,15,Bank Transfer,Annually,Senior,365,352,10,25,Bronze,0.025000000000000022,0.72,0.28571428571428564,1,33.97,At Risk,0,At-Risk Customers
203,57,Male,Hat,Accessories,38,Nebraska,L,Magenta,Spring,2.7,Yes,Express,Yes,33,Venmo,Annually,Middle-aged,365,1292,10,43,Silver,0.22500000000000003,0.08000000000000007,0.6530612244897959,1,40.19,Average,3,Loyal Customers
204,70,Male,Scarf,Accessories,38,Indiana,S,Yellow,Fall,3.2,Yes,Next Day Air,Yes,18,Bank Transfer,Weekly,Senior,7,722,10,28,Silver,0.22500000000000003,0.28000000000000025,0.346938775510204,1,35.01,At Risk,0,At-Risk Customers
205,24,Male,Sneakers,Footwear,100,Arizona,M,Yellow,Fall,4.0,Yes,Store Pickup,Yes,35,Cash,Bi-Weekly,Young Adult,14,3600,10,45,Premium,1.0,0.6000000000000001,0.693877551020408,1,82.82,Excellent,2,Premium Customers
206,67,Male,Shirt,Clothing,64,Hawaii,M,Silver,Winter,3.0,Yes,Standard,Yes,25,PayPal,Weekly,Senior,7,1664,10,35,Gold,0.55,0.20000000000000018,0.4897959183673469,1,50.69,Average,3,Loyal Customers
207,24,Male,T-shirt,Clothing,55,Wisconsin,L,Silver,Summer,4.2,Yes,Free Shipping,Yes,6,Venmo,Fortnightly,Young Adult,14,385,10,16,Bronze,0.4375,0.6800000000000002,0.10204081632653061,1,44.16,Average,1,High-Spending Customers
208,62,Male,Gloves,Accessories,91,Rhode Island,M,Silver,Summer,2.9,Yes,Express,Yes,17,Bank Transfer,Bi-Weekly,Senior,14,1638,10,27,Gold,0.8875,0.15999999999999992,0.32653061224489793,1,58.5,Average,1,High-Spending Customers
209,57,Male,Skirt,Clothing,38,Wisconsin,M,Gold,Spring,4.1,Yes,Store Pickup,Yes,17,Credit Card,Monthly,Middle-aged,30,684,10,27,Silver,0.22500000000000003,0.6399999999999999,0.32653061224489793,1,41.6,Average,0,At-Risk Customers
210,55,Male,Sandals,Footwear,97,Minnesota,S,Olive,Winter,3.2,Yes,Store Pickup,Yes,44,Cash,Every 3 Months,Middle-aged,90,4365,10,54,Premium,0.9625000000000001,0.28000000000000025,0.8775510204081631,1,80.43,Excellent,2,Premium Customers
211,45,Male,Jacket,Outerwear,22,Vermont,L,Teal,Fall,3.0,Yes,2-Day Shipping,Yes,6,PayPal,Fortnightly,Middle-aged,14,154,10,16,Bronze,0.025000000000000022,0.20000000000000018,0.10204081632653061,1,18.06,At Risk,0,At-Risk Customers
212,69,Male,Skirt,Clothing,92,South Dakota,L,Maroon,Fall,4.2,Yes,2-Day Shipping,Yes,45,Debit Card,Fortnightly,Senior,14,4232,10,55,Premium,0.9000000000000001,0.6800000000000002,0.8979591836734693,1,86.54,Excellent,2,Premium Customers
213,67,Male,Handbag,Accessories,84,Virginia,L,Blue,Fall,4.2,Yes,Express,Yes,7,Debit Card,Annually,Senior,365,672,10,17,Silver,0.8,0.6800000000000002,0.12244897959183673,1,59.27,Average,1,High-Spending Customers
214,30,Male,Handbag,Accessories,93,Nevada,L,Peach,Fall,4.4,Yes,Store Pickup,Yes,11,Debit Card,Every 3 Months,Young Adult,90,1116,10,21,Silver,0.9125000000000001,0.7600000000000002,0.2040816326530612,1,67.82,Healthy,1,High-Spending Customers
215,24,Male,Jacket,Outerwear,50,Hawaii,L,Blue,Summer,4.2,Yes,Next Day Air,Yes,41,Cash,Every 3 Months,Young Adult,90,2100,10,51,Gold,0.375,0.6800000000000002,0.8163265306122448,1,63.09,Healthy,3,Loyal Customers
216,62,Male,Scarf,Accessories,64,New Jersey,S,Orange,Spring,2.8,Yes,2-Day Shipping,Yes,24,PayPal,Bi-Weekly,Senior,14,1600,10,34,Gold,0.55,0.11999999999999988,0.4693877551020408,1,48.48,Average,3,Loyal Customers
217,43,Male,Shorts,Clothing,61,Massachusetts,L,Yellow,Spring,3.7,Yes,Free Shipping,Yes,21,Venmo,Weekly,Adult,7,1342,10,31,Gold,0.5125000000000001,0.4800000000000002,0.4081632653061224,1,52.34,Average,1,High-Spending Customers
218,35,Male,Sunglasses,Accessories,48,Oklahoma,M,Purple,Winter,3.5,Yes,Next Day Air,Yes,24,Bank Transfer,Annually,Adult,365,1200,10,34,Silver,0.3500000000000001,0.40000000000000013,0.4693877551020408,1,46.08,Average,3,Loyal Customers
219,28,Male,T-shirt,Clothing,45,California,S,Magenta,Spring,2.9,Yes,Store Pickup,Yes,8,Credit Card,Quarterly,Young Adult,90,405,10,18,Bronze,0.3125,0.15999999999999992,0.14285714285714285,1,29.99,At Risk,0,At-Risk Customers
220,32,Male,Belt,Accessories,88,Nevada,M,Cyan,Spring,3.0,Yes,Free Shipping,Yes,12,Cash,Fortnightly,Adult,14,1144,10,22,Silver,0.8500000000000001,0.20000000000000018,0.22448979591836735,1,54.73,Average,1,High-Spending Customers
221,39,Male,Sneakers,Footwear,57,Arizona,S,Indigo,Spring,3.7,Yes,Express,Yes,48,Debit Card,Fortnightly,Adult,14,2793,10,58,Premium,0.4625,0.4800000000000002,0.9591836734693877,1,66.88,Healthy,2,Premium Customers
222,28,Male,Hat,Accessories,68,North Carolina,XL,Magenta,Summer,4.4,Yes,Store Pickup,Yes,6,Bank Transfer,Quarterly,Young Adult,90,476,10,16,Bronze,0.6000000000000001,0.7600000000000002,0.10204081632653061,1,52.26,Average,1,High-Spending Customers
223,47,Male,Gloves,Accessories,94,New York,XL,Gray,Spring,4.5,Yes,2-Day Shipping,Yes,14,PayPal,Fortnightly,Middle-aged,14,1410,10,24,Gold,0.925,0.8,0.26530612244897955,1,70.96,Healthy,1,High-Spending Customers
224,20,Male,Pants,Clothing,41,Wyoming,M,Turquoise,Spring,4.8,Yes,Free Shipping,Yes,34,PayPal,Annually,Young Adult,365,1435,10,44,Gold,0.26250000000000007,0.9199999999999999,0.673469387755102,1,59.1,Average,3,Loyal Customers
225,63,Male,Socks,Clothing,83,South Dakota,S,Beige,Summer,2.9,Yes,Free Shipping,Yes,12,Cash,Every 3 Months,Senior,90,1079,10,22,Silver,0.7875000000000001,0.15999999999999992,0.22448979591836735,1,51.43,Average,1,High-Spending Customers
226,25,Male,Jacket,Outerwear,22,Arkansas,M,Olive,Spring,3.2,Yes,Next Day Air,Yes,11,Bank Transfer,Annually,Young Adult,365,264,10,21,Bronze,0.025000000000000022,0.28000000000000025,0.2040816326530612,1,22.72,At Risk,0,At-Risk Customers
227,29,Male,Shoes,Footwear,74,Texas,L,Violet,Spring,3.3,Yes,Free Shipping,Yes,5,PayPal,Monthly,Young Adult,30,444,10,15,Bronze,0.675,0.32000000000000006,0.08163265306122448,1,45.85,Average,1,High-Spending Customers
228,50,Male,Jeans,Clothing,90,Rhode Island,M,Turquoise,Winter,4.2,Yes,Standard,Yes,25,Venmo,Fortnightly,Middle-aged,14,2340,10,35,Premium,0.875,0.6800000000000002,0.4897959183673469,1,73.29,Healthy,2,Premium Customers
229,18,Male,Socks,Clothing,79,New Hampshire,M,White,Spring,2.9,Yes,Store Pickup,Yes,11,Credit Card,Annually,Young Adult,365,948,10,21,Silver,0.7375,0.15999999999999992,0.2040816326530612,1,48.82,Average,1,High-Spending Customers
230,70,Male,Sandals,Footwear,28,Ohio,S,Silver,Spring,4.6,Yes,Next Day Air,Yes,27,PayPal,Every 3 Months,Senior,90,784,10,37,Silver,0.10000000000000003,0.8399999999999999,0.5306122448979591,1,46.72,Average,3,Loyal Customers
231,66,Male,Scarf,Accessories,88,Utah,L,Olive,Fall,4.1,Yes,Standard,Yes,43,Credit Card,Annually,Senior,365,3872,10,53,Premium,0.8500000000000001,0.6399999999999999,0.8571428571428571,1,82.51,Excellent,2,Premium Customers
232,28,Male,Blouse,Clothing,26,Tennessee,M,Blue,Spring,3.1,Yes,2-Day Shipping,Yes,18,Debit Card,Every 3 Months,Young Adult,90,494,10,28,Bronze,0.07500000000000001,0.2400000000000002,0.346938775510204,1,28.21,At Risk,0,At-Risk Customers
233,54,Male,Jewelry,Accessories,27,Hawaii,L,Purple,Winter,4.2,Yes,Express,Yes,32,Bank Transfer,Bi-Weekly,Middle-aged,14,891,10,42,Silver,0.08750000000000002,0.6800000000000002,0.6326530612244897,1,46.08,Average,3,Loyal Customers
234,19,Male,Sweater,Clothing,83,Arizona,XL,Yellow,Fall,4.5,Yes,Next Day Air,Yes,27,Bank Transfer,Every 3 Months,Young Adult,90,2324,10,37,Premium,0.7875000000000001,0.8,0.5306122448979591,1,73.42,Healthy,2,Premium Customers
235,20,Male,Gloves,Accessories,39,South Dakota,S,Silver,Summer,3.7,Yes,Next Day Air,Yes,24,Credit Card,Weekly,Young Adult,7,975,10,34,Silver,0.23750000000000004,0.4800000000000002,0.4693877551020408,1,43.18,Average,3,Loyal Customers
236,43,Male,Sunglasses,Accessories,89,New Jersey,M,Cyan,Winter,3.7,Yes,Free Shipping,Yes,31,Debit Card,Quarterly,Adult,90,2848,10,41,Premium,0.8625,0.4800000000000002,0.6122448979591836,1,72.47,Healthy,2,Premium Customers
237,38,Male,Coat,Outerwear,68,North Dakota,L,Green,Winter,3.4,Yes,Next Day Air,Yes,39,PayPal,Fortnightly,Adult,14,2720,10,49,Premium,0.6000000000000001,0.3600000000000001,0.7755102040816325,1,64.47,Healthy,2,Premium Customers
238,50,Male,Dress,Clothing,90,Iowa,M,Beige,Summer,3.0,Yes,Store Pickup,Yes,36,Debit Card,Fortnightly,Middle-aged,14,3330,10,46,Premium,0.875,0.20000000000000018,0.7142857142857142,1,70.43,Healthy,2,Premium Customers
239,64,Male,Skirt,Clothing,34,Ohio,M,Peach,Fall,4.2,Yes,Free Shipping,Yes,5,Cash,Annually,Senior,365,204,10,15,Bronze,0.17500000000000004,0.6800000000000002,0.08163265306122448,1,33.05,At Risk,0,At-Risk Customers
240,49,Male,Pants,Clothing,51,Vermont,L,Yellow,Summer,2.9,Yes,Express,Yes,47,Credit Card,Bi-Weekly,Middle-aged,14,2448,10,57,Premium,0.38750000000000007,0.15999999999999992,0.9387755102040816,1,56.86,Average,3,Loyal Customers
241,47,Male,Sweater,Clothing,45,Montana,XL,Turquoise,Winter,3.5,Yes,Free Shipping,Yes,29,Bank Transfer,Fortnightly,Middle-aged,14,1350,10,39,Gold,0.3125,0.40000000000000013,0.5714285714285714,1,47.64,Average,3,Loyal Customers
242,36,Male,Hoodie,Clothing,88,Delaware,M,Peach,Winter,4.1,Yes,Free Shipping,Yes,43,Venmo,Bi-Weekly,Adult,14,3872,10,53,Premium,0.8500000000000001,0.6399999999999999,0.8571428571428571,1,82.51,Excellent,2,Premium Customers
243,55,Male,Coat,Outerwear,85,New York,L,Gray,Summer,4.3,Yes,Store Pickup,Yes,40,Debit Card,Every 3 Months,Middle-aged,90,3485,10,50,Premium,0.8125,0.72,0.7959183673469387,1,80.78,Excellent,2,Premium Customers
244,25,Male,Jewelry,Accessories,100,Kentucky,M,Olive,Winter,2.8,Yes,2-Day Shipping,Yes,4,Debit Card,Monthly,Young Adult,30,500,10,14,Bronze,1.0,0.11999999999999988,0.061224489795918366,1,54.24,Average,1,High-Spending Customers
245,53,Male,Belt,Accessories,42,Oregon,S,Indigo,Spring,4.9,Yes,2-Day Shipping,Yes,39,PayPal,Weekly,Middle-aged,7,1680,10,49,Gold,0.275,0.9600000000000002,0.7755102040816325,1,63.47,Healthy,3,Loyal Customers
246,49,Male,Sandals,Footwear,53,Rhode Island,L,Charcoal,Summer,3.3,Yes,Next Day Air,Yes,45,Venmo,Fortnightly,Middle-aged,14,2438,10,55,Premium,0.4125000000000001,0.32000000000000006,0.8979591836734693,1,59.84,Average,3,Loyal Customers
247,35,Male,Sunglasses,Accessories,86,Nevada,XL,Beige,Spring,3.2,Yes,Express,Yes,20,Venmo,Bi-Weekly,Adult,14,1806,10,30,Gold,0.825,0.28000000000000025,0.38775510204081626,1,60.23,Healthy,1,High-Spending Customers
248,29,Male,Sweater,Clothing,66,Montana,XL,Brown,Spring,4.4,Yes,Standard,Yes,14,Debit Card,Weekly,Young Adult,7,990,10,24,Silver,0.5750000000000001,0.7600000000000002,0.26530612244897955,1,56.16,Average,1,High-Spending Customers
249,47,Male,Belt,Accessories,100,Pennsylvania,M,Blue,Winter,4.8,Yes,Express,Yes,33,PayPal,Weekly,Middle-aged,7,3400,10,43,Premium,1.0,0.9199999999999999,0.6530612244897959,1,87.99,Excellent,2,Premium Customers
250,53,Male,Handbag,Accessories,47,Alaska,S,Teal,Fall,4.2,Yes,Standard,Yes,18,Credit Card,Annually,Middle-aged,365,893,10,28,Silver,0.3375,0.6800000000000002,0.346938775510204,1,47.51,Average,1,High-Spending Customers
251,33,Male,Skirt,Clothing,25,Mississippi,L,Black,Fall,4.0,Yes,Express,Yes,9,Bank Transfer,Weekly,Adult,7,250,10,19,Bronze,0.0625,0.6000000000000001,0.16326530612244897,1,29.4,At Risk,0,At-Risk Customers
252,21,Male,Handbag,Accessories,51,Wyoming,XL,Gold,Winter,2.5,Yes,Standard,Yes,34,PayPal,Annually,Young Adult,365,1785,10,44,Gold,0.38750000000000007,0.0,0.673469387755102,1,45.7,Average,3,Loyal Customers
253,32,Male,Shorts,Clothing,41,Delaware,M,Violet,Summer,3.9,Yes,Free Shipping,Yes,33,Venmo,Fortnightly,Adult,14,1394,10,43,Gold,0.26250000000000007,0.56,0.6530612244897959,1,51.29,Average,3,Loyal Customers
254,52,Male,Boots,Footwear,73,Oklahoma,L,Cyan,Winter,4.9,Yes,2-Day Shipping,Yes,15,Bank Transfer,Bi-Weekly,Middle-aged,14,1168,10,25,Silver,0.6625000000000001,0.9600000000000002,0.28571428571428564,1,64.27,Healthy,1,High-Spending Customers
255,67,Male,Sunglasses,Accessories,42,Indiana,M,White,Winter,3.5,Yes,Store Pickup,Yes,4,PayPal,Bi-Weekly,Senior,14,210,10,14,Bronze,0.275,0.40000000000000013,0.061224489795918366,1,30.84,At Risk,0,At-Risk Customers
256,43,Male,Scarf,Accessories,20,Maryland,M,Charcoal,Spring,4.2,Yes,Free Shipping,Yes,25,Debit Card,Annually,Adult,365,520,10,35,Bronze,0.0,0.6800000000000002,0.4897959183673469,1,38.29,At Risk,0,At-Risk Customers
257,58,Male,Jewelry,Accessories,30,South Dakota,XL,Violet,Spring,4.7,Yes,Express,Yes,20,Credit Card,Every 3 Months,Senior,90,630,10,30,Bronze,0.125,0.8800000000000001,0.38775510204081626,1,44.23,Average,0,At-Risk Customers
258,20,Male,Handbag,Accessories,53,West Virginia,M,Red,Summer,4.5,Yes,Express,Yes,5,Credit Card,Quarterly,Young Adult,90,318,10,15,Bronze,0.4125000000000001,0.8,0.08163265306122448,1,44.95,Average,1,High-Spending Customers
259,61,Male,Gloves,Accessories,74,Alabama,S,Lavender,Spring,2.8,Yes,Express,Yes,16,Cash,Quarterly,Senior,90,1258,10,26,Silver,0.675,0.11999999999999988,0.3061224489795918,1,48.58,Average,1,High-Spending Customers
260,32,Male,Jeans,Clothing,57,Louisiana,M,Gold,Fall,2.9,Yes,Standard,Yes,13,Debit Card,Annually,Adult,365,798,10,23,Silver,0.4625,0.15999999999999992,0.24489795918367344,1,39.05,At Risk,0,At-Risk Customers
261,38,Male,Hat,Accessories,57,Montana,S,Red,Winter,3.2,Yes,2-Day Shipping,Yes,11,Credit Card,Every 3 Months,Adult,90,684,10,21,Silver,0.4625,0.28000000000000025,0.2040816326530612,1,40.22,Average,0,At-Risk Customers
262,21,Male,Jeans,Clothing,77,California,L,Magenta,Winter,4.9,Yes,Standard,Yes,21,Credit Card,Annually,Young Adult,365,1694,10,31,Gold,0.7125,0.9600000000000002,0.4081632653061224,1,69.94,Healthy,1,High-Spending Customers
263,37,Male,Pants,Clothing,40,Hawaii,M,Teal,Summer,3.7,Yes,Next Day Air,Yes,6,Debit Card,Annually,Adult,365,280,10,16,Bronze,0.25,0.4800000000000002,0.10204081632653061,1,32.66,At Risk,0,At-Risk Customers
264,27,Male,Shorts,Clothing,46,Iowa,M,Purple,Summer,4.3,Yes,Store Pickup,Yes,29,Venmo,Monthly,Young Adult,30,1380,10,39,Gold,0.32500000000000007,0.72,0.5714285714285714,1,54.54,Average,3,Loyal Customers
265,36,Male,Pants,Clothing,78,Colorado,S,Charcoal,Fall,3.9,Yes,Store Pickup,Yes,15,Cash,Annually,Adult,365,1248,10,25,Silver,0.7250000000000001,0.56,0.28571428571428564,1,58.77,Average,1,High-Spending Customers
266,32,Male,Backpack,Accessories,59,Michigan,M,Gray,Spring,3.2,Yes,2-Day Shipping,Yes,17,Bank Transfer,Bi-Weekly,Adult,14,1062,10,27,Silver,0.48750000000000004,0.28000000000000025,0.32653061224489793,1,44.9,Average,1,High-Spending Customers
267,51,Male,Jewelry,Accessories,75,Louisiana,L,White,Summer,3.1,Yes,Express,Yes,32,Credit Card,Weekly,Middle-aged,7,2475,10,42,Premium,0.6875,0.2400000000000002,0.6326530612244897,1,61.28,Healthy,2,Premium Customers
268,64,Male,Sweater,Clothing,54,Maryland,M,Olive,Spring,3.9,Yes,2-Day Shipping,Yes,42,Venmo,Annually,Senior,365,2322,10,52,Premium,0.42500000000000004,0.56,0.836734693877551,1,63.3,Healthy,3,Loyal Customers
269,68,Male,Shoes,Footwear,42,Georgia,M,Charcoal,Spring,2.6,Yes,Store Pickup,Yes,21,Cash,Monthly,Senior,30,924,10,31,Silver,0.275,0.040000000000000036,0.4081632653061224,1,34.04,At Risk,0,At-Risk Customers
270,68,Male,Blouse,Clothing,44,Georgia,M,Charcoal,Winter,3.3,Yes,Next Day Air,Yes,9,Cash,Bi-Weekly,Senior,14,440,10,19,Bronze,0.30000000000000004,0.32000000000000006,0.16326530612244897,1,33.3,At Risk,0,At-Risk Customers
271,33,Male,Jeans,Clothing,52,North Dakota,XL,Orange,Fall,4.6,Yes,Free Shipping,Yes,16,Bank Transfer,Annually,Adult,365,884,10,26,Silver,0.4,0.8399999999999999,0.3061224489795918,1,51.98,Average,1,High-Spending Customers
272,65,Male,Sunglasses,Accessories,69,Maryland,XL,Yellow,Summer,4.6,Yes,Express,Yes,42,Credit Card,Fortnightly,Senior,14,2967,10,52,Premium,0.6125,0.8399999999999999,0.836734693877551,1,76.4,Healthy,2,Premium Customers
273,48,Male,Jewelry,Accessories,26,Oregon,M,Beige,Summer,4.4,Yes,2-Day Shipping,Yes,37,Debit Card,Bi-Weekly,Middle-aged,14,988,10,47,Silver,0.07500000000000001,0.7600000000000002,0.7346938775510203,1,50.24,Average,3,Loyal Customers
274,69,Male,Coat,Outerwear,33,North Dakota,S,Silver,Spring,4.2,Yes,Express,Yes,32,Debit Card,Quarterly,Senior,90,1089,10,42,Silver,0.16250000000000003,0.6800000000000002,0.6326530612244897,1,49.08,Average,3,Loyal Customers
275,59,Male,Jewelry,Accessories,32,Maryland,M,Indigo,Spring,3.0,Yes,Express,Yes,28,Cash,Bi-Weekly,Senior,14,928,10,38,Silver,0.15000000000000002,0.20000000000000018,0.5510204081632653,1,36.53,At Risk,3,Loyal Customers
276,48,Male,Backpack,Accessories,85,Virginia,XL,Lavender,Winter,4.0,Yes,Express,Yes,13,Credit Card,Weekly,Middle-aged,7,1190,10,23,Silver,0.8125,0.6000000000000001,0.24489795918367344,1,61.85,Healthy,1,High-Spending Customers
277,25,Male,Skirt,Clothing,30,South Dakota,XL,Turquoise,Fall,3.5,Yes,Express,Yes,11,Bank Transfer,Fortnightly,Young Adult,14,360,10,21,Bronze,0.125,0.40000000000000013,0.2040816326530612,1,29.12,At Risk,0,At-Risk Customers
278,29,Male,Shirt,Clothing,29,Georgia,M,Green,Winter,3.0,Yes,Store Pickup,Yes,36,Bank Transfer,Bi-Weekly,Young Adult,14,1073,10,46,Silver,0.11250000000000004,0.20000000000000018,0.7142857142857142,1,39.93,At Risk,3,Loyal Customers
279,57,Male,Sweater,Clothing,95,Hawaii,M,Orange,Spring,3.7,Yes,Express,Yes,23,Debit Card,Annually,Middle-aged,365,2280,10,33,Gold,0.9375,0.4800000000000002,0.44897959183673464,1,70.57,Healthy,2,Premium Customers
280,23,Male,Sneakers,Footwear,69,Arkansas,L,Turquoise,Summer,4.0,Yes,Standard,Yes,37,Bank Transfer,Monthly,Young Adult,30,2622,10,47,Premium,0.6125,0.6000000000000001,0.7346938775510203,1,68.54,Healthy,2,Premium Customers
281,45,Male,Sandals,Footwear,69,Montana,S,Cyan,Fall,4.2,Yes,2-Day Shipping,Yes,21,Cash,Bi-Weekly,Middle-aged,14,1518,10,31,Gold,0.6125,0.6800000000000002,0.4081632653061224,1,60.34,Healthy,1,High-Spending Customers
282,38,Male,Belt,Accessories,61,Oklahoma,XL,Charcoal,Spring,2.5,Yes,Standard,Yes,22,Debit Card,Bi-Weekly,Adult,14,1403,10,32,Gold,0.5125000000000001,0.0,0.4285714285714285,1,43.36,Average,3,Loyal Customers
283,21,Male,Skirt,Clothing,94,Minnesota,M,Teal,Summer,3.0,Yes,2-Day Shipping,Yes,9,Cash,Monthly,Young Adult,30,940,10,19,Silver,0.925,0.20000000000000018,0.16326530612244897,1,55.9,Average,1,High-Spending Customers
284,32,Male,Sweater,Clothing,30,Montana,S,Maroon,Fall,3.2,Yes,Next Day Air,Yes,16,Venmo,Annually,Adult,365,510,10,26,Bronze,0.125,0.28000000000000025,0.3061224489795918,1,29.78,At Risk,0,At-Risk Customers
285,63,Male,Skirt,Clothing,45,Ohio,M,Red,Summer,3.5,Yes,Standard,Yes,4,PayPal,Quarterly,Senior,90,225,10,14,Bronze,0.3125,0.40000000000000013,0.061224489795918366,1,32.34,At Risk,0,At-Risk Customers
286,29,Male,Handbag,Accessories,39,Kentucky,XL,Yellow,Summer,4.8,Yes,Express,Yes,3,Debit Card,Bi-Weekly,Young Adult,14,156,10,13,Bronze,0.23750000000000004,0.9199999999999999,0.04081632653061225,1,39.12,At Risk,0,At-Risk Customers
287,27,Male,Jewelry,Accessories,51,Nebraska,L,Gray,Summer,2.6,Yes,Store Pickup,Yes,6,Debit Card,Annually,Young Adult,365,357,10,16,Bronze,0.38750000000000007,0.040000000000000036,0.10204081632653061,1,29.36,At Risk,0,At-Risk Customers
288,56,Male,Scarf,Accessories,37,Delaware,L,Blue,Spring,3.4,Yes,2-Day Shipping,Yes,18,Venmo,Fortnightly,Middle-aged,14,703,10,28,Silver,0.21250000000000002,0.3600000000000001,0.346938775510204,1,36.11,At Risk,0,At-Risk Customers
289,30,Male,T-shirt,Clothing,62,North Carolina,M,Lavender,Winter,3.7,Yes,2-Day Shipping,Yes,34,Venmo,Bi-Weekly,Young Adult,14,2170,10,44,Gold,0.525,0.4800000000000002,0.673469387755102,1,60.8,Healthy,3,Loyal Customers
290,49,Male,Coat,Outerwear,85,New York,M,Yellow,Fall,4.5,Yes,2-Day Shipping,Yes,26,Credit Card,Monthly,Middle-aged,30,2295,10,36,Premium,0.8125,0.8,0.510204081632653,1,73.81,Healthy,2,Premium Customers
291,58,Male,T-shirt,Clothing,33,Colorado,M,Indigo,Winter,3.7,Yes,Standard,Yes,50,PayPal,Weekly,Senior,7,1683,10,60,Gold,0.16250000000000003,0.4800000000000002,1.0,1,56.1,Average,3,Loyal Customers
292,57,Male,Dress,Clothing,26,Delaware,XL,Violet,Fall,3.3,Yes,Next Day Air,Yes,40,Bank Transfer,Monthly,Middle-aged,30,1066,10,50,Silver,0.07500000000000001,0.32000000000000006,0.7959183673469387,1,43.28,Average,3,Loyal Customers
293,60,Male,Shoes,Footwear,99,Utah,M,Green,Spring,4.7,Yes,Free Shipping,Yes,24,Cash,Quarterly,Senior,90,2475,10,34,Premium,0.9875,0.8800000000000001,0.4693877551020408,1,81.18,Excellent,2,Premium Customers
294,69,Male,Handbag,Accessories,39,Connecticut,M,White,Spring,2.7,Yes,Express,Yes,33,PayPal,Annually,Senior,365,1326,10,43,Silver,0.23750000000000004,0.08000000000000007,0.6530612244897959,1,40.69,Average,3,Loyal Customers
295,70,Male,Skirt,Clothing,20,New Jersey,M,Gold,Spring,4.6,Yes,Store Pickup,Yes,19,Credit Card,Every 3 Months,Senior,90,400,10,29,Bronze,0.0,0.8399999999999999,0.36734693877551017,1,37.82,At Risk,0,At-Risk Customers
296,53,Male,Sunglasses,Accessories,42,West Virginia,M,Indigo,Winter,2.7,Yes,Store Pickup,Yes,24,Credit Card,Quarterly,Middle-aged,90,1050,10,34,Silver,0.275,0.08000000000000007,0.4693877551020408,1,36.68,At Risk,0,At-Risk Customers
297,25,Male,Sandals,Footwear,74,Indiana,S,Lavender,Spring,4.8,Yes,2-Day Shipping,Yes,19,Credit Card,Weekly,Young Adult,7,1480,10,29,Gold,0.675,0.9199999999999999,0.36734693877551017,1,66.42,Healthy,1,High-Spending Customers
298,48,Male,Shoes,Footwear,26,Delaware,XL,Purple,Summer,4.4,Yes,Standard,Yes,4,Credit Card,Bi-Weekly,Middle-aged,14,130,10,14,Bronze,0.07500000000000001,0.7600000000000002,0.061224489795918366,1,30.04,At Risk,0,At-Risk Customers
299,69,Male,T-shirt,Clothing,53,Maryland,M,Lavender,Winter,4.0,Yes,Standard,Yes,11,Venmo,Every 3 Months,Senior,90,636,10,21,Bronze,0.4125000000000001,0.6000000000000001,0.2040816326530612,1,44.62,Average,1,High-Spending Customers
300,25,Male,Sneakers,Footwear,80,Pennsylvania,M,Maroon,Summer,3.2,Yes,Next Day Air,Yes,28,PayPal,Fortnightly,Young Adult,14,2320,10,38,Premium,0.75,0.28000000000000025,0.5510204081632653,1,62.13,Healthy,2,Premium Customers
301,29,Male,Hat,Accessories,98,Iowa,M,Teal,Spring,4.4,Yes,Store Pickup,Yes,24,PayPal,Weekly,Young Adult,7,2450,10,34,Premium,0.9750000000000001,0.7600000000000002,0.4693877551020408,1,78.28,Healthy,2,Premium Customers
302,46,Male,Skirt,Clothing,95,Pennsylvania,M,Green,Spring,3.8,Yes,Standard,Yes,25,Credit Card,Every 3 Months,Middle-aged,90,2470,10,35,Premium,0.9375,0.52,0.4897959183673469,1,72.59,Healthy,2,Premium Customers
303,37,Male,Sweater,Clothing,44,Delaware,L,Olive,Summer,3.6,Yes,Express,Yes,27,Bank Transfer,Every 3 Months,Adult,90,1232,10,37,Silver,0.30000000000000004,0.44000000000000017,0.5306122448979591,1,46.72,Average,3,Loyal Customers
304,20,Male,Sandals,Footwear,60,Oregon,M,Turquoise,Summer,3.3,Yes,Next Day Air,Yes,49,Venmo,Weekly,Young Adult,7,3000,10,59,Premium,0.5,0.32000000000000006,0.9795918367346937,1,65.79,Healthy,2,Premium Customers
305,40,Male,Dress,Clothing,84,Oregon,M,Green,Winter,3.4,Yes,Next Day Air,Yes,45,Credit Card,Bi-Weekly,Adult,14,3864,10,55,Premium,0.8,0.3600000000000001,0.8979591836734693,1,76.14,Healthy,2,Premium Customers
306,60,Male,Sweater,Clothing,59,Utah,M,Teal,Fall,3.5,Yes,2-Day Shipping,Yes,26,PayPal,Annually,Senior,365,1593,10,36,Gold,0.48750000000000004,0.40000000000000013,0.510204081632653,1,52.81,Average,3,Loyal Customers
307,26,Male,Jacket,Outerwear,49,North Dakota,S,White,Summer,3.6,Yes,Express,Yes,4,Cash,Annually,Young Adult,365,245,10,14,Bronze,0.36250000000000004,0.44000000000000017,0.061224489795918366,1,35.14,At Risk,0,At-Risk Customers
308,29,Male,Gloves,Accessories,32,Florida,M,Orange,Winter,3.2,Yes,Free Shipping,Yes,3,Credit Card,Every 3 Months,Young Adult,90,128,10,13,Bronze,0.15000000000000002,0.28000000000000025,0.04081632653061225,1,22.82,At Risk,0,At-Risk Customers
309,66,Male,Handbag,Accessories,29,Maryland,M,Beige,Fall,3.7,Yes,Standard,Yes,45,Venmo,Bi-Weekly,Senior,14,1334,10,55,Gold,0.11250000000000004,0.4800000000000002,0.8979591836734693,1,51.04,Average,3,Loyal Customers
310,66,Male,Dress,Clothing,22,Minnesota,M,Yellow,Spring,4.5,Yes,Standard,Yes,21,Cash,Fortnightly,Senior,14,484,10,31,Bronze,0.025000000000000022,0.8,0.4081632653061224,1,39.24,At Risk,0,At-Risk Customers
311,56,Male,Pants,Clothing,85,Montana,M,Charcoal,Winter,4.6,Yes,Standard,Yes,50,Cash,Fortnightly,Middle-aged,14,4335,10,60,Premium,0.8125,0.8399999999999999,1.0,1,89.3,Excellent,2,Premium Customers
312,69,Male,Jeans,Clothing,52,Rhode Island,L,Silver,Winter,4.1,Yes,Store Pickup,Yes,19,Bank Transfer,Monthly,Senior,30,1040,10,29,Silver,0.4,0.6399999999999999,0.36734693877551017,1,49.82,Average,1,High-Spending Customers
313,38,Male,Pants,Clothing,89,Massachusetts,L,Green,Spring,3.4,Yes,Next Day Air,Yes,6,PayPal,Annually,Adult,365,623,10,16,Bronze,0.8625,0.3600000000000001,0.10204081632653061,1,54.76,Average,1,High-Spending Customers
314,42,Male,Dress,Clothing,77,Vermont,M,Pink,Spring,3.7,Yes,Express,Yes,50,Credit Card,Every 3 Months,Adult,90,3927,10,60,Premium,0.7125,0.4800000000000002,1.0,1,78.1,Healthy,2,Premium Customers
315,30,Male,Pants,Clothing,24,New Jersey,M,Purple,Summer,3.3,Yes,Store Pickup,Yes,17,Debit Card,Every 3 Months,Young Adult,90,432,10,27,Bronze,0.050000000000000044,0.32000000000000006,0.32653061224489793,1,28.2,At Risk,0,At-Risk Customers
316,66,Male,Jewelry,Accessories,24,Wisconsin,XL,Orange,Spring,4.5,Yes,Express,Yes,24,Debit Card,Annually,Senior,365,600,10,34,Bronze,0.050000000000000044,0.8,0.4693877551020408,1,42.08,Average,0,At-Risk Customers
317,36,Male,Handbag,Accessories,22,California,M,Charcoal,Fall,3.3,Yes,Free Shipping,Yes,46,Venmo,Monthly,Adult,30,1034,10,56,Silver,0.025000000000000022,0.32000000000000006,0.9183673469387754,1,44.95,Average,3,Loyal Customers
318,58,Male,Sweater,Clothing,82,West Virginia,L,Teal,Fall,4.3,Yes,Standard,Yes,42,Cash,Every 3 Months,Senior,90,3526,10,52,Premium,0.7750000000000001,0.72,0.836734693877551,1,80.5,Excellent,2,Premium Customers
319,45,Male,Backpack,Accessories,67,South Dakota,M,Beige,Winter,2.5,Yes,Standard,Yes,10,Cash,Annually,Middle-aged,365,737,10,20,Silver,0.5875,0.0,0.18367346938775508,1,39.01,At Risk,0,At-Risk Customers
320,47,Male,Shorts,Clothing,74,Maine,XL,White,Spring,2.6,Yes,Standard,Yes,1,Cash,Every 3 Months,Middle-aged,90,148,10,11,Bronze,0.675,0.040000000000000036,0.0,1,37.8,At Risk,1,High-Spending Customers
321,66,Male,Jewelry,Accessories,72,Kansas,L,White,Summer,4.9,Yes,Standard,Yes,28,Debit Card,Quarterly,Senior,90,2088,10,38,Gold,0.65,0.9600000000000002,0.5510204081632653,1,71.73,Healthy,2,Premium Customers
322,41,Male,Sneakers,Footwear,36,Vermont,L,Orange,Summer,4.7,Yes,Free Shipping,Yes,48,Debit Card,Quarterly,Adult,90,1764,10,58,Gold,0.2,0.8800000000000001,0.9591836734693877,1,64.38,Healthy,3,Loyal Customers
323,41,Male,Belt,Accessories,95,Tennessee,S,Cyan,Winter,3.0,Yes,Standard,Yes,47,Credit Card,Monthly,Adult,30,4560,10,57,Premium,0.9375,0.20000000000000018,0.9387755102040816,1,79.66,Healthy,2,Premium Customers
324,66,Male,Hoodie,Clothing,78,Tennessee,M,Orange,Winter,3.5,Yes,Next Day Air,Yes,29,PayPal,Bi-Weekly,Senior,14,2340,10,39,Premium,0.7250000000000001,0.40000000000000013,0.5714285714285714,1,64.14,Healthy,2,Premium Customers
325,37,Male,Shirt,Clothing,82,Wyoming,M,Olive,Summer,4.8,Yes,Standard,Yes,37,Venmo,Quarterly,Adult,90,3116,10,47,Premium,0.7750000000000001,0.9199999999999999,0.7346938775510203,1,81.44,Excellent,2,Premium Customers
326,70,Male,Pants,Clothing,70,Vermont,M,Charcoal,Winter,4.3,Yes,Free Shipping,Yes,38,Debit Card,Annually,Senior,365,2730,10,48,Premium,0.625,0.72,0.7551020408163265,1,72.05,Healthy,2,Premium Customers
327,62,Male,Scarf,Accessories,41,New Jersey,M,White,Fall,3.2,Yes,Store Pickup,Yes,48,Bank Transfer,Weekly,Senior,7,2009,10,58,Gold,0.26250000000000007,0.28000000000000025,0.9591836734693877,1,54.88,Average,3,Loyal Customers
328,61,Male,Coat,Outerwear,42,Iowa,M,Teal,Summer,3.1,Yes,Free Shipping,Yes,36,PayPal,Weekly,Senior,7,1554,10,46,Gold,0.275,0.2400000000000002,0.7142857142857142,1,47.23,Average,3,Loyal Customers
329,48,Male,Coat,Outerwear,50,Florida,M,Yellow,Fall,2.8,Yes,Free Shipping,Yes,9,Credit Card,Weekly,Middle-aged,7,500,10,19,Bronze,0.375,0.11999999999999988,0.16326530612244897,1,32.3,At Risk,0,At-Risk Customers
330,70,Male,Socks,Clothing,31,Nevada,S,White,Summer,2.9,Yes,2-Day Shipping,Yes,34,Bank Transfer,Monthly,Senior,30,1085,10,44,Silver,0.1375,0.15999999999999992,0.673469387755102,1,38.9,At Risk,3,Loyal Customers
331,46,Male,Sweater,Clothing,51,North Dakota,M,Beige,Winter,3.7,Yes,Express,Yes,43,Venmo,Bi-Weekly,Middle-aged,14,2244,10,53,Gold,0.38750000000000007,0.4800000000000002,0.8571428571428571,1,60.81,Healthy,3,Loyal Customers
332,31,Male,Shirt,Clothing,98,Florida,L,Beige,Fall,3.3,Yes,Store Pickup,Yes,46,PayPal,Quarterly,Young Adult,90,4606,10,56,Premium,0.9750000000000001,0.32000000000000006,0.9183673469387754,1,82.95,Excellent,2,Premium Customers
333,19,Male,Shirt,Clothing,86,New York,M,Maroon,Winter,2.8,Yes,2-Day Shipping,Yes,5,Credit Card,Monthly,Young Adult,30,516,10,15,Bronze,0.825,0.11999999999999988,0.08163265306122448,1,47.85,Average,1,High-Spending Customers
334,39,Male,Sweater,Clothing,64,Alaska,M,Teal,Winter,4.5,Yes,Standard,Yes,15,Bank Transfer,Bi-Weekly,Adult,14,1024,10,25,Silver,0.55,0.8,0.28571428571428564,1,56.57,Average,1,High-Spending Customers
335,41,Male,Blouse,Clothing,46,Kansas,M,Lavender,Fall,2.6,Yes,Next Day Air,Yes,30,Credit Card,Annually,Adult,365,1426,10,40,Gold,0.32500000000000007,0.040000000000000036,0.5918367346938774,1,41.56,Average,3,Loyal Customers
336,20,Male,Sweater,Clothing,85,Oregon,L,Maroon,Spring,3.7,Yes,Standard,Yes,44,Venmo,Every 3 Months,Young Adult,90,3825,10,54,Premium,0.8125,0.4800000000000002,0.8775510204081631,1,78.43,Healthy,2,Premium Customers
337,36,Male,Hat,Accessories,81,Rhode Island,S,Orange,Fall,4.4,Yes,Express,Yes,16,PayPal,Annually,Adult,365,1377,10,26,Gold,0.7625,0.7600000000000002,0.3061224489795918,1,64.88,Healthy,1,High-Spending Customers
338,32,Male,Sweater,Clothing,59,New Mexico,M,Cyan,Winter,4.3,Yes,2-Day Shipping,Yes,16,Bank Transfer,Annually,Adult,365,1003,10,26,Silver,0.48750000000000004,0.72,0.3061224489795918,1,53.08,Average,1,High-Spending Customers
339,69,Male,Hoodie,Clothing,79,Massachusetts,M,Silver,Winter,3.5,Yes,Express,Yes,16,Cash,Weekly,Senior,7,1343,10,26,Gold,0.7375,0.40000000000000013,0.3061224489795918,1,56.68,Average,1,High-Spending Customers
340,40,Male,Shorts,Clothing,33,Pennsylvania,M,Teal,Spring,3.8,Yes,2-Day Shipping,Yes,21,Credit Card,Every 3 Months,Adult,90,726,10,31,Silver,0.16250000000000003,0.52,0.4081632653061224,1,39.14,At Risk,0,At-Risk Customers
341,40,Male,Shorts,Clothing,47,New Jersey,L,Blue,Summer,3.5,Yes,Express,Yes,39,Venmo,Every 3 Months,Adult,90,1880,10,49,Gold,0.3375,0.40000000000000013,0.7755102040816325,1,54.77,Average,3,Loyal Customers
342,20,Male,Hat,Accessories,20,Utah,S,Blue,Summer,4.6,Yes,Store Pickup,Yes,40,Debit Card,Bi-Weekly,Young Adult,14,820,10,50,Silver,0.0,0.8399999999999999,0.7959183673469387,1,50.68,Average,3,Loyal Customers
343,64,Male,Coat,Outerwear,36,Kentucky,M,Olive,Spring,2.6,Yes,Next Day Air,Yes,48,Credit Card,Every 3 Months,Senior,90,1764,10,58,Gold,0.2,0.040000000000000036,0.9591836734693877,1,47.58,Average,3,Loyal Customers
344,27,Male,Sandals,Footwear,39,Nebraska,M,Purple,Summer,4.4,Yes,Next Day Air,Yes,26,Venmo,Monthly,Young Adult,30,1053,10,36,Silver,0.23750000000000004,0.7600000000000002,0.510204081632653,1,50.01,Average,3,Loyal Customers
345,24,Male,Skirt,Clothing,71,Virginia,M,Charcoal,Winter,4.0,Yes,Standard,Yes,46,Debit Card,Monthly,Young Adult,30,3337,10,56,Premium,0.6375000000000001,0.6000000000000001,0.9183673469387754,1,75.05,Healthy,2,Premium Customers
346,48,Male,Shoes,Footwear,59,Wyoming,S,Olive,Winter,4.4,Yes,Next Day Air,Yes,27,Bank Transfer,Annually,Middle-aged,365,1652,10,37,Gold,0.48750000000000004,0.7600000000000002,0.5306122448979591,1,60.62,Healthy,1,High-Spending Customers
347,49,Male,Jeans,Clothing,50,New Mexico,L,Violet,Spring,4.7,Yes,Next Day Air,Yes,5,Cash,Weekly,Middle-aged,7,300,10,15,Bronze,0.375,0.8800000000000001,0.08163265306122448,1,45.05,Average,1,High-Spending Customers
348,36,Male,Sandals,Footwear,41,Oregon,L,Red,Fall,3.9,Yes,Store Pickup,Yes,43,PayPal,Fortnightly,Adult,14,1804,10,53,Gold,0.26250000000000007,0.56,0.8571428571428571,1,57.41,Average,3,Loyal Customers
349,56,Male,Blouse,Clothing,59,South Carolina,M,Beige,Fall,2.7,Yes,Free Shipping,Yes,17,PayPal,Fortnightly,Middle-aged,14,1062,10,27,Silver,0.48750000000000004,0.08000000000000007,0.32653061224489793,1,40.9,Average,0,At-Risk Customers
350,37,Male,Hat,Accessories,87,Arizona,M,Green,Winter,3.7,Yes,2-Day Shipping,Yes,3,Bank Transfer,Bi-Weekly,Adult,14,348,10,13,Bronze,0.8375000000000001,0.4800000000000002,0.04081632653061225,1,54.32,Average,1,High-Spending Customers
351,42,Male,Sweater,Clothing,68,Kentucky,M,Violet,Spring,2.6,Yes,2-Day Shipping,Yes,47,Bank Transfer,Fortnightly,Adult,14,3264,10,57,Premium,0.6000000000000001,0.040000000000000036,0.9387755102040816,1,62.96,Healthy,2,Premium Customers
352,28,Male,Skirt,Clothing,90,New York,M,Teal,Winter,3.9,Yes,Standard,Yes,24,Debit Card,Bi-Weekly,Young Adult,14,2250,10,34,Gold,0.875,0.56,0.4693877551020408,1,70.28,Healthy,2,Premium Customers
353,27,Male,Jeans,Clothing,71,Texas,XL,Yellow,Fall,4.9,Yes,Next Day Air,Yes,12,Cash,Every 3 Months,Young Adult,90,923,10,22,Silver,0.6375000000000001,0.9600000000000002,0.22448979591836735,1,61.43,Healthy,1,High-Spending Customers
354,63,Male,Sneakers,Footwear,64,Missouri,L,Yellow,Fall,4.1,Yes,Store Pickup,Yes,35,Debit Card,Monthly,Senior,30,2304,10,45,Premium,0.55,0.6399999999999999,0.693877551020408,1,65.62,Healthy,2,Premium Customers
355,58,Male,Jewelry,Accessories,76,Pennsylvania,S,Olive,Fall,3.0,Yes,Free Shipping,Yes,42,Venmo,Weekly,Senior,7,3268,10,52,Premium,0.7000000000000001,0.20000000000000018,0.836734693877551,1,67.1,Healthy,2,Premium Customers
356,37,Male,Jewelry,Accessories,42,Oregon,XL,Magenta,Fall,4.1,Yes,2-Day Shipping,Yes,1,PayPal,Every 3 Months,Adult,90,84,10,11,Bronze,0.275,0.6399999999999999,0.0,1,33.8,At Risk,0,At-Risk Customers
357,56,Male,Pants,Clothing,80,Nevada,L,Black,Spring,3.7,Yes,Standard,Yes,27,Cash,Weekly,Middle-aged,7,2240,10,37,Gold,0.75,0.4800000000000002,0.5306122448979591,1,65.52,Healthy,2,Premium Customers
358,18,Male,Belt,Accessories,56,Arkansas,M,Olive,Spring,4.0,Yes,Standard,Yes,16,Credit Card,Bi-Weekly,Young Adult,14,952,10,26,Silver,0.45000000000000007,0.6000000000000001,0.3061224489795918,1,49.18,Average,1,High-Spending Customers
359,48,Male,Hat,Accessories,25,Minnesota,XL,Magenta,Summer,3.6,Yes,Express,Yes,36,Credit Card,Every 3 Months,Middle-aged,90,925,10,46,Silver,0.0625,0.44000000000000017,0.7142857142857142,1,42.73,Average,3,Loyal Customers
360,31,Male,Sneakers,Footwear,74,Georgia,M,Olive,Winter,3.0,Yes,Store Pickup,Yes,30,Credit Card,Every 3 Months,Young Adult,90,2294,10,40,Premium,0.675,0.20000000000000018,0.5918367346938774,1,58.76,Average,2,Premium Customers
361,51,Male,Pants,Clothing,30,Rhode Island,M,Teal,Summer,3.0,Yes,Standard,Yes,18,Debit Card,Fortnightly,Middle-aged,14,570,10,28,Bronze,0.125,0.20000000000000018,0.346938775510204,1,29.41,At Risk,0,At-Risk Customers
362,65,Male,T-shirt,Clothing,96,Nevada,M,White,Spring,2.6,Yes,Free Shipping,Yes,45,Cash,Annually,Senior,365,4416,10,55,Premium,0.9500000000000002,0.040000000000000036,0.8979591836734693,1,75.74,Healthy,2,Premium Customers
363,53,Male,Sneakers,Footwear,64,Texas,M,Charcoal,Fall,3.4,Yes,Free Shipping,Yes,1,Venmo,Fortnightly,Middle-aged,14,128,10,11,Bronze,0.55,0.3600000000000001,0.0,1,39.2,At Risk,0,At-Risk Customers
364,55,Male,Shorts,Clothing,88,Florida,L,Yellow,Winter,3.1,Yes,Free Shipping,Yes,42,Bank Transfer,Fortnightly,Middle-aged,14,3784,10,52,Premium,0.8500000000000001,0.2400000000000002,0.836734693877551,1,73.9,Healthy,2,Premium Customers
365,62,Male,Shoes,Footwear,88,North Dakota,L,Charcoal,Summer,3.0,Yes,Free Shipping,Yes,7,Venmo,Every 3 Months,Senior,90,704,10,17,Silver,0.8500000000000001,0.20000000000000018,0.12244897959183673,1,51.67,Average,1,High-Spending Customers
366,55,Male,Gloves,Accessories,88,West Virginia,XL,Gray,Summer,3.7,Yes,Standard,Yes,50,PayPal,Quarterly,Middle-aged,90,4488,10,60,Premium,0.8500000000000001,0.4800000000000002,1.0,1,83.6,Excellent,2,Premium Customers
367,64,Male,Socks,Clothing,36,Nebraska,M,Turquoise,Spring,3.5,Yes,Store Pickup,Yes,37,Venmo,Fortnightly,Senior,14,1368,10,47,Gold,0.2,0.40000000000000013,0.7346938775510203,1,48.04,Average,3,Loyal Customers
368,52,Male,Dress,Clothing,40,Tennessee,XL,Cyan,Spring,2.8,Yes,Store Pickup,Yes,18,Bank Transfer,Monthly,Middle-aged,30,760,10,28,Silver,0.25,0.11999999999999988,0.346938775510204,1,32.81,At Risk,0,At-Risk Customers
369,24,Male,Handbag,Accessories,39,Oklahoma,M,Charcoal,Spring,4.5,Yes,Standard,Yes,29,Cash,Monthly,Young Adult,30,1170,10,39,Silver,0.23750000000000004,0.8,0.5714285714285714,1,52.64,Average,3,Loyal Customers
370,38,Male,Belt,Accessories,40,Wisconsin,M,Silver,Summer,3.3,Yes,Store Pickup,Yes,45,PayPal,Quarterly,Adult,90,1840,10,55,Gold,0.25,0.32000000000000006,0.8979591836734693,1,53.34,Average,3,Loyal Customers
371,59,Male,Scarf,Accessories,34,Oregon,M,Olive,Winter,3.4,Yes,Express,Yes,13,PayPal,Weekly,Senior,7,476,10,23,Bronze,0.17500000000000004,0.3600000000000001,0.24489795918367344,1,31.55,At Risk,0,At-Risk Customers
372,27,Male,Sneakers,Footwear,83,North Carolina,S,Pink,Winter,3.2,Yes,2-Day Shipping,Yes,47,PayPal,Monthly,Young Adult,30,3984,10,57,Premium,0.7875000000000001,0.28000000000000025,0.9387755102040816,1,75.26,Healthy,2,Premium Customers
373,24,Male,Sweater,Clothing,85,Pennsylvania,L,Orange,Summer,3.7,Yes,Standard,Yes,7,Debit Card,Weekly,Young Adult,7,680,10,17,Silver,0.8125,0.4800000000000002,0.12244897959183673,1,55.77,Average,1,High-Spending Customers
374,23,Male,Coat,Outerwear,27,North Dakota,L,White,Summer,4.6,Yes,Express,Yes,11,Venmo,Bi-Weekly,Young Adult,14,324,10,21,Bronze,0.08750000000000002,0.8399999999999999,0.2040816326530612,1,36.42,At Risk,0,At-Risk Customers
375,69,Male,Jewelry,Accessories,78,Ohio,S,Purple,Spring,5.0,Yes,Store Pickup,Yes,39,Bank Transfer,Monthly,Senior,30,3120,10,49,Premium,0.7250000000000001,1.0,0.7755102040816325,1,82.27,Excellent,2,Premium Customers
376,59,Male,Sunglasses,Accessories,32,Oklahoma,M,Olive,Summer,4.4,Yes,Standard,Yes,6,Debit Card,Quarterly,Senior,90,224,10,16,Bronze,0.15000000000000002,0.7600000000000002,0.10204081632653061,1,34.26,At Risk,0,At-Risk Customers
377,51,Male,Shoes,Footwear,51,South Carolina,S,Gray,Fall,4.9,Yes,Express,Yes,2,Venmo,Bi-Weekly,Middle-aged,14,153,10,12,Bronze,0.38750000000000007,0.9600000000000002,0.02040816326530612,1,45.31,Average,1,High-Spending Customers
378,63,Male,Scarf,Accessories,32,Maine,M,Silver,Spring,4.1,Yes,Standard,Yes,39,Credit Card,Every 3 Months,Senior,90,1280,10,49,Silver,0.15000000000000002,0.6399999999999999,0.7755102040816325,1,52.07,Average,3,Loyal Customers
379,54,Male,Dress,Clothing,62,Nevada,L,Orange,Winter,4.9,Yes,Next Day Air,Yes,23,Credit Card,Monthly,Middle-aged,30,1488,10,33,Gold,0.525,0.9600000000000002,0.44897959183673464,1,63.67,Healthy,1,High-Spending Customers
380,32,Male,T-shirt,Clothing,29,Montana,S,Magenta,Fall,4.7,Yes,2-Day Shipping,Yes,46,Debit Card,Bi-Weekly,Adult,14,1363,10,56,Gold,0.11250000000000004,0.8800000000000001,0.9183673469387754,1,59.65,Average,3,Loyal Customers
381,39,Male,Backpack,Accessories,69,New Hampshire,XL,Beige,Fall,3.0,Yes,Store Pickup,Yes,19,Bank Transfer,Weekly,Adult,7,1380,10,29,Gold,0.6125,0.20000000000000018,0.36734693877551017,1,49.52,Average,1,High-Spending Customers
382,66,Male,Jewelry,Accessories,25,Maine,L,Lavender,Winter,3.4,Yes,Store Pickup,Yes,3,Credit Card,Every 3 Months,Senior,90,100,10,13,Bronze,0.0625,0.3600000000000001,0.04081632653061225,1,20.92,At Risk,0,At-Risk Customers
383,28,Male,Jeans,Clothing,76,California,M,Peach,Winter,3.2,Yes,Store Pickup,Yes,47,PayPal,Quarterly,Young Adult,90,3648,10,57,Premium,0.7000000000000001,0.28000000000000025,0.9387755102040816,1,71.76,Healthy,2,Premium Customers
384,50,Male,Sunglasses,Accessories,77,West Virginia,S,Magenta,Fall,3.8,Yes,Standard,Yes,6,PayPal,Quarterly,Middle-aged,90,539,10,16,Bronze,0.7125,0.52,0.10204081632653061,1,51.96,Average,1,High-Spending Customers
385,70,Male,Sweater,Clothing,33,California,M,Beige,Fall,4.5,Yes,2-Day Shipping,Yes,6,Venmo,Annually,Senior,365,231,10,16,Bronze,0.16250000000000003,0.8,0.10204081632653061,1,35.56,At Risk,0,At-Risk Customers
386,67,Male,Shorts,Clothing,93,West Virginia,S,Yellow,Fall,2.7,Yes,Next Day Air,Yes,12,Credit Card,Bi-Weekly,Senior,14,1209,10,22,Silver,0.9125000000000001,0.08000000000000007,0.22448979591836735,1,54.83,Average,1,High-Spending Customers
387,64,Male,Jewelry,Accessories,39,Louisiana,L,Brown,Spring,3.4,Yes,Express,Yes,40,PayPal,Quarterly,Senior,90,1599,10,50,Gold,0.23750000000000004,0.3600000000000001,0.7959183673469387,1,50.58,Average,3,Loyal Customers
388,45,Male,Coat,Outerwear,93,Georgia,L,Silver,Summer,4.6,Yes,Store Pickup,Yes,38,PayPal,Fortnightly,Middle-aged,14,3627,10,48,Premium,0.9125000000000001,0.8399999999999999,0.7551020408163265,1,85.95,Excellent,2,Premium Customers
389,22,Male,Handbag,Accessories,82,Washington,M,Orange,Summer,2.7,Yes,Store Pickup,Yes,10,PayPal,Quarterly,Young Adult,90,902,10,20,Silver,0.7750000000000001,0.08000000000000007,0.18367346938775508,1,48.11,Average,1,High-Spending Customers
390,27,Male,Boots,Footwear,42,Virginia,L,Purple,Spring,4.2,Yes,Standard,Yes,28,Bank Transfer,Monthly,Young Adult,30,1218,10,38,Silver,0.275,0.6800000000000002,0.5510204081632653,1,51.13,Average,3,Loyal Customers
391,25,Male,Gloves,Accessories,71,Indiana,M,Indigo,Winter,3.2,Yes,2-Day Shipping,Yes,19,PayPal,Annually,Young Adult,365,1420,10,29,Gold,0.6375000000000001,0.28000000000000025,0.36734693877551017,1,52.12,Average,1,High-Spending Customers
392,37,Male,Sweater,Clothing,86,Minnesota,L,Gray,Spring,4.8,Yes,Standard,Yes,25,Cash,Fortnightly,Adult,14,2236,10,35,Gold,0.825,0.9199999999999999,0.4897959183673469,1,76.09,Healthy,2,Premium Customers
393,26,Male,T-shirt,Clothing,82,Idaho,XL,Black,Spring,3.3,Yes,Next Day Air,Yes,38,Credit Card,Annually,Young Adult,365,3198,10,48,Premium,0.7750000000000001,0.32000000000000006,0.7551020408163265,1,70.05,Healthy,2,Premium Customers
394,33,Male,Shoes,Footwear,65,Vermont,L,Maroon,Fall,4.2,Yes,Standard,Yes,6,PayPal,Fortnightly,Adult,14,455,10,16,Bronze,0.5625,0.6800000000000002,0.10204081632653061,1,49.16,Average,1,High-Spending Customers
395,43,Male,Scarf,Accessories,29,North Dakota,M,Beige,Spring,4.8,Yes,Store Pickup,Yes,7,Debit Card,Bi-Weekly,Adult,14,232,10,17,Bronze,0.11250000000000004,0.9199999999999999,0.12244897959183673,1,36.57,At Risk,0,At-Risk Customers
396,37,Male,Sneakers,Footwear,65,Rhode Island,L,Brown,Winter,4.9,Yes,Store Pickup,Yes,2,PayPal,Annually,Adult,365,195,10,12,Bronze,0.5625,0.9600000000000002,0.02040816326530612,1,52.31,Average,1,High-Spending Customers
397,46,Male,Dress,Clothing,88,South Carolina,S,Black,Fall,3.9,Yes,Standard,Yes,24,Bank Transfer,Annually,Middle-aged,365,2200,10,34,Gold,0.8500000000000001,0.56,0.4693877551020408,1,69.28,Healthy,2,Premium Customers
398,22,Male,Belt,Accessories,46,Mississippi,M,Indigo,Fall,3.0,Yes,Free Shipping,Yes,26,Cash,Annually,Young Adult,365,1242,10,36,Silver,0.32500000000000007,0.20000000000000018,0.510204081632653,1,42.31,Average,3,Loyal Customers
399,20,Male,Boots,Footwear,67,Montana,S,Silver,Winter,4.6,Yes,Free Shipping,Yes,25,Debit Card,Every 3 Months,Young Adult,90,1742,10,35,Gold,0.5875,0.8399999999999999,0.4897959183673469,1,64.99,Healthy,1,High-Spending Customers
400,60,Male,Scarf,Accessories,35,Idaho,L,Blue,Fall,3.5,Yes,2-Day Shipping,Yes,10,Debit Card,Monthly,Senior,30,385,10,20,Bronze,0.1875,0.40000000000000013,0.18367346938775508,1,31.01,At Risk,0,At-Risk Customers
401,39,Male,Boots,Footwear,66,Utah,M,Green,Winter,4.8,Yes,Free Shipping,Yes,14,PayPal,Fortnightly,Adult,14,990,10,24,Silver,0.5750000000000001,0.9199999999999999,0.26530612244897955,1,59.36,Average,1,High-Spending Customers
402,43,Male,T-shirt,Clothing,91,Oklahoma,L,Orange,Fall,4.8,Yes,Standard,Yes,21,Cash,Quarterly,Adult,90,2002,10,31,Gold,0.8875,0.9199999999999999,0.4081632653061224,1,76.14,Healthy,2,Premium Customers
403,31,Male,Backpack,Accessories,78,California,L,Cyan,Fall,3.0,Yes,Express,Yes,26,PayPal,Monthly,Young Adult,30,2106,10,36,Gold,0.7250000000000001,0.20000000000000018,0.510204081632653,1,58.31,Average,1,High-Spending Customers
404,19,Male,Sneakers,Footwear,45,Nevada,M,Orange,Winter,4.5,Yes,Next Day Air,Yes,12,Bank Transfer,Annually,Young Adult,365,585,10,22,Bronze,0.3125,0.8,0.22448979591836735,1,45.23,Average,1,High-Spending Customers
405,35,Male,T-shirt,Clothing,93,Delaware,M,Indigo,Spring,4.8,Yes,Store Pickup,Yes,11,Credit Card,Monthly,Adult,30,1116,10,21,Silver,0.9125000000000001,0.9199999999999999,0.2040816326530612,1,71.02,Healthy,1,High-Spending Customers
406,41,Male,Jeans,Clothing,74,South Carolina,S,Silver,Summer,3.8,Yes,Standard,Yes,15,Cash,Annually,Adult,365,1184,10,25,Silver,0.675,0.52,0.28571428571428564,1,55.97,Average,1,High-Spending Customers
407,52,Male,Gloves,Accessories,55,Maryland,M,Peach,Spring,4.6,Yes,Express,Yes,13,Cash,Monthly,Middle-aged,30,770,10,23,Silver,0.4375,0.8399999999999999,0.24489795918367344,1,51.65,Average,1,High-Spending Customers
408,45,Male,Hoodie,Clothing,76,North Carolina,XL,Teal,Spring,3.1,Yes,Next Day Air,Yes,5,Credit Card,Bi-Weekly,Middle-aged,14,456,10,15,Bronze,0.7000000000000001,0.2400000000000002,0.08163265306122448,1,45.25,Average,1,High-Spending Customers
409,34,Male,Sneakers,Footwear,66,Alabama,L,White,Spring,3.4,Yes,Express,Yes,36,Cash,Fortnightly,Adult,14,2442,10,46,Premium,0.5750000000000001,0.3600000000000001,0.7142857142857142,1,61.63,Healthy,2,Premium Customers
410,35,Male,Shorts,Clothing,51,Minnesota,M,Brown,Winter,3.3,Yes,2-Day Shipping,Yes,32,Bank Transfer,Monthly,Adult,30,1683,10,42,Gold,0.38750000000000007,0.32000000000000006,0.6326530612244897,1,50.88,Average,3,Loyal Customers
411,29,Male,Sweater,Clothing,26,Virginia,L,Lavender,Spring,4.8,Yes,2-Day Shipping,Yes,1,Credit Card,Quarterly,Young Adult,90,52,10,11,Bronze,0.07500000000000001,0.9199999999999999,0.0,1,31.4,At Risk,0,At-Risk Customers
412,59,Male,Jeans,Clothing,29,Michigan,M,Indigo,Summer,2.8,Yes,Express,Yes,15,PayPal,Annually,Senior,365,464,10,25,Bronze,0.11250000000000004,0.11999999999999988,0.28571428571428564,1,25.47,At Risk,0,At-Risk Customers
413,24,Male,Jacket,Outerwear,74,Maine,M,Yellow,Summer,3.1,Yes,Store Pickup,Yes,3,Bank Transfer,Weekly,Young Adult,7,296,10,13,Bronze,0.675,0.2400000000000002,0.04081632653061225,1,43.02,Average,1,High-Spending Customers
414,70,Male,Jewelry,Accessories,99,Nevada,S,White,Summer,4.6,Yes,Free Shipping,Yes,48,Cash,Monthly,Senior,30,4851,10,58,Premium,0.9875,0.8399999999999999,0.9591836734693877,1,95.08,Excellent,2,Premium Customers
415,29,Male,Backpack,Accessories,88,Wyoming,L,Violet,Winter,2.6,Yes,Store Pickup,Yes,30,Debit Card,Weekly,Young Adult,7,2728,10,40,Premium,0.8500000000000001,0.040000000000000036,0.5918367346938774,1,62.56,Healthy,2,Premium Customers
416,67,Male,Coat,Outerwear,31,Connecticut,M,Lavender,Winter,2.6,Yes,Express,Yes,40,Bank Transfer,Monthly,Senior,30,1271,10,50,Silver,0.1375,0.040000000000000036,0.7959183673469387,1,40.18,Average,3,Loyal Customers
417,36,Male,Belt,Accessories,55,Oregon,L,Olive,Spring,3.8,Yes,Free Shipping,Yes,24,Bank Transfer,Fortnightly,Adult,14,1375,10,34,Gold,0.4375,0.52,0.4693877551020408,1,51.98,Average,3,Loyal Customers
418,23,Male,Sandals,Footwear,81,Mississippi,L,Beige,Fall,4.5,Yes,Free Shipping,Yes,48,Debit Card,Quarterly,Young Adult,90,3969,10,58,Premium,0.7625,0.8,0.9591836734693877,1,85.28,Excellent,2,Premium Customers
419,18,Male,Sweater,Clothing,73,Illinois,L,Purple,Spring,3.0,Yes,Standard,Yes,27,Venmo,Bi-Weekly,Young Adult,14,2044,10,37,Gold,0.6625000000000001,0.20000000000000018,0.5306122448979591,1,56.42,Average,1,High-Spending Customers
420,53,Male,Shorts,Clothing,91,Utah,S,Teal,Winter,3.7,Yes,Free Shipping,Yes,14,Credit Card,Every 3 Months,Middle-aged,90,1365,10,24,Gold,0.8875,0.4800000000000002,0.26530612244897955,1,63.06,Healthy,1,High-Spending Customers
421,32,Male,Socks,Clothing,54,North Carolina,S,Peach,Spring,3.8,Yes,Free Shipping,Yes,18,Debit Card,Bi-Weekly,Adult,14,1026,10,28,Silver,0.42500000000000004,0.52,0.346938775510204,1,47.81,Average,1,High-Spending Customers
422,38,Male,Shirt,Clothing,40,Kentucky,M,Violet,Winter,3.5,Yes,Standard,Yes,48,Cash,Bi-Weekly,Adult,14,1960,10,58,Gold,0.25,0.40000000000000013,0.9591836734693877,1,56.78,Average,3,Loyal Customers
423,47,Male,Pants,Clothing,59,Minnesota,M,Purple,Fall,3.1,Yes,Store Pickup,Yes,32,Debit Card,Annually,Middle-aged,365,1947,10,42,Gold,0.48750000000000004,0.2400000000000002,0.6326530612244897,1,53.28,Average,3,Loyal Customers
424,46,Male,Scarf,Accessories,26,New York,L,Teal,Spring,3.0,Yes,Store Pickup,Yes,21,Credit Card,Bi-Weekly,Middle-aged,14,572,10,31,Bronze,0.07500000000000001,0.20000000000000018,0.4081632653061224,1,29.24,At Risk,0,At-Risk Customers
425,66,Male,Sweater,Clothing,23,Illinois,M,Gold,Winter,4.3,Yes,Standard,Yes,42,PayPal,Fortnightly,Senior,14,989,10,52,Silver,0.03750000000000003,0.72,0.836734693877551,1,51.0,Average,3,Loyal Customers
426,40,Male,Jeans,Clothing,87,North Dakota,S,Teal,Winter,3.3,Yes,Store Pickup,Yes,4,Credit Card,Quarterly,Adult,90,435,10,14,Bronze,0.8375000000000001,0.32000000000000006,0.061224489795918366,1,51.74,Average,1,High-Spending Customers
427,43,Male,Pants,Clothing,71,Louisiana,M,Violet,Winter,4.7,Yes,Express,Yes,19,Credit Card,Quarterly,Adult,90,1420,10,29,Gold,0.6375000000000001,0.8800000000000001,0.36734693877551017,1,64.12,Healthy,1,High-Spending Customers
428,58,Male,Backpack,Accessories,91,Illinois,L,Black,Winter,4.5,Yes,Store Pickup,Yes,6,Credit Card,Quarterly,Senior,90,637,10,16,Bronze,0.8875,0.8,0.10204081632653061,1,64.56,Healthy,1,High-Spending Customers
429,21,Male,Coat,Outerwear,64,Wyoming,XL,Gold,Winter,2.9,Yes,Free Shipping,Yes,2,Debit Card,Fortnightly,Young Adult,14,192,10,12,Bronze,0.55,0.15999999999999992,0.02040816326530612,1,35.81,At Risk,0,At-Risk Customers
430,42,Male,Sandals,Footwear,94,Washington,M,Gold,Winter,4.1,Yes,2-Day Shipping,Yes,21,Cash,Fortnightly,Adult,14,2068,10,31,Gold,0.925,0.6399999999999999,0.4081632653061224,1,72.04,Healthy,2,Premium Customers
431,24,Male,Shirt,Clothing,40,Texas,M,Brown,Summer,3.5,Yes,Store Pickup,Yes,40,Debit Card,Annually,Young Adult,365,1640,10,50,Gold,0.25,0.40000000000000013,0.7959183673469387,1,51.88,Average,3,Loyal Customers
432,43,Male,Hat,Accessories,76,New Hampshire,L,Cyan,Winter,3.4,Yes,Store Pickup,Yes,33,Cash,Fortnightly,Adult,14,2584,10,43,Premium,0.7000000000000001,0.3600000000000001,0.6530612244897959,1,64.79,Healthy,2,Premium Customers
433,47,Male,Shirt,Clothing,86,Indiana,S,Indigo,Fall,3.3,Yes,Free Shipping,Yes,26,Venmo,Weekly,Middle-aged,7,2322,10,36,Premium,0.825,0.32000000000000006,0.510204081632653,1,64.71,Healthy,2,Premium Customers
434,49,Male,Skirt,Clothing,92,Alabama,M,Orange,Fall,3.2,Yes,Store Pickup,Yes,23,Credit Card,Fortnightly,Middle-aged,14,2208,10,33,Gold,0.9000000000000001,0.28000000000000025,0.44897959183673464,1,65.07,Healthy,2,Premium Customers
435,50,Male,Shoes,Footwear,52,Oklahoma,L,Pink,Spring,4.0,Yes,Store Pickup,Yes,39,PayPal,Every 3 Months,Middle-aged,90,2080,10,49,Gold,0.4,0.6000000000000001,0.7755102040816325,1,61.27,Healthy,3,Loyal Customers
436,51,Male,Coat,Outerwear,28,Montana,XL,Olive,Winter,3.6,Yes,Next Day Air,Yes,42,Bank Transfer,Monthly,Middle-aged,30,1204,10,52,Silver,0.10000000000000003,0.44000000000000017,0.836734693877551,1,47.9,Average,3,Loyal Customers
437,40,Male,Pants,Clothing,46,Tennessee,L,Cyan,Summer,4.6,Yes,Free Shipping,Yes,41,Bank Transfer,Weekly,Adult,7,1932,10,51,Gold,0.32500000000000007,0.8399999999999999,0.8163265306122448,1,64.29,Healthy,3,Loyal Customers
438,45,Male,Jewelry,Accessories,50,New Mexico,M,Peach,Summer,2.6,Yes,Next Day Air,Yes,41,PayPal,Annually,Middle-aged,365,2100,10,51,Gold,0.375,0.040000000000000036,0.8163265306122448,1,50.29,Average,3,Loyal Customers
439,52,Male,Belt,Accessories,23,Iowa,M,Turquoise,Winter,4.3,Yes,Express,Yes,12,Credit Card,Fortnightly,Middle-aged,14,299,10,22,Bronze,0.03750000000000003,0.72,0.22448979591836735,1,32.63,At Risk,0,At-Risk Customers
440,62,Male,Jacket,Outerwear,50,Idaho,M,Turquoise,Summer,3.4,Yes,Free Shipping,Yes,31,Cash,Monthly,Senior,30,1600,10,41,Gold,0.375,0.3600000000000001,0.6122448979591836,1,50.57,Average,3,Loyal Customers
441,20,Male,Shirt,Clothing,89,Oklahoma,XL,Maroon,Winter,3.5,Yes,Store Pickup,Yes,34,Debit Card,Fortnightly,Young Adult,14,3115,10,44,Premium,0.8625,0.40000000000000013,0.673469387755102,1,72.7,Healthy,2,Premium Customers
442,43,Male,Hoodie,Clothing,81,Florida,M,Maroon,Winter,4.2,Yes,Standard,Yes,32,Credit Card,Annually,Adult,365,2673,10,42,Premium,0.7625,0.6800000000000002,0.6326530612244897,1,73.08,Healthy,2,Premium Customers
443,29,Male,Sunglasses,Accessories,69,Michigan,M,Olive,Fall,3.8,Yes,Store Pickup,Yes,31,Credit Card,Quarterly,Young Adult,90,2208,10,41,Gold,0.6125,0.52,0.6122448979591836,1,63.27,Healthy,2,Premium Customers
444,22,Male,Sunglasses,Accessories,67,Hawaii,M,Magenta,Summer,3.6,Yes,Free Shipping,Yes,24,PayPal,Annually,Young Adult,365,1675,10,34,Gold,0.5875,0.44000000000000017,0.4693877551020408,1,56.38,Average,1,High-Spending Customers
445,48,Male,Dress,Clothing,20,California,M,Red,Summer,4.3,Yes,Store Pickup,Yes,31,Debit Card,Annually,Middle-aged,365,640,10,41,Bronze,0.0,0.72,0.6122448979591836,1,42.77,Average,3,Loyal Customers
446,42,Male,Boots,Footwear,29,Iowa,M,Olive,Fall,4.9,Yes,Standard,Yes,18,Venmo,Annually,Adult,365,551,10,28,Bronze,0.11250000000000004,0.9600000000000002,0.346938775510204,1,44.11,Average,0,At-Risk Customers
447,19,Male,Shirt,Clothing,74,West Virginia,M,Silver,Summer,4.1,Yes,Store Pickup,Yes,15,Venmo,Monthly,Young Adult,30,1184,10,25,Silver,0.675,0.6399999999999999,0.28571428571428564,1,58.37,Average,1,High-Spending Customers
448,60,Male,Shorts,Clothing,82,Washington,S,Turquoise,Spring,3.6,Yes,Standard,Yes,7,Bank Transfer,Every 3 Months,Senior,90,656,10,17,Bronze,0.7750000000000001,0.44000000000000017,0.12244897959183673,1,53.47,Average,1,High-Spending Customers
449,32,Male,Gloves,Accessories,23,Missouri,M,Yellow,Summer,3.4,Yes,Next Day Air,Yes,35,Bank Transfer,Fortnightly,Adult,14,828,10,45,Silver,0.03750000000000003,0.3600000000000001,0.693877551020408,1,39.52,At Risk,3,Loyal Customers
450,26,Male,Jewelry,Accessories,45,New York,L,Peach,Summer,2.9,Yes,2-Day Shipping,Yes,35,Bank Transfer,Monthly,Young Adult,30,1620,10,45,Gold,0.3125,0.15999999999999992,0.693877551020408,1,46.52,Average,3,Loyal Customers
451,25,Male,Boots,Footwear,21,Connecticut,L,Beige,Summer,2.7,Yes,Store Pickup,Yes,19,Credit Card,Monthly,Young Adult,30,420,10,29,Bronze,0.012500000000000011,0.08000000000000007,0.36734693877551017,1,23.12,At Risk,0,At-Risk Customers
452,66,Male,Jewelry,Accessories,31,Virginia,M,Pink,Summer,4.3,Yes,Express,Yes,26,Credit Card,Fortnightly,Senior,14,837,10,36,Silver,0.1375,0.72,0.510204081632653,1,45.21,Average,3,Loyal Customers
453,45,Male,Pants,Clothing,45,Missouri,M,Violet,Summer,3.7,Yes,Express,Yes,39,PayPal,Fortnightly,Middle-aged,14,1800,10,49,Gold,0.3125,0.4800000000000002,0.7755102040816325,1,55.37,Average,3,Loyal Customers
454,54,Male,Jewelry,Accessories,56,Nebraska,XL,Peach,Winter,2.8,Yes,Next Day Air,Yes,22,Credit Card,Weekly,Middle-aged,7,1288,10,32,Silver,0.45000000000000007,0.11999999999999988,0.4285714285714285,1,43.26,Average,3,Loyal Customers
455,37,Male,Jacket,Outerwear,97,New Jersey,S,Gold,Summer,3.2,Yes,Next Day Air,Yes,14,Cash,Bi-Weekly,Adult,14,1455,10,24,Gold,0.9625000000000001,0.28000000000000025,0.26530612244897955,1,62.06,Healthy,1,High-Spending Customers
456,54,Male,Blouse,Clothing,100,Utah,XL,Gold,Fall,3.6,Yes,Store Pickup,Yes,50,Debit Card,Fortnightly,Middle-aged,14,5100,10,60,Premium,1.0,0.44000000000000017,1.0,1,88.8,Excellent,2,Premium Customers
457,50,Male,Blouse,Clothing,96,North Carolina,S,Indigo,Fall,4.0,Yes,2-Day Shipping,Yes,33,Credit Card,Quarterly,Middle-aged,90,3264,10,43,Premium,0.9500000000000002,0.6000000000000001,0.6530612244897959,1,79.59,Healthy,2,Premium Customers
458,25,Male,Gloves,Accessories,99,Rhode Island,M,Blue,Spring,4.9,Yes,Next Day Air,Yes,48,Debit Card,Every 3 Months,Young Adult,90,4851,10,58,Premium,0.9875,0.9600000000000002,0.9591836734693877,1,97.48,Excellent,2,Premium Customers
459,47,Male,Shorts,Clothing,91,Arkansas,L,Black,Winter,4.0,Yes,2-Day Shipping,Yes,48,PayPal,Monthly,Middle-aged,30,4459,10,58,Premium,0.8875,0.6000000000000001,0.9591836734693877,1,86.28,Excellent,2,Premium Customers
460,63,Male,Hat,Accessories,30,Maryland,L,Black,Winter,3.8,Yes,Standard,Yes,27,PayPal,Fortnightly,Senior,14,840,10,37,Silver,0.125,0.52,0.5306122448979591,1,41.32,Average,3,Loyal Customers
461,64,Male,Shoes,Footwear,65,South Carolina,L,Teal,Summer,3.8,Yes,Store Pickup,Yes,27,Bank Transfer,Weekly,Senior,7,1820,10,37,Gold,0.5625,0.52,0.5306122448979591,1,58.82,Average,1,High-Spending Customers
462,18,Male,Boots,Footwear,93,Ohio,M,Yellow,Winter,3.9,Yes,Express,Yes,20,Venmo,Weekly,Young Adult,7,1953,10,30,Gold,0.9125000000000001,0.56,0.38775510204081626,1,69.33,Healthy,1,High-Spending Customers
463,59,Male,Jacket,Outerwear,81,Illinois,M,White,Fall,3.3,Yes,Express,Yes,48,Venmo,Every 3 Months,Senior,90,3969,10,58,Premium,0.7625,0.32000000000000006,0.9591836734693877,1,75.68,Healthy,2,Premium Customers
464,37,Male,Jewelry,Accessories,81,Georgia,S,Orange,Summer,2.7,Yes,Standard,Yes,29,Venmo,Weekly,Adult,7,2430,10,39,Premium,0.7625,0.08000000000000007,0.5714285714285714,1,59.24,Average,2,Premium Customers
465,23,Male,Sunglasses,Accessories,52,Alabama,M,Silver,Winter,4.7,Yes,Next Day Air,Yes,45,PayPal,Monthly,Young Adult,30,2392,10,55,Premium,0.4,0.8800000000000001,0.8979591836734693,1,70.54,Healthy,2,Premium Customers
466,54,Male,Skirt,Clothing,88,Oklahoma,M,Pink,Summer,2.8,Yes,Next Day Air,Yes,25,Cash,Quarterly,Middle-aged,90,2288,10,35,Premium,0.8500000000000001,0.11999999999999988,0.4897959183673469,1,61.09,Healthy,2,Premium Customers
467,38,Male,Jeans,Clothing,24,Vermont,L,Turquoise,Winter,4.6,Yes,Free Shipping,Yes,25,PayPal,Weekly,Adult,7,624,10,35,Bronze,0.050000000000000044,0.8399999999999999,0.4897959183673469,1,43.49,Average,3,Loyal Customers
468,19,Male,Backpack,Accessories,51,Nebraska,S,Orange,Spring,4.5,Yes,2-Day Shipping,Yes,37,Debit Card,Every 3 Months,Young Adult,90,1938,10,47,Gold,0.38750000000000007,0.8,0.7346938775510203,1,63.54,Healthy,3,Loyal Customers
469,34,Male,Backpack,Accessories,38,Georgia,S,Peach,Fall,5.0,Yes,Free Shipping,Yes,16,Cash,Quarterly,Adult,90,646,10,26,Bronze,0.22500000000000003,1.0,0.3061224489795918,1,48.18,Average,1,High-Spending Customers
470,21,Male,Shorts,Clothing,46,Alabama,L,Pink,Fall,4.1,Yes,2-Day Shipping,Yes,30,Debit Card,Bi-Weekly,Young Adult,14,1426,10,40,Gold,0.32500000000000007,0.6399999999999999,0.5918367346938774,1,53.56,Average,3,Loyal Customers
471,50,Male,Dress,Clothing,63,Minnesota,L,Teal,Summer,4.6,Yes,Express,Yes,6,Cash,Every 3 Months,Middle-aged,90,441,10,16,Bronze,0.5375000000000001,0.8399999999999999,0.10204081632653061,1,51.36,Average,1,High-Spending Customers
472,55,Male,Scarf,Accessories,72,Missouri,XL,White,Winter,4.9,Yes,2-Day Shipping,Yes,36,Bank Transfer,Quarterly,Middle-aged,90,2664,10,46,Premium,0.65,0.9600000000000002,0.7142857142857142,1,76.63,Healthy,2,Premium Customers
473,20,Male,Jeans,Clothing,39,Georgia,L,Gray,Winter,3.9,Yes,Free Shipping,Yes,3,Bank Transfer,Quarterly,Young Adult,90,156,10,13,Bronze,0.23750000000000004,0.56,0.04081632653061225,1,31.92,At Risk,0,At-Risk Customers
474,34,Male,Coat,Outerwear,42,West Virginia,L,Olive,Spring,3.9,Yes,Store Pickup,Yes,29,PayPal,Every 3 Months,Adult,90,1260,10,39,Silver,0.275,0.56,0.5714285714285714,1,49.34,Average,3,Loyal Customers
475,62,Male,Sweater,Clothing,76,Arkansas,XL,Maroon,Summer,2.6,Yes,2-Day Shipping,Yes,15,Cash,Quarterly,Senior,90,1216,10,25,Silver,0.7000000000000001,0.040000000000000036,0.28571428571428564,1,47.37,Average,1,High-Spending Customers
476,21,Male,Sneakers,Footwear,66,Ohio,L,Magenta,Summer,2.7,Yes,Free Shipping,Yes,18,Debit Card,Annually,Young Adult,365,1254,10,28,Silver,0.5750000000000001,0.08000000000000007,0.346938775510204,1,45.01,Average,1,High-Spending Customers
477,21,Male,Scarf,Accessories,90,Connecticut,M,Magenta,Spring,3.5,Yes,Free Shipping,Yes,2,Debit Card,Fortnightly,Young Adult,14,270,10,12,Bronze,0.875,0.40000000000000013,0.02040816326530612,1,53.61,Average,1,High-Spending Customers
478,42,Male,Sweater,Clothing,56,North Dakota,M,Green,Summer,3.7,Yes,Free Shipping,Yes,49,Debit Card,Weekly,Adult,7,2800,10,59,Premium,0.45000000000000007,0.4800000000000002,0.9795918367346937,1,66.99,Healthy,2,Premium Customers
479,35,Male,Jewelry,Accessories,43,Kansas,XL,Turquoise,Winter,3.2,Yes,Free Shipping,Yes,48,Venmo,Annually,Adult,365,2107,10,58,Gold,0.2875,0.28000000000000025,0.9591836734693877,1,55.88,Average,3,Loyal Customers
480,39,Male,Handbag,Accessories,84,Iowa,L,Yellow,Winter,3.3,Yes,Store Pickup,Yes,43,Venmo,Monthly,Adult,30,3696,10,53,Premium,0.8,0.32000000000000006,0.8571428571428571,1,74.11,Healthy,2,Premium Customers
481,68,Male,Hoodie,Clothing,88,Vermont,M,Gray,Summer,4.8,Yes,Standard,Yes,30,Debit Card,Bi-Weekly,Senior,14,2728,10,40,Premium,0.8500000000000001,0.9199999999999999,0.5918367346938774,1,80.16,Excellent,2,Premium Customers
482,46,Male,Hat,Accessories,88,Wisconsin,L,Peach,Fall,3.2,Yes,2-Day Shipping,Yes,10,PayPal,Fortnightly,Middle-aged,14,968,10,20,Silver,0.8500000000000001,0.28000000000000025,0.18367346938775508,1,55.11,Average,1,High-Spending Customers
483,41,Male,Belt,Accessories,42,Connecticut,M,Yellow,Winter,2.5,Yes,2-Day Shipping,Yes,11,Venmo,Annually,Adult,365,504,10,21,Bronze,0.275,0.0,0.2040816326530612,1,27.12,At Risk,0,At-Risk Customers
484,23,Male,Hoodie,Clothing,73,Oklahoma,M,White,Fall,3.9,Yes,Store Pickup,Yes,12,Debit Card,Weekly,Young Adult,7,949,10,22,Silver,0.6625000000000001,0.56,0.22448979591836735,1,54.43,Average,1,High-Spending Customers
485,68,Male,Hat,Accessories,73,Missouri,L,Lavender,Summer,4.7,Yes,Free Shipping,Yes,28,Bank Transfer,Quarterly,Senior,90,2117,10,38,Gold,0.6625000000000001,0.8800000000000001,0.5510204081632653,1,70.63,Healthy,2,Premium Customers
486,48,Male,Shoes,Footwear,44,Tennessee,S,Blue,Spring,2.6,Yes,Next Day Air,Yes,36,Debit Card,Fortnightly,Middle-aged,14,1628,10,46,Gold,0.30000000000000004,0.040000000000000036,0.7142857142857142,1,44.23,Average,3,Loyal Customers
487,38,Male,Sandals,Footwear,63,New Mexico,M,Charcoal,Fall,2.8,Yes,Store Pickup,Yes,37,Venmo,Every 3 Months,Adult,90,2394,10,47,Premium,0.5375000000000001,0.11999999999999988,0.7346938775510203,1,55.94,Average,3,Loyal Customers
488,41,Male,Jacket,Outerwear,68,Iowa,L,Red,Winter,4.4,Yes,Store Pickup,Yes,22,Credit Card,Quarterly,Adult,90,1564,10,32,Gold,0.6000000000000001,0.7600000000000002,0.4285714285714285,1,62.06,Healthy,1,High-Spending Customers
489,58,Male,Sweater,Clothing,29,Maine,L,Olive,Spring,4.6,Yes,Standard,Yes,32,Venmo,Weekly,Senior,7,957,10,42,Silver,0.11250000000000004,0.8399999999999999,0.6326530612244897,1,50.28,Average,3,Loyal Customers
490,49,Male,Socks,Clothing,85,South Dakota,M,Green,Summer,3.2,Yes,Standard,Yes,40,PayPal,Annually,Middle-aged,365,3485,10,50,Premium,0.8125,0.28000000000000025,0.7959183673469387,1,71.98,Healthy,2,Premium Customers
491,57,Male,Sneakers,Footwear,42,Colorado,M,Silver,Winter,4.2,Yes,2-Day Shipping,Yes,47,Cash,Monthly,Middle-aged,30,2016,10,57,Gold,0.275,0.6800000000000002,0.9387755102040816,1,62.76,Healthy,3,Loyal Customers
492,49,Male,Coat,Outerwear,69,Vermont,M,Silver,Summer,3.8,Yes,2-Day Shipping,Yes,24,Credit Card,Bi-Weekly,Middle-aged,14,1725,10,34,Gold,0.6125,0.52,0.4693877551020408,1,58.98,Average,1,High-Spending Customers
493,50,Male,Shirt,Clothing,62,Michigan,M,Black,Fall,3.9,Yes,Standard,Yes,11,Debit Card,Weekly,Middle-aged,7,744,10,21,Silver,0.525,0.56,0.2040816326530612,1,48.32,Average,1,High-Spending Customers
494,28,Male,Backpack,Accessories,48,Nevada,XL,Red,Summer,4.7,Yes,Store Pickup,Yes,19,Cash,Bi-Weekly,Young Adult,14,960,10,29,Silver,0.3500000000000001,0.8800000000000001,0.36734693877551017,1,52.62,Average,1,High-Spending Customers
495,38,Male,Boots,Footwear,68,Indiana,M,Indigo,Winter,4.5,Yes,Express,Yes,42,Debit Card,Weekly,Adult,7,2924,10,52,Premium,0.6000000000000001,0.8,0.836734693877551,1,75.1,Healthy,2,Premium Customers
496,33,Male,Handbag,Accessories,36,Michigan,XL,Cyan,Fall,3.3,Yes,Free Shipping,Yes,6,Debit Card,Fortnightly,Adult,14,252,10,16,Bronze,0.2,0.32000000000000006,0.10204081632653061,1,27.46,At Risk,0,At-Risk Customers
497,30,Male,Dress,Clothing,63,California,S,Maroon,Fall,3.3,Yes,Express,Yes,31,Venmo,Fortnightly,Young Adult,14,2016,10,41,Gold,0.5375000000000001,0.32000000000000006,0.6122448979591836,1,56.27,Average,3,Loyal Customers
498,43,Male,Sneakers,Footwear,39,Oklahoma,S,Silver,Winter,4.6,Yes,Free Shipping,Yes,31,Cash,Weekly,Adult,7,1248,10,41,Silver,0.23750000000000004,0.8399999999999999,0.6122448979591836,1,54.67,Average,3,Loyal Customers
499,43,Male,Boots,Footwear,78,Iowa,M,Lavender,Spring,3.6,Yes,Free Shipping,Yes,27,Bank Transfer,Monthly,Adult,30,2184,10,37,Gold,0.7250000000000001,0.44000000000000017,0.5306122448979591,1,63.72,Healthy,2,Premium Customers
500,36,Male,Shoes,Footwear,99,Rhode Island,L,Silver,Winter,4.8,Yes,Express,Yes,24,PayPal,Monthly,Adult,30,2475,10,34,Premium,0.9875,0.9199999999999999,0.4693877551020408,1,81.98,Excellent,2,Premium Customers
501,36,Male,T-shirt,Clothing,31,Washington,L,Purple,Fall,4.8,Yes,Next Day Air,Yes,35,Venmo,Every 3 Months,Adult,90,1116,10,45,Silver,0.1375,0.9199999999999999,0.693877551020408,1,54.72,Average,3,Loyal Customers
502,64,Male,Boots,Footwear,45,Florida,M,Cyan,Spring,2.9,Yes,Next Day Air,Yes,21,Venmo,Annually,Senior,365,990,10,31,Silver,0.3125,0.15999999999999992,0.4081632653061224,1,37.94,At Risk,0,At-Risk Customers
503,59,Male,Pants,Clothing,30,South Carolina,S,Cyan,Fall,2.8,Yes,Express,Yes,8,PayPal,Fortnightly,Senior,14,270,10,18,Bronze,0.125,0.11999999999999988,0.14285714285714285,1,21.69,At Risk,0,At-Risk Customers
504,55,Male,Shoes,Footwear,24,West Virginia,M,Lavender,Summer,3.2,Yes,Next Day Air,Yes,26,Bank Transfer,Quarterly,Middle-aged,90,648,10,36,Bronze,0.050000000000000044,0.28000000000000025,0.510204081632653,1,32.91,At Risk,0,At-Risk Customers
505,42,Male,Shoes,Footwear,22,Missouri,M,Maroon,Winter,3.9,Yes,Free Shipping,Yes,26,PayPal,Annually,Adult,365,594,10,36,Bronze,0.025000000000000022,0.56,0.510204081632653,1,37.51,At Risk,0,At-Risk Customers
506,61,Male,T-shirt,Clothing,63,Maine,L,Gray,Spring,4.3,Yes,Express,Yes,9,Cash,Bi-Weekly,Senior,14,630,10,19,Bronze,0.5375000000000001,0.72,0.16326530612244897,1,50.8,Average,1,High-Spending Customers
507,28,Male,Scarf,Accessories,40,Georgia,M,Olive,Fall,2.7,Yes,2-Day Shipping,Yes,48,Debit Card,Annually,Young Adult,365,1960,10,58,Gold,0.25,0.08000000000000007,0.9591836734693877,1,50.38,Average,3,Loyal Customers
508,65,Male,Shorts,Clothing,20,Maine,M,Magenta,Spring,5.0,Yes,Store Pickup,Yes,33,Debit Card,Fortnightly,Senior,14,680,10,43,Silver,0.0,1.0,0.6530612244897959,1,49.59,Average,3,Loyal Customers
509,27,Male,Jewelry,Accessories,20,Illinois,S,Yellow,Winter,3.7,Yes,Store Pickup,Yes,31,PayPal,Quarterly,Young Adult,90,640,10,41,Bronze,0.0,0.4800000000000002,0.6122448979591836,1,37.97,At Risk,3,Loyal Customers
510,41,Male,T-shirt,Clothing,80,Delaware,L,Cyan,Summer,3.9,Yes,Free Shipping,Yes,17,Debit Card,Weekly,Adult,7,1440,10,27,Gold,0.75,0.56,0.32653061224489793,1,61.0,Healthy,1,High-Spending Customers
511,21,Male,Shirt,Clothing,87,West Virginia,M,Teal,Fall,3.9,Yes,2-Day Shipping,Yes,22,Venmo,Annually,Young Adult,365,2001,10,32,Gold,0.8375000000000001,0.56,0.4285714285714285,1,67.56,Healthy,1,High-Spending Customers
512,61,Male,Shirt,Clothing,46,Hawaii,L,Yellow,Fall,3.1,Yes,Free Shipping,Yes,8,PayPal,Annually,Senior,365,414,10,18,Bronze,0.32500000000000007,0.2400000000000002,0.14285714285714285,1,32.09,At Risk,0,At-Risk Customers
513,19,Male,Gloves,Accessories,49,New York,L,Peach,Winter,3.8,Yes,Next Day Air,Yes,2,Bank Transfer,Monthly,Young Adult,30,147,10,12,Bronze,0.36250000000000004,0.52,0.02040816326530612,1,35.51,At Risk,0,At-Risk Customers
514,22,Male,Scarf,Accessories,65,New Mexico,M,Peach,Fall,3.6,Yes,Store Pickup,Yes,45,Venmo,Annually,Young Adult,365,2990,10,55,Premium,0.5625,0.44000000000000017,0.8979591836734693,1,68.24,Healthy,2,Premium Customers
515,64,Male,Skirt,Clothing,62,Indiana,S,Olive,Winter,4.3,Yes,Standard,Yes,47,PayPal,Quarterly,Senior,90,2976,10,57,Premium,0.525,0.72,0.9387755102040816,1,73.56,Healthy,2,Premium Customers
516,28,Male,Hat,Accessories,67,Kentucky,L,Charcoal,Spring,4.5,Yes,Next Day Air,Yes,7,Cash,Monthly,Young Adult,30,536,10,17,Bronze,0.5875,0.8,0.12244897959183673,1,53.17,Average,1,High-Spending Customers
517,34,Male,Hoodie,Clothing,41,West Virginia,L,Indigo,Fall,2.8,Yes,2-Day Shipping,Yes,19,Debit Card,Bi-Weekly,Adult,14,820,10,29,Silver,0.26250000000000007,0.11999999999999988,0.36734693877551017,1,33.92,At Risk,0,At-Risk Customers
518,61,Male,Boots,Footwear,49,North Dakota,L,Silver,Fall,2.7,Yes,Free Shipping,Yes,44,Cash,Every 3 Months,Senior,90,2205,10,54,Gold,0.36250000000000004,0.08000000000000007,0.8775510204081631,1,52.43,Average,3,Loyal Customers
519,24,Male,Blouse,Clothing,100,Oregon,M,Beige,Fall,2.9,Yes,Next Day Air,Yes,16,Venmo,Every 3 Months,Young Adult,90,1700,10,26,Gold,1.0,0.15999999999999992,0.3061224489795918,1,62.38,Healthy,1,High-Spending Customers
520,19,Male,Belt,Accessories,54,Minnesota,L,Blue,Summer,4.4,Yes,2-Day Shipping,Yes,17,Bank Transfer,Quarterly,Young Adult,90,972,10,27,Silver,0.42500000000000004,0.7600000000000002,0.32653061224489793,1,52.0,Average,1,High-Spending Customers
521,51,Male,Sunglasses,Accessories,84,South Carolina,M,White,Spring,3.9,Yes,Free Shipping,Yes,20,Debit Card,Quarterly,Middle-aged,90,1764,10,30,Gold,0.8,0.56,0.38775510204081626,1,64.83,Healthy,1,High-Spending Customers
522,36,Male,Shorts,Clothing,41,Vermont,L,Gold,Winter,3.5,Yes,Standard,Yes,50,Bank Transfer,Annually,Adult,365,2091,10,60,Gold,0.26250000000000007,0.40000000000000013,1.0,1,58.5,Average,3,Loyal Customers
523,65,Male,Gloves,Accessories,88,Minnesota,M,Blue,Spring,2.5,Yes,Store Pickup,Yes,37,Cash,Quarterly,Senior,90,3344,10,47,Premium,0.8500000000000001,0.0,0.7346938775510203,1,66.04,Healthy,2,Premium Customers
524,46,Male,Sandals,Footwear,40,Delaware,M,Orange,Spring,4.9,Yes,Express,Yes,5,PayPal,Quarterly,Middle-aged,90,240,10,15,Bronze,0.25,0.9600000000000002,0.08163265306122448,1,41.65,Average,0,At-Risk Customers
525,59,Male,Shirt,Clothing,39,Pennsylvania,M,Gold,Summer,4.8,Yes,Free Shipping,Yes,44,PayPal,Annually,Senior,365,1755,10,54,Gold,0.23750000000000004,0.9199999999999999,0.8775510204081631,1,64.23,Healthy,3,Loyal Customers
526,51,Male,Coat,Outerwear,37,Iowa,M,Cyan,Spring,3.2,Yes,Next Day Air,Yes,41,Debit Card,Monthly,Middle-aged,30,1554,10,51,Gold,0.21250000000000002,0.28000000000000025,0.8163265306122448,1,48.59,Average,3,Loyal Customers
527,51,Male,Pants,Clothing,52,New Jersey,S,Red,Winter,4.9,Yes,Standard,Yes,19,Cash,Monthly,Middle-aged,30,1040,10,29,Silver,0.4,0.9600000000000002,0.36734693877551017,1,56.22,Average,1,High-Spending Customers
528,21,Male,T-shirt,Clothing,23,South Carolina,L,Yellow,Winter,4.3,Yes,Next Day Air,Yes,47,Bank Transfer,Every 3 Months,Young Adult,90,1104,10,57,Silver,0.03750000000000003,0.72,0.9387755102040816,1,54.06,Average,3,Loyal Customers
529,34,Male,Sneakers,Footwear,88,Maryland,S,Beige,Winter,3.2,Yes,Express,Yes,40,Cash,Annually,Adult,365,3608,10,50,Premium,0.8500000000000001,0.28000000000000025,0.7959183673469387,1,73.48,Healthy,2,Premium Customers
530,32,Male,Shorts,Clothing,84,California,M,Orange,Fall,3.7,Yes,Standard,Yes,6,Credit Card,Monthly,Adult,30,588,10,16,Bronze,0.8,0.4800000000000002,0.10204081632653061,1,54.66,Average,1,High-Spending Customers
531,48,Male,Coat,Outerwear,37,Montana,XL,Magenta,Winter,3.2,Yes,Store Pickup,Yes,25,Credit Card,Bi-Weekly,Middle-aged,14,962,10,35,Silver,0.21250000000000002,0.28000000000000025,0.4897959183673469,1,38.79,At Risk,3,Loyal Customers
532,50,Male,Sandals,Footwear,51,Vermont,L,Purple,Fall,3.4,Yes,Next Day Air,Yes,42,Cash,Weekly,Middle-aged,7,2193,10,52,Gold,0.38750000000000007,0.3600000000000001,0.836734693877551,1,57.8,Average,3,Loyal Customers
533,26,Male,Pants,Clothing,76,Texas,L,Black,Winter,4.1,Yes,Express,Yes,35,Bank Transfer,Every 3 Months,Young Adult,90,2736,10,45,Premium,0.7000000000000001,0.6399999999999999,0.693877551020408,1,71.62,Healthy,2,Premium Customers
534,57,Male,Sandals,Footwear,60,North Carolina,L,Pink,Spring,4.5,Yes,Next Day Air,Yes,17,Debit Card,Weekly,Middle-aged,7,1080,10,27,Silver,0.5,0.8,0.32653061224489793,1,55.8,Average,1,High-Spending Customers
535,65,Male,Gloves,Accessories,72,Florida,L,Pink,Fall,4.5,Yes,Next Day Air,Yes,4,PayPal,Quarterly,Senior,90,360,10,14,Bronze,0.65,0.8,0.061224489795918366,1,53.84,Average,1,High-Spending Customers
536,56,Male,T-shirt,Clothing,45,West Virginia,L,Maroon,Spring,3.2,Yes,Free Shipping,Yes,24,Bank Transfer,Weekly,Middle-aged,7,1125,10,34,Silver,0.3125,0.28000000000000025,0.4693877551020408,1,42.18,Average,3,Loyal Customers
537,44,Male,Jacket,Outerwear,84,Illinois,S,Maroon,Fall,4.4,Yes,Store Pickup,Yes,16,Debit Card,Every 3 Months,Adult,90,1428,10,26,Gold,0.8,0.7600000000000002,0.3061224489795918,1,66.38,Healthy,1,High-Spending Customers
538,50,Male,Blouse,Clothing,49,Virginia,S,Turquoise,Summer,3.0,Yes,Store Pickup,Yes,14,Debit Card,Annually,Middle-aged,365,735,10,24,Silver,0.36250000000000004,0.20000000000000018,0.26530612244897955,1,36.46,At Risk,0,At-Risk Customers
539,27,Male,Socks,Clothing,22,Virginia,XL,Green,Spring,3.2,Yes,Free Shipping,Yes,43,Cash,Weekly,Young Adult,7,968,10,53,Silver,0.025000000000000022,0.28000000000000025,0.8571428571428571,1,42.31,Average,3,Loyal Customers
540,49,Male,Coat,Outerwear,48,Wyoming,M,Violet,Winter,4.0,Yes,Store Pickup,Yes,49,Debit Card,Weekly,Middle-aged,7,2400,10,59,Premium,0.3500000000000001,0.6000000000000001,0.9795918367346937,1,65.39,Healthy,3,Loyal Customers
541,49,Male,Dress,Clothing,37,South Carolina,M,Lavender,Spring,3.1,Yes,Next Day Air,Yes,33,Cash,Every 3 Months,Middle-aged,90,1258,10,43,Silver,0.21250000000000002,0.2400000000000002,0.6530612244897959,1,42.89,Average,3,Loyal Customers
542,52,Male,Jacket,Outerwear,27,Connecticut,L,Gray,Fall,2.8,Yes,Next Day Air,Yes,45,Cash,Bi-Weekly,Middle-aged,14,1242,10,55,Silver,0.08750000000000002,0.11999999999999988,0.8979591836734693,1,42.84,Average,3,Loyal Customers
543,27,Male,Boots,Footwear,79,Illinois,XL,Teal,Spring,4.6,Yes,Next Day Air,Yes,35,Cash,Bi-Weekly,Young Adult,14,2844,10,45,Premium,0.7375,0.8399999999999999,0.693877551020408,1,77.12,Healthy,2,Premium Customers
544,53,Male,Skirt,Clothing,98,Alabama,S,Red,Spring,4.3,Yes,Express,Yes,11,Credit Card,Monthly,Middle-aged,30,1176,10,21,Silver,0.9750000000000001,0.72,0.2040816326530612,1,69.52,Healthy,1,High-Spending Customers
545,34,Male,Sandals,Footwear,64,Washington,S,Yellow,Summer,3.3,Yes,Standard,Yes,30,Bank Transfer,Every 3 Months,Adult,90,1984,10,40,Gold,0.55,0.32000000000000006,0.5918367346938774,1,56.16,Average,3,Loyal Customers
546,33,Male,Coat,Outerwear,32,Alabama,L,Magenta,Summer,3.5,Yes,2-Day Shipping,Yes,48,Debit Card,Annually,Adult,365,1568,10,58,Gold,0.15000000000000002,0.40000000000000013,0.9591836734693877,1,52.78,Average,3,Loyal Customers
547,62,Male,Hoodie,Clothing,74,New Mexico,M,Brown,Winter,3.4,Yes,Free Shipping,Yes,45,Venmo,Bi-Weekly,Senior,14,3404,10,55,Premium,0.675,0.3600000000000001,0.8979591836734693,1,71.14,Healthy,2,Premium Customers
548,38,Male,Jacket,Outerwear,50,Nevada,M,Blue,Winter,2.8,Yes,Free Shipping,Yes,26,Venmo,Weekly,Adult,7,1350,10,36,Gold,0.375,0.11999999999999988,0.510204081632653,1,42.71,Average,3,Loyal Customers
549,36,Male,Backpack,Accessories,64,Nebraska,M,Black,Winter,4.6,Yes,Store Pickup,Yes,41,Debit Card,Every 3 Months,Adult,90,2688,10,51,Premium,0.55,0.8399999999999999,0.8163265306122448,1,73.29,Healthy,2,Premium Customers
550,31,Male,Backpack,Accessories,29,Arizona,S,Olive,Fall,3.6,Yes,Express,Yes,37,Venmo,Bi-Weekly,Young Adult,14,1102,10,47,Silver,0.11250000000000004,0.44000000000000017,0.7346938775510203,1,45.34,Average,3,Loyal Customers
551,62,Male,Belt,Accessories,62,Georgia,M,Olive,Summer,3.3,Yes,Store Pickup,Yes,12,PayPal,Weekly,Senior,7,806,10,22,Silver,0.525,0.32000000000000006,0.22448979591836735,1,44.13,Average,1,High-Spending Customers
552,29,Male,Coat,Outerwear,78,Idaho,XL,Green,Fall,3.1,Yes,2-Day Shipping,Yes,27,Cash,Bi-Weekly,Young Adult,14,2184,10,37,Gold,0.7250000000000001,0.2400000000000002,0.5306122448979591,1,59.72,Average,2,Premium Customers
553,24,Male,T-shirt,Clothing,94,Missouri,M,Peach,Fall,3.5,Yes,Express,Yes,18,Bank Transfer,Weekly,Young Adult,7,1786,10,28,Gold,0.925,0.40000000000000013,0.346938775510204,1,65.41,Healthy,1,High-Spending Customers
554,63,Male,Sunglasses,Accessories,59,Florida,M,White,Winter,3.2,Yes,Express,Yes,15,Credit Card,Quarterly,Senior,90,944,10,25,Silver,0.48750000000000004,0.28000000000000025,0.28571428571428564,1,43.67,Average,1,High-Spending Customers
555,56,Male,Sneakers,Footwear,47,Minnesota,M,Red,Summer,3.0,Yes,Express,Yes,34,Bank Transfer,Weekly,Middle-aged,7,1645,10,44,Gold,0.3375,0.20000000000000018,0.673469387755102,1,47.7,Average,3,Loyal Customers
556,63,Male,Gloves,Accessories,57,Maine,M,White,Fall,4.8,Yes,Express,Yes,37,Venmo,Annually,Senior,365,2166,10,47,Gold,0.4625,0.9199999999999999,0.7346938775510203,1,68.94,Healthy,2,Premium Customers
557,40,Male,Coat,Outerwear,90,Montana,L,Indigo,Winter,5.0,Yes,Store Pickup,Yes,21,Cash,Fortnightly,Adult,14,1980,10,31,Gold,0.875,1.0,0.4081632653061224,1,77.24,Healthy,2,Premium Customers
558,18,Male,Shirt,Clothing,60,Alaska,M,White,Spring,2.9,Yes,Free Shipping,Yes,31,Debit Card,Weekly,Young Adult,7,1920,10,41,Gold,0.5,0.15999999999999992,0.6122448979591836,1,51.57,Average,3,Loyal Customers
559,50,Male,Sneakers,Footwear,77,Iowa,L,Teal,Fall,3.2,Yes,Express,Yes,43,Debit Card,Every 3 Months,Middle-aged,90,3388,10,53,Premium,0.7125,0.28000000000000025,0.8571428571428571,1,69.81,Healthy,2,Premium Customers
560,66,Male,Scarf,Accessories,41,Arizona,M,Indigo,Fall,2.9,Yes,Store Pickup,Yes,22,Bank Transfer,Monthly,Senior,30,943,10,32,Silver,0.26250000000000007,0.15999999999999992,0.4285714285714285,1,36.56,At Risk,0,At-Risk Customers
561,25,Male,Jewelry,Accessories,48,Louisiana,L,Red,Fall,3.8,Yes,Free Shipping,Yes,12,Debit Card,Annually,Young Adult,365,624,10,22,Bronze,0.3500000000000001,0.52,0.22448979591836735,1,41.13,Average,0,At-Risk Customers
562,65,Male,Jacket,Outerwear,65,Alabama,M,Blue,Fall,2.6,Yes,Next Day Air,Yes,25,PayPal,Fortnightly,Senior,14,1690,10,35,Gold,0.5625,0.040000000000000036,0.4897959183673469,1,47.99,Average,3,Loyal Customers
563,53,Male,Jeans,Clothing,62,Missouri,M,Blue,Summer,3.5,Yes,Standard,Yes,40,Debit Card,Annually,Middle-aged,365,2542,10,50,Premium,0.525,0.40000000000000013,0.7959183673469387,1,62.88,Healthy,2,Premium Customers
564,61,Male,Shoes,Footwear,99,Idaho,M,Black,Fall,4.4,Yes,Standard,Yes,16,Debit Card,Quarterly,Senior,90,1683,10,26,Gold,0.9875,0.7600000000000002,0.3061224489795918,1,73.88,Healthy,1,High-Spending Customers
565,67,Male,Hoodie,Clothing,58,Florida,M,Olive,Winter,3.4,Yes,Next Day Air,Yes,30,Bank Transfer,Weekly,Senior,7,1798,10,40,Gold,0.4750000000000001,0.3600000000000001,0.5918367346938774,1,53.96,Average,3,Loyal Customers
566,59,Male,Backpack,Accessories,43,Idaho,L,Lavender,Fall,4.2,Yes,Store Pickup,Yes,10,Venmo,Weekly,Senior,7,473,10,20,Bronze,0.2875,0.6800000000000002,0.18367346938775508,1,40.61,Average,0,At-Risk Customers
567,55,Male,Sneakers,Footwear,93,Alabama,M,Indigo,Spring,3.6,Yes,Store Pickup,Yes,1,Debit Card,Fortnightly,Middle-aged,14,186,10,11,Bronze,0.9125000000000001,0.44000000000000017,0.0,1,55.3,Average,1,High-Spending Customers
568,21,Male,Blouse,Clothing,50,New Hampshire,S,Red,Winter,3.0,Yes,Next Day Air,Yes,24,Venmo,Fortnightly,Young Adult,14,1250,10,34,Silver,0.375,0.20000000000000018,0.4693877551020408,1,43.08,Average,3,Loyal Customers
569,44,Male,Pants,Clothing,88,Utah,L,Red,Summer,4.0,Yes,Free Shipping,Yes,36,PayPal,Monthly,Adult,30,3256,10,46,Premium,0.8500000000000001,0.6000000000000001,0.7142857142857142,1,77.43,Healthy,2,Premium Customers
570,65,Male,Skirt,Clothing,33,Alabama,M,Pink,Fall,4.4,Yes,Express,Yes,46,Credit Card,Every 3 Months,Senior,90,1551,10,56,Gold,0.16250000000000003,0.7600000000000002,0.9183673469387754,1,59.25,Average,3,Loyal Customers
571,65,Male,T-shirt,Clothing,99,Iowa,XL,Purple,Fall,4.1,Yes,Standard,Yes,20,Cash,Annually,Senior,365,2079,10,30,Gold,0.9875,0.6399999999999999,0.38775510204081626,1,73.93,Healthy,2,Premium Customers
572,54,Male,Jacket,Outerwear,76,Kentucky,XL,Cyan,Spring,3.6,Yes,Free Shipping,Yes,37,Venmo,Weekly,Middle-aged,7,2888,10,47,Premium,0.7000000000000001,0.44000000000000017,0.7346938775510203,1,68.84,Healthy,2,Premium Customers
573,56,Male,Scarf,Accessories,97,South Carolina,XL,Cyan,Summer,4.6,Yes,Next Day Air,Yes,26,Bank Transfer,Annually,Middle-aged,365,2619,10,36,Premium,0.9625000000000001,0.8399999999999999,0.510204081632653,1,80.61,Excellent,2,Premium Customers
574,58,Male,Pants,Clothing,68,California,M,Charcoal,Summer,3.2,Yes,2-Day Shipping,Yes,23,Credit Card,Bi-Weekly,Senior,14,1632,10,33,Gold,0.6000000000000001,0.28000000000000025,0.44897959183673464,1,53.07,Average,1,High-Spending Customers
575,54,Male,Sneakers,Footwear,79,Maine,L,Red,Fall,4.8,Yes,Free Shipping,Yes,20,Bank Transfer,Bi-Weekly,Middle-aged,14,1659,10,30,Gold,0.7375,0.9199999999999999,0.38775510204081626,1,69.53,Healthy,1,High-Spending Customers
576,58,Male,Jeans,Clothing,86,Nebraska,M,Peach,Fall,4.8,Yes,Express,Yes,38,PayPal,Monthly,Senior,30,3354,10,48,Premium,0.825,0.9199999999999999,0.7551020408163265,1,84.05,Excellent,2,Premium Customers
577,48,Male,Hat,Accessories,68,Washington,M,Black,Winter,5.0,Yes,2-Day Shipping,Yes,5,Credit Card,Every 3 Months,Middle-aged,90,408,10,15,Bronze,0.6000000000000001,1.0,0.08163265306122448,1,56.45,Average,1,High-Spending Customers
578,19,Male,Skirt,Clothing,52,Alabama,M,Black,Fall,3.7,Yes,Store Pickup,Yes,41,Venmo,Annually,Young Adult,365,2184,10,51,Gold,0.4,0.4800000000000002,0.8163265306122448,1,60.09,Healthy,3,Loyal Customers
579,69,Male,Sandals,Footwear,90,Maine,M,Purple,Fall,4.6,Yes,Next Day Air,Yes,22,Credit Card,Fortnightly,Senior,14,2070,10,32,Gold,0.875,0.8399999999999999,0.4285714285714285,1,74.66,Healthy,2,Premium Customers
580,58,Male,Sandals,Footwear,41,California,M,Violet,Winter,3.7,Yes,Free Shipping,Yes,48,Credit Card,Annually,Senior,365,2009,10,58,Gold,0.26250000000000007,0.4800000000000002,0.9591836734693877,1,58.88,Average,3,Loyal Customers
581,49,Male,Sweater,Clothing,80,Iowa,M,Orange,Spring,4.1,Yes,Free Shipping,Yes,10,PayPal,Weekly,Middle-aged,7,880,10,20,Silver,0.75,0.6399999999999999,0.18367346938775508,1,58.31,Average,1,High-Spending Customers
582,32,Male,Sweater,Clothing,100,Iowa,XL,Charcoal,Winter,2.7,Yes,Store Pickup,Yes,12,Bank Transfer,Every 3 Months,Adult,90,1300,10,22,Silver,1.0,0.08000000000000007,0.22448979591836735,1,58.33,Average,1,High-Spending Customers
583,40,Male,Jacket,Outerwear,77,Colorado,L,Turquoise,Spring,4.9,Yes,Store Pickup,Yes,2,Bank Transfer,Quarterly,Adult,90,231,10,12,Bronze,0.7125,0.9600000000000002,0.02040816326530612,1,58.31,Average,1,High-Spending Customers
584,25,Male,Shorts,Clothing,78,California,L,Yellow,Spring,4.0,Yes,Store Pickup,Yes,38,PayPal,Monthly,Young Adult,30,3042,10,48,Premium,0.7250000000000001,0.6000000000000001,0.7551020408163265,1,73.65,Healthy,2,Premium Customers
585,70,Male,Socks,Clothing,94,Indiana,M,White,Spring,4.7,Yes,Free Shipping,Yes,20,Debit Card,Monthly,Senior,30,1974,10,30,Gold,0.925,0.8800000000000001,0.38775510204081626,1,76.23,Healthy,2,Premium Customers
586,69,Male,Socks,Clothing,23,South Carolina,M,Gray,Fall,2.8,Yes,Next Day Air,Yes,5,Cash,Every 3 Months,Senior,90,138,10,15,Bronze,0.03750000000000003,0.11999999999999988,0.08163265306122448,1,16.35,At Risk,0,At-Risk Customers
587,45,Male,Hoodie,Clothing,20,Wisconsin,S,Blue,Winter,4.9,Yes,2-Day Shipping,Yes,9,Venmo,Annually,Middle-aged,365,200,10,19,Bronze,0.0,0.9600000000000002,0.16326530612244897,1,34.1,At Risk,0,At-Risk Customers
588,29,Male,Socks,Clothing,86,Washington,S,Maroon,Fall,4.2,Yes,Express,Yes,48,Debit Card,Every 3 Months,Young Adult,90,4214,10,58,Premium,0.825,0.6800000000000002,0.9591836734693877,1,85.38,Excellent,2,Premium Customers
589,47,Male,Boots,Footwear,60,South Dakota,M,Violet,Fall,3.0,Yes,Standard,Yes,9,Debit Card,Quarterly,Middle-aged,90,600,10,19,Bronze,0.5,0.20000000000000018,0.16326530612244897,1,38.9,At Risk,0,At-Risk Customers
590,28,Male,Shirt,Clothing,70,Minnesota,M,Orange,Fall,3.4,Yes,2-Day Shipping,Yes,40,PayPal,Annually,Young Adult,365,2870,10,50,Premium,0.625,0.3600000000000001,0.7959183673469387,1,66.08,Healthy,2,Premium Customers
591,64,Male,Belt,Accessories,39,Alaska,S,Turquoise,Fall,4.6,Yes,Standard,Yes,30,Venmo,Fortnightly,Senior,14,1209,10,40,Silver,0.23750000000000004,0.8399999999999999,0.5918367346938774,1,54.06,Average,3,Loyal Customers
592,47,Male,Backpack,Accessories,37,Kentucky,L,Olive,Fall,4.2,Yes,Store Pickup,Yes,6,Debit Card,Bi-Weekly,Middle-aged,14,259,10,16,Bronze,0.21250000000000002,0.6800000000000002,0.10204081632653061,1,35.16,At Risk,0,At-Risk Customers
593,60,Male,Boots,Footwear,29,North Dakota,M,Brown,Fall,3.2,Yes,Free Shipping,Yes,42,Venmo,Every 3 Months,Senior,90,1247,10,52,Silver,0.11250000000000004,0.28000000000000025,0.836734693877551,1,45.2,Average,3,Loyal Customers
594,67,Male,Coat,Outerwear,35,Alaska,S,Green,Winter,4.4,Yes,Store Pickup,Yes,9,PayPal,Every 3 Months,Senior,90,350,10,19,Bronze,0.1875,0.7600000000000002,0.16326530612244897,1,37.6,At Risk,0,At-Risk Customers
595,35,Male,Hoodie,Clothing,83,Oklahoma,S,Brown,Winter,2.5,Yes,Next Day Air,Yes,6,Debit Card,Monthly,Adult,30,581,10,16,Bronze,0.7875000000000001,0.0,0.10204081632653061,1,44.56,Average,1,High-Spending Customers
596,30,Male,Shoes,Footwear,77,Delaware,M,Silver,Summer,3.6,Yes,Next Day Air,Yes,47,PayPal,Quarterly,Young Adult,90,3696,10,57,Premium,0.7125,0.44000000000000017,0.9387755102040816,1,75.46,Healthy,2,Premium Customers
597,23,Male,Shoes,Footwear,37,Montana,XL,White,Summer,4.5,Yes,Store Pickup,Yes,36,Venmo,Annually,Young Adult,365,1369,10,46,Gold,0.21250000000000002,0.8,0.7142857142857142,1,55.93,Average,3,Loyal Customers
598,70,Male,Jewelry,Accessories,69,Alaska,L,Gold,Summer,3.4,Yes,Standard,Yes,19,Bank Transfer,Fortnightly,Senior,14,1380,10,29,Gold,0.6125,0.3600000000000001,0.36734693877551017,1,52.72,Average,1,High-Spending Customers
599,21,Male,Dress,Clothing,66,California,L,Green,Winter,3.2,Yes,2-Day Shipping,Yes,30,Cash,Every 3 Months,Young Adult,90,2046,10,40,Gold,0.5750000000000001,0.28000000000000025,0.5918367346938774,1,56.36,Average,3,Loyal Customers
600,51,Male,Boots,Footwear,26,Massachusetts,L,Teal,Spring,4.2,Yes,Standard,Yes,27,Debit Card,Every 3 Months,Middle-aged,90,728,10,37,Silver,0.07500000000000001,0.6800000000000002,0.5306122448979591,1,42.52,Average,3,Loyal Customers
601,22,Male,Hat,Accessories,63,South Carolina,M,Charcoal,Spring,5.0,Yes,2-Day Shipping,Yes,25,Venmo,Monthly,Young Adult,30,1638,10,35,Gold,0.5375000000000001,1.0,0.4897959183673469,1,66.19,Healthy,1,High-Spending Customers
602,32,Male,Backpack,Accessories,38,West Virginia,M,Maroon,Summer,4.7,Yes,Store Pickup,Yes,5,Cash,Fortnightly,Adult,14,228,10,15,Bronze,0.22500000000000003,0.8800000000000001,0.08163265306122448,1,39.05,At Risk,0,At-Risk Customers
603,37,Male,Shoes,Footwear,58,Oregon,L,Lavender,Summer,4.2,Yes,Next Day Air,Yes,10,Cash,Every 3 Months,Adult,90,638,10,20,Bronze,0.4750000000000001,0.6800000000000002,0.18367346938775508,1,48.11,Average,1,High-Spending Customers
604,31,Male,Handbag,Accessories,46,Massachusetts,L,Green,Winter,3.4,Yes,2-Day Shipping,Yes,26,PayPal,Every 3 Months,Young Adult,90,1242,10,36,Silver,0.32500000000000007,0.3600000000000001,0.510204081632653,1,45.51,Average,3,Loyal Customers
605,44,Male,Sunglasses,Accessories,92,West Virginia,S,Pink,Fall,4.4,Yes,Store Pickup,Yes,11,Credit Card,Every 3 Months,Adult,90,1104,10,21,Silver,0.9000000000000001,0.7600000000000002,0.2040816326530612,1,67.32,Healthy,1,High-Spending Customers
606,40,Male,Hat,Accessories,32,California,XL,Charcoal,Winter,4.2,Yes,Standard,Yes,17,Bank Transfer,Weekly,Adult,7,576,10,27,Bronze,0.15000000000000002,0.6800000000000002,0.32653061224489793,1,39.4,At Risk,0,At-Risk Customers
607,27,Male,Scarf,Accessories,90,Colorado,M,Blue,Spring,4.5,Yes,Standard,Yes,44,PayPal,Monthly,Young Adult,30,4050,10,54,Premium,0.875,0.8,0.8775510204081631,1,87.33,Excellent,2,Premium Customers
608,47,Male,Hoodie,Clothing,23,Indiana,L,Purple,Fall,2.8,Yes,Next Day Air,Yes,44,Cash,Monthly,Middle-aged,30,1035,10,54,Silver,0.03750000000000003,0.11999999999999988,0.8775510204081631,1,40.23,Average,3,Loyal Customers
609,41,Male,Backpack,Accessories,25,Delaware,S,Gold,Fall,3.3,Yes,Next Day Air,Yes,21,Venmo,Every 3 Months,Adult,90,550,10,31,Bronze,0.0625,0.32000000000000006,0.4081632653061224,1,31.14,At Risk,0,At-Risk Customers
610,51,Male,Sweater,Clothing,54,Ohio,L,Purple,Fall,4.6,Yes,Next Day Air,Yes,49,Credit Card,Fortnightly,Middle-aged,14,2700,10,59,Premium,0.42500000000000004,0.8399999999999999,0.9795918367346937,1,73.19,Healthy,2,Premium Customers
611,53,Male,Shorts,Clothing,72,Oklahoma,M,Charcoal,Summer,2.5,Yes,Free Shipping,Yes,27,Bank Transfer,Every 3 Months,Middle-aged,90,2016,10,37,Gold,0.65,0.0,0.5306122448979591,1,51.92,Average,3,Loyal Customers
612,43,Male,Scarf,Accessories,33,California,M,Black,Winter,4.7,Yes,Store Pickup,Yes,19,Cash,Monthly,Adult,30,660,10,29,Bronze,0.16250000000000003,0.8800000000000001,0.36734693877551017,1,45.12,Average,0,At-Risk Customers
613,67,Male,Hat,Accessories,43,New Hampshire,L,Lavender,Fall,4.6,Yes,Express,Yes,33,Credit Card,Quarterly,Senior,90,1462,10,43,Gold,0.2875,0.8399999999999999,0.6530612244897959,1,57.89,Average,3,Loyal Customers
614,61,Male,Coat,Outerwear,51,Pennsylvania,L,Lavender,Fall,2.6,Yes,Standard,Yes,46,Cash,Bi-Weekly,Senior,14,2397,10,56,Premium,0.38750000000000007,0.040000000000000036,0.9183673469387754,1,53.85,Average,3,Loyal Customers
615,68,Male,Jewelry,Accessories,85,Idaho,M,Lavender,Winter,4.0,Yes,Standard,Yes,21,Credit Card,Bi-Weekly,Senior,14,1870,10,31,Gold,0.8125,0.6000000000000001,0.4081632653061224,1,66.74,Healthy,1,High-Spending Customers
616,67,Male,Sandals,Footwear,100,Maryland,L,Olive,Summer,2.6,Yes,Next Day Air,Yes,23,Venmo,Annually,Senior,365,2400,10,33,Premium,1.0,0.040000000000000036,0.44897959183673464,1,64.27,Healthy,2,Premium Customers
617,29,Male,Gloves,Accessories,72,Pennsylvania,L,Teal,Spring,4.6,Yes,Free Shipping,Yes,38,Credit Card,Every 3 Months,Young Adult,90,2808,10,48,Premium,0.65,0.8399999999999999,0.7551020408163265,1,75.45,Healthy,2,Premium Customers
618,50,Male,Backpack,Accessories,57,Colorado,M,Maroon,Fall,2.6,Yes,Standard,Yes,2,Bank Transfer,Quarterly,Middle-aged,90,171,10,12,Bronze,0.4625,0.040000000000000036,0.02040816326530612,1,29.91,At Risk,0,At-Risk Customers
619,61,Male,Jacket,Outerwear,94,Indiana,L,Cyan,Spring,4.0,Yes,Express,Yes,21,Debit Card,Bi-Weekly,Senior,14,2068,10,31,Gold,0.925,0.6000000000000001,0.4081632653061224,1,71.24,Healthy,2,Premium Customers
620,19,Male,Backpack,Accessories,34,Nebraska,M,Charcoal,Summer,4.6,Yes,Store Pickup,Yes,1,Debit Card,Every 3 Months,Young Adult,90,68,10,11,Bronze,0.17500000000000004,0.8399999999999999,0.0,1,33.8,At Risk,0,At-Risk Customers
621,33,Male,Backpack,Accessories,89,Rhode Island,M,Black,Fall,3.7,Yes,2-Day Shipping,Yes,10,Venmo,Every 3 Months,Adult,90,979,10,20,Silver,0.8625,0.4800000000000002,0.18367346938775508,1,59.61,Average,1,High-Spending Customers
622,51,Male,Sunglasses,Accessories,27,Kansas,S,Red,Fall,4.4,Yes,Store Pickup,Yes,45,Credit Card,Weekly,Middle-aged,7,1242,10,55,Silver,0.08750000000000002,0.7600000000000002,0.8979591836734693,1,55.64,Average,3,Loyal Customers
623,69,Male,Socks,Clothing,63,Georgia,S,Peach,Spring,4.0,Yes,Next Day Air,Yes,44,Bank Transfer,Fortnightly,Senior,14,2835,10,54,Premium,0.5375000000000001,0.6000000000000001,0.8775510204081631,1,69.83,Healthy,2,Premium Customers
624,19,Male,Shoes,Footwear,70,Nevada,M,White,Fall,4.7,Yes,Standard,Yes,48,PayPal,Bi-Weekly,Young Adult,14,3430,10,58,Premium,0.625,0.8800000000000001,0.9591836734693877,1,81.38,Excellent,2,Premium Customers
625,55,Male,Pants,Clothing,87,South Carolina,XL,Pink,Fall,3.4,Yes,Express,Yes,21,PayPal,Annually,Middle-aged,365,1914,10,31,Gold,0.8375000000000001,0.3600000000000001,0.4081632653061224,1,62.94,Healthy,1,High-Spending Customers
626,49,Male,Jewelry,Accessories,79,Delaware,M,Red,Fall,4.0,Yes,Next Day Air,Yes,1,Venmo,Weekly,Middle-aged,7,158,10,11,Bronze,0.7375,0.6000000000000001,0.0,1,51.5,Average,1,High-Spending Customers
627,31,Male,Sunglasses,Accessories,79,New Hampshire,M,Indigo,Spring,3.9,Yes,Standard,Yes,10,Venmo,Annually,Young Adult,365,869,10,20,Silver,0.7375,0.56,0.18367346938775508,1,56.21,Average,1,High-Spending Customers
628,42,Male,Sandals,Footwear,44,Oregon,L,Black,Winter,4.1,Yes,Express,Yes,24,PayPal,Monthly,Adult,30,1100,10,34,Silver,0.30000000000000004,0.6399999999999999,0.4693877551020408,1,48.88,Average,3,Loyal Customers
629,69,Male,Sweater,Clothing,85,Massachusetts,M,White,Fall,3.7,Yes,2-Day Shipping,Yes,29,Credit Card,Monthly,Senior,30,2550,10,39,Premium,0.8125,0.4800000000000002,0.5714285714285714,1,69.24,Healthy,2,Premium Customers
630,26,Male,Shoes,Footwear,90,Vermont,L,Beige,Spring,4.7,Yes,Standard,Yes,11,Debit Card,Annually,Young Adult,365,1080,10,21,Silver,0.875,0.8800000000000001,0.2040816326530612,1,68.72,Healthy,1,High-Spending Customers
631,41,Male,Jewelry,Accessories,94,Mississippi,S,Silver,Fall,4.3,Yes,2-Day Shipping,Yes,33,Debit Card,Annually,Adult,365,3196,10,43,Premium,0.925,0.72,0.6530612244897959,1,80.99,Excellent,2,Premium Customers
632,55,Male,Boots,Footwear,68,Washington,S,Violet,Summer,4.1,Yes,Store Pickup,Yes,27,Cash,Fortnightly,Middle-aged,14,1904,10,37,Gold,0.6000000000000001,0.6399999999999999,0.5306122448979591,1,62.72,Healthy,1,High-Spending Customers
633,35,Male,Backpack,Accessories,51,Wyoming,M,Red,Winter,3.9,Yes,Next Day Air,Yes,19,Venmo,Fortnightly,Adult,14,1020,10,29,Silver,0.38750000000000007,0.56,0.36734693877551017,1,47.72,Average,1,High-Spending Customers
634,66,Male,Sandals,Footwear,33,Minnesota,M,Orange,Spring,2.9,Yes,Express,Yes,50,Debit Card,Quarterly,Senior,90,1683,10,60,Gold,0.16250000000000003,0.15999999999999992,1.0,1,49.7,Average,3,Loyal Customers
635,36,Male,Sneakers,Footwear,60,Ohio,M,Teal,Summer,3.9,Yes,Standard,Yes,46,PayPal,Weekly,Adult,7,2820,10,56,Premium,0.5,0.56,0.9183673469387754,1,68.75,Healthy,2,Premium Customers
636,27,Male,Hoodie,Clothing,59,South Carolina,M,Brown,Fall,4.3,Yes,2-Day Shipping,Yes,28,Cash,Quarterly,Young Adult,90,1711,10,38,Gold,0.48750000000000004,0.72,0.5510204081632653,1,60.43,Healthy,3,Loyal Customers
637,41,Male,Handbag,Accessories,30,Wisconsin,M,Indigo,Summer,2.8,Yes,Store Pickup,Yes,14,Bank Transfer,Every 3 Months,Adult,90,450,10,24,Bronze,0.125,0.11999999999999988,0.26530612244897955,1,25.36,At Risk,0,At-Risk Customers
638,21,Male,Sweater,Clothing,20,Tennessee,M,Cyan,Winter,3.4,Yes,2-Day Shipping,Yes,46,Cash,Fortnightly,Young Adult,14,940,10,56,Silver,0.0,0.3600000000000001,0.9183673469387754,1,44.75,Average,3,Loyal Customers
639,53,Male,Sandals,Footwear,20,Maryland,S,Blue,Summer,2.7,Yes,Express,Yes,41,PayPal,Monthly,Middle-aged,30,840,10,51,Silver,0.0,0.08000000000000007,0.8163265306122448,1,36.09,At Risk,3,Loyal Customers
640,54,Male,Dress,Clothing,24,Mississippi,L,Olive,Spring,4.0,Yes,2-Day Shipping,Yes,50,Credit Card,Annually,Middle-aged,365,1224,10,60,Silver,0.050000000000000044,0.6000000000000001,1.0,1,54.0,Average,3,Loyal Customers
641,53,Male,Skirt,Clothing,88,Minnesota,M,Gray,Summer,4.4,Yes,Store Pickup,Yes,28,Debit Card,Fortnightly,Middle-aged,14,2552,10,38,Premium,0.8500000000000001,0.7600000000000002,0.5510204081632653,1,75.73,Healthy,2,Premium Customers
642,47,Male,Blouse,Clothing,78,Alaska,M,Red,Winter,3.9,Yes,2-Day Shipping,Yes,23,Credit Card,Every 3 Months,Middle-aged,90,1872,10,33,Gold,0.7250000000000001,0.56,0.44897959183673464,1,63.67,Healthy,1,High-Spending Customers
643,64,Male,Skirt,Clothing,25,Arkansas,L,Red,Spring,2.8,Yes,2-Day Shipping,Yes,14,Debit Card,Bi-Weekly,Senior,14,375,10,24,Bronze,0.0625,0.11999999999999988,0.26530612244897955,1,22.86,At Risk,0,At-Risk Customers
644,18,Male,Sweater,Clothing,57,Oregon,XL,Green,Winter,3.2,Yes,Next Day Air,Yes,10,Bank Transfer,Every 3 Months,Young Adult,90,627,10,20,Bronze,0.4625,0.28000000000000025,0.18367346938775508,1,39.61,At Risk,0,At-Risk Customers
645,68,Male,Backpack,Accessories,93,Louisiana,S,Blue,Summer,4.3,Yes,Next Day Air,Yes,37,Cash,Weekly,Senior,7,3534,10,47,Premium,0.9125000000000001,0.72,0.7346938775510203,1,82.94,Excellent,2,Premium Customers
646,62,Male,Hoodie,Clothing,42,Oklahoma,S,Purple,Summer,4.2,Yes,Express,Yes,15,Venmo,Bi-Weekly,Senior,14,672,10,25,Silver,0.275,0.6800000000000002,0.28571428571428564,1,43.17,Average,0,At-Risk Customers
647,51,Male,Boots,Footwear,54,Indiana,XL,Pink,Spring,4.9,Yes,Standard,Yes,19,Venmo,Bi-Weekly,Middle-aged,14,1080,10,29,Silver,0.42500000000000004,0.9600000000000002,0.36734693877551017,1,57.22,Average,1,High-Spending Customers
648,54,Male,Blouse,Clothing,70,Mississippi,XL,Charcoal,Summer,3.7,Yes,Express,Yes,23,Credit Card,Fortnightly,Middle-aged,14,1680,10,33,Gold,0.625,0.4800000000000002,0.44897959183673464,1,58.07,Average,1,High-Spending Customers
649,22,Male,Hoodie,Clothing,31,Michigan,M,Brown,Winter,4.1,Yes,Store Pickup,Yes,35,Credit Card,Weekly,Young Adult,7,1116,10,45,Silver,0.1375,0.6399999999999999,0.693877551020408,1,49.12,Average,3,Loyal Customers
650,53,Male,Pants,Clothing,93,Delaware,L,Orange,Spring,4.2,Yes,Store Pickup,Yes,33,PayPal,Every 3 Months,Middle-aged,90,3162,10,43,Premium,0.9125000000000001,0.6800000000000002,0.6530612244897959,1,79.69,Healthy,2,Premium Customers
651,34,Male,Gloves,Accessories,40,Florida,M,Magenta,Spring,3.9,Yes,Next Day Air,Yes,12,Bank Transfer,Annually,Adult,365,520,10,22,Bronze,0.25,0.56,0.22448979591836735,1,37.93,At Risk,0,At-Risk Customers
652,32,Male,Hat,Accessories,32,Arkansas,L,Yellow,Summer,2.9,Yes,Next Day Air,Yes,41,Venmo,Fortnightly,Adult,14,1344,10,51,Gold,0.15000000000000002,0.15999999999999992,0.8163265306122448,1,43.69,Average,3,Loyal Customers
653,64,Male,Sunglasses,Accessories,27,Minnesota,M,Beige,Winter,3.1,Yes,Free Shipping,Yes,27,Venmo,Weekly,Senior,7,756,10,37,Silver,0.08750000000000002,0.2400000000000002,0.5306122448979591,1,34.22,At Risk,0,At-Risk Customers
654,20,Male,Scarf,Accessories,68,North Dakota,M,Olive,Winter,3.6,Yes,2-Day Shipping,Yes,45,Cash,Fortnightly,Young Adult,14,3128,10,55,Premium,0.6000000000000001,0.44000000000000017,0.8979591836734693,1,69.74,Healthy,2,Premium Customers
655,24,Male,Handbag,Accessories,59,California,L,Gray,Summer,4.4,Yes,2-Day Shipping,Yes,23,Venmo,Annually,Young Adult,365,1416,10,33,Gold,0.48750000000000004,0.7600000000000002,0.44897959183673464,1,58.17,Average,1,High-Spending Customers
656,20,Male,Handbag,Accessories,36,Mississippi,S,Purple,Fall,3.1,Yes,Free Shipping,Yes,19,Venmo,Monthly,Young Adult,30,720,10,29,Silver,0.2,0.2400000000000002,0.36734693877551017,1,33.82,At Risk,0,At-Risk Customers
657,42,Male,Jeans,Clothing,23,Pennsylvania,M,Beige,Summer,3.9,Yes,Standard,Yes,6,PayPal,Quarterly,Adult,90,161,10,16,Bronze,0.03750000000000003,0.56,0.10204081632653061,1,25.76,At Risk,0,At-Risk Customers
658,48,Male,Jacket,Outerwear,80,Arizona,M,White,Winter,4.3,Yes,Free Shipping,Yes,6,PayPal,Quarterly,Middle-aged,90,560,10,16,Bronze,0.75,0.72,0.10204081632653061,1,57.46,Average,1,High-Spending Customers
659,62,Male,Backpack,Accessories,37,Louisiana,S,White,Fall,4.9,Yes,Store Pickup,Yes,20,Venmo,Weekly,Senior,7,777,10,30,Silver,0.21250000000000002,0.9600000000000002,0.38775510204081626,1,49.33,Average,3,Loyal Customers
660,62,Male,Shorts,Clothing,52,Virginia,S,Gold,Spring,3.6,Yes,2-Day Shipping,Yes,8,Cash,Weekly,Senior,7,468,10,18,Bronze,0.4,0.44000000000000017,0.14285714285714285,1,39.09,At Risk,0,At-Risk Customers
661,50,Male,Coat,Outerwear,79,Montana,M,Olive,Fall,5.0,Yes,2-Day Shipping,Yes,39,Credit Card,Quarterly,Middle-aged,90,3160,10,49,Premium,0.7375,1.0,0.7755102040816325,1,82.77,Excellent,2,Premium Customers
662,57,Male,Shirt,Clothing,68,Iowa,XL,Green,Fall,4.1,Yes,Store Pickup,Yes,39,Credit Card,Quarterly,Middle-aged,90,2720,10,49,Premium,0.6000000000000001,0.6399999999999999,0.7755102040816325,1,70.07,Healthy,2,Premium Customers
663,24,Male,Gloves,Accessories,98,Illinois,L,Magenta,Fall,2.8,Yes,Express,Yes,39,Venmo,Bi-Weekly,Young Adult,14,3920,10,49,Premium,0.9750000000000001,0.11999999999999988,0.7755102040816325,1,74.67,Healthy,2,Premium Customers
664,59,Male,Dress,Clothing,83,Alaska,M,Charcoal,Fall,4.7,Yes,Express,Yes,23,Credit Card,Monthly,Senior,30,1992,10,33,Gold,0.7875000000000001,0.8800000000000001,0.44897959183673464,1,72.57,Healthy,2,Premium Customers
665,63,Male,Pants,Clothing,83,Colorado,M,Indigo,Winter,4.4,Yes,Express,Yes,41,PayPal,Bi-Weekly,Senior,14,3486,10,51,Premium,0.7875000000000001,0.7600000000000002,0.8163265306122448,1,81.19,Excellent,2,Premium Customers
666,41,Male,Pants,Clothing,55,New Mexico,M,Peach,Spring,4.9,Yes,2-Day Shipping,Yes,50,Credit Card,Annually,Adult,365,2805,10,60,Premium,0.4375,0.9600000000000002,1.0,1,76.7,Healthy,2,Premium Customers
667,35,Male,Hoodie,Clothing,26,Colorado,L,Turquoise,Winter,3.1,Yes,Free Shipping,Yes,30,Debit Card,Quarterly,Adult,90,806,10,40,Silver,0.07500000000000001,0.2400000000000002,0.5918367346938774,1,35.56,At Risk,3,Loyal Customers
668,34,Male,Sunglasses,Accessories,76,Arizona,S,Blue,Winter,2.6,Yes,Standard,Yes,32,Bank Transfer,Quarterly,Adult,90,2508,10,42,Premium,0.7000000000000001,0.040000000000000036,0.6326530612244897,1,57.78,Average,2,Premium Customers
669,49,Male,T-shirt,Clothing,85,Hawaii,S,Turquoise,Fall,2.9,Yes,Express,Yes,35,Bank Transfer,Monthly,Middle-aged,30,3060,10,45,Premium,0.8125,0.15999999999999992,0.693877551020408,1,66.52,Healthy,2,Premium Customers
670,43,Male,Jacket,Outerwear,89,Illinois,M,Gray,Spring,3.3,Yes,Free Shipping,Yes,45,Venmo,Bi-Weekly,Adult,14,4094,10,55,Premium,0.8625,0.32000000000000006,0.8979591836734693,1,77.84,Healthy,2,Premium Customers
671,63,Male,Sweater,Clothing,41,Louisiana,XL,Purple,Spring,4.8,Yes,Next Day Air,Yes,37,Cash,Bi-Weekly,Senior,14,1558,10,47,Gold,0.26250000000000007,0.9199999999999999,0.7346938775510203,1,60.94,Healthy,3,Loyal Customers
672,38,Male,Jacket,Outerwear,30,Iowa,L,Black,Winter,4.7,Yes,Express,Yes,45,Cash,Weekly,Adult,7,1380,10,55,Gold,0.125,0.8800000000000001,0.8979591836734693,1,59.54,Average,3,Loyal Customers
673,59,Male,Socks,Clothing,53,Washington,M,Peach,Winter,3.3,Yes,2-Day Shipping,Yes,29,Cash,Quarterly,Senior,90,1590,10,39,Gold,0.4125000000000001,0.32000000000000006,0.5714285714285714,1,50.04,Average,3,Loyal Customers
674,35,Male,Shirt,Clothing,66,Oklahoma,M,Indigo,Spring,4.2,Yes,Free Shipping,Yes,27,Venmo,Bi-Weekly,Adult,14,1848,10,37,Gold,0.5750000000000001,0.6800000000000002,0.5306122448979591,1,62.52,Healthy,1,High-Spending Customers
675,48,Male,Jewelry,Accessories,33,Washington,XL,Beige,Winter,4.7,Yes,Store Pickup,Yes,36,Bank Transfer,Annually,Middle-aged,365,1221,10,46,Silver,0.16250000000000003,0.8800000000000001,0.7142857142857142,1,55.53,Average,3,Loyal Customers
676,64,Male,Sunglasses,Accessories,86,Arkansas,M,Yellow,Spring,2.6,Yes,2-Day Shipping,Yes,9,Cash,Annually,Senior,365,860,10,19,Silver,0.825,0.040000000000000036,0.16326530612244897,1,48.7,Average,1,High-Spending Customers
677,28,Male,Pants,Clothing,60,Connecticut,M,Peach,Winter,2.9,Yes,2-Day Shipping,Yes,38,Venmo,Bi-Weekly,Young Adult,14,2340,10,48,Premium,0.5,0.15999999999999992,0.7551020408163265,1,55.85,Average,3,Loyal Customers
678,60,Male,Socks,Clothing,62,Washington,S,Turquoise,Summer,2.7,Yes,Express,Yes,41,PayPal,Annually,Senior,365,2604,10,51,Premium,0.525,0.08000000000000007,0.8163265306122448,1,57.09,Average,3,Loyal Customers
679,27,Male,Blouse,Clothing,74,Maine,M,Teal,Fall,3.3,Yes,Store Pickup,Yes,25,Debit Card,Every 3 Months,Young Adult,90,1924,10,35,Gold,0.675,0.32000000000000006,0.4897959183673469,1,58.09,Average,1,High-Spending Customers
680,56,Male,Sandals,Footwear,95,Michigan,M,Turquoise,Fall,3.4,Yes,Express,Yes,37,Venmo,Fortnightly,Middle-aged,14,3610,10,47,Premium,0.9375,0.3600000000000001,0.7346938775510203,1,76.74,Healthy,2,Premium Customers
681,58,Male,Sneakers,Footwear,25,Tennessee,M,Magenta,Spring,4.2,Yes,Express,Yes,3,PayPal,Annually,Senior,365,100,10,13,Bronze,0.0625,0.6800000000000002,0.04081632653061225,1,27.32,At Risk,0,At-Risk Customers
682,30,Male,Shirt,Clothing,59,Louisiana,XL,Purple,Winter,3.8,Yes,2-Day Shipping,Yes,24,Credit Card,Every 3 Months,Young Adult,90,1475,10,34,Gold,0.48750000000000004,0.52,0.4693877551020408,1,53.98,Average,1,High-Spending Customers
683,23,Male,Jacket,Outerwear,29,Missouri,M,Brown,Summer,4.0,Yes,Standard,Yes,49,Credit Card,Bi-Weekly,Young Adult,14,1450,10,59,Gold,0.11250000000000004,0.6000000000000001,0.9795918367346937,1,55.89,Average,3,Loyal Customers
684,33,Male,Sandals,Footwear,36,Michigan,S,Violet,Winter,2.7,Yes,Free Shipping,Yes,3,Bank Transfer,Monthly,Adult,30,144,10,13,Bronze,0.2,0.08000000000000007,0.04081632653061225,1,20.82,At Risk,0,At-Risk Customers
685,63,Male,Hat,Accessories,82,Alabama,M,Yellow,Summer,4.7,Yes,Express,Yes,42,Debit Card,Monthly,Senior,30,3526,10,52,Premium,0.7750000000000001,0.8800000000000001,0.836734693877551,1,83.7,Excellent,2,Premium Customers
686,70,Male,Blouse,Clothing,71,Massachusetts,XL,Magenta,Winter,3.5,Yes,Standard,Yes,32,Cash,Fortnightly,Senior,14,2343,10,42,Premium,0.6375000000000001,0.40000000000000013,0.6326530612244897,1,62.48,Healthy,2,Premium Customers
687,70,Male,Sweater,Clothing,35,Indiana,L,Beige,Fall,3.0,Yes,2-Day Shipping,Yes,33,Venmo,Fortnightly,Senior,14,1190,10,43,Silver,0.1875,0.20000000000000018,0.6530612244897959,1,41.09,Average,3,Loyal Customers
688,19,Male,Gloves,Accessories,38,West Virginia,XL,Turquoise,Winter,3.3,Yes,Free Shipping,Yes,46,Bank Transfer,Quarterly,Young Adult,90,1786,10,56,Gold,0.22500000000000003,0.32000000000000006,0.9183673469387754,1,52.95,Average,3,Loyal Customers
689,25,Male,Scarf,Accessories,59,Michigan,S,Peach,Summer,4.7,Yes,Store Pickup,Yes,44,Venmo,Monthly,Young Adult,30,2655,10,54,Premium,0.48750000000000004,0.8800000000000001,0.8775510204081631,1,73.43,Healthy,2,Premium Customers
690,19,Male,Hoodie,Clothing,91,Pennsylvania,M,Orange,Summer,4.7,Yes,Express,Yes,35,Credit Card,Every 3 Months,Young Adult,90,3276,10,45,Premium,0.8875,0.8800000000000001,0.693877551020408,1,83.92,Excellent,2,Premium Customers
691,25,Male,Shorts,Clothing,68,Alaska,XL,Red,Spring,4.8,Yes,Standard,Yes,45,Bank Transfer,Weekly,Young Adult,7,3128,10,55,Premium,0.6000000000000001,0.9199999999999999,0.8979591836734693,1,79.34,Healthy,2,Premium Customers
692,60,Male,Backpack,Accessories,21,Massachusetts,L,Silver,Summer,2.9,Yes,Standard,Yes,37,PayPal,Bi-Weekly,Senior,14,798,10,47,Silver,0.012500000000000011,0.15999999999999992,0.7346938775510203,1,35.74,At Risk,3,Loyal Customers
693,35,Male,Sunglasses,Accessories,95,North Dakota,M,Cyan,Spring,4.0,Yes,2-Day Shipping,Yes,40,Debit Card,Every 3 Months,Adult,90,3895,10,50,Premium,0.9375,0.6000000000000001,0.7959183673469387,1,83.38,Excellent,2,Premium Customers
694,46,Male,Shorts,Clothing,52,Vermont,L,Turquoise,Spring,3.1,Yes,Free Shipping,Yes,30,Cash,Every 3 Months,Middle-aged,90,1612,10,40,Gold,0.4,0.2400000000000002,0.5918367346938774,1,48.56,Average,3,Loyal Customers
695,41,Male,Dress,Clothing,21,Kentucky,S,Charcoal,Fall,3.5,Yes,2-Day Shipping,Yes,38,Venmo,Every 3 Months,Adult,90,819,10,48,Silver,0.012500000000000011,0.40000000000000013,0.7551020408163265,1,41.15,Average,3,Loyal Customers
696,30,Male,Shorts,Clothing,67,Nevada,XL,Peach,Summer,3.7,Yes,Next Day Air,Yes,15,Debit Card,Every 3 Months,Young Adult,90,1072,10,25,Silver,0.5875,0.4800000000000002,0.28571428571428564,1,51.67,Average,1,High-Spending Customers
697,44,Male,Belt,Accessories,42,Utah,L,Green,Fall,2.8,Yes,Standard,Yes,49,Cash,Monthly,Adult,30,2100,10,59,Gold,0.275,0.11999999999999988,0.9795918367346937,1,52.79,Average,3,Loyal Customers
698,61,Male,Scarf,Accessories,63,North Dakota,XL,Brown,Summer,4.6,Yes,Free Shipping,Yes,40,Debit Card,Quarterly,Senior,90,2583,10,50,Premium,0.5375000000000001,0.8399999999999999,0.7959183673469387,1,72.18,Healthy,2,Premium Customers
699,55,Male,Boots,Footwear,41,Iowa,M,Yellow,Winter,3.8,Yes,Standard,Yes,40,Debit Card,Weekly,Middle-aged,7,1681,10,50,Gold,0.26250000000000007,0.52,0.7959183673469387,1,54.78,Average,3,Loyal Customers
700,50,Male,Handbag,Accessories,46,Connecticut,M,Charcoal,Fall,2.6,Yes,2-Day Shipping,Yes,5,PayPal,Weekly,Middle-aged,7,276,10,15,Bronze,0.32500000000000007,0.040000000000000036,0.08163265306122448,1,26.25,At Risk,0,At-Risk Customers
701,57,Male,Pants,Clothing,79,Wisconsin,L,Olive,Winter,4.1,Yes,Standard,Yes,5,PayPal,Monthly,Middle-aged,30,474,10,15,Bronze,0.7375,0.6399999999999999,0.08163265306122448,1,54.75,Average,1,High-Spending Customers
702,51,Male,Boots,Footwear,90,Idaho,L,Red,Fall,3.3,Yes,Next Day Air,Yes,5,Debit Card,Every 3 Months,Middle-aged,90,540,10,15,Bronze,0.875,0.32000000000000006,0.08163265306122448,1,53.85,Average,1,High-Spending Customers
703,18,Male,Shirt,Clothing,71,Montana,M,White,Winter,3.4,Yes,Store Pickup,Yes,1,Cash,Weekly,Young Adult,7,142,10,11,Bronze,0.6375000000000001,0.3600000000000001,0.0,1,42.7,Average,1,High-Spending Customers
704,63,Male,Dress,Clothing,87,Connecticut,L,Pink,Summer,3.0,Yes,Standard,Yes,21,Venmo,Weekly,Senior,7,1914,10,31,Gold,0.8375000000000001,0.20000000000000018,0.4081632653061224,1,59.74,Average,1,High-Spending Customers
705,34,Male,Hoodie,Clothing,66,Idaho,S,Black,Spring,3.2,Yes,Express,Yes,18,PayPal,Annually,Adult,365,1254,10,28,Silver,0.5750000000000001,0.28000000000000025,0.346938775510204,1,49.01,Average,1,High-Spending Customers
706,25,Male,Pants,Clothing,90,Arkansas,XL,Indigo,Summer,4.5,Yes,Free Shipping,Yes,49,Cash,Quarterly,Young Adult,90,4500,10,59,Premium,0.875,0.8,0.9795918367346937,1,90.39,Excellent,2,Premium Customers
707,46,Male,Jeans,Clothing,47,Iowa,L,Turquoise,Summer,4.8,Yes,Express,Yes,27,Debit Card,Weekly,Middle-aged,7,1316,10,37,Silver,0.3375,0.9199999999999999,0.5306122448979591,1,57.82,Average,3,Loyal Customers
708,59,Male,Shirt,Clothing,38,Louisiana,L,Purple,Spring,3.7,Yes,Next Day Air,Yes,21,Venmo,Annually,Senior,365,836,10,31,Silver,0.22500000000000003,0.4800000000000002,0.4081632653061224,1,40.84,Average,0,At-Risk Customers
709,37,Male,Backpack,Accessories,50,Kentucky,L,Beige,Summer,3.4,Yes,Store Pickup,Yes,19,Cash,Fortnightly,Adult,14,1000,10,29,Silver,0.375,0.3600000000000001,0.36734693877551017,1,43.22,Average,0,At-Risk Customers
710,49,Male,Jacket,Outerwear,79,Massachusetts,L,Charcoal,Summer,4.6,Yes,Standard,Yes,23,Debit Card,Monthly,Middle-aged,30,1896,10,33,Gold,0.7375,0.8399999999999999,0.44897959183673464,1,69.77,Healthy,1,High-Spending Customers
711,22,Male,Scarf,Accessories,91,Virginia,L,Turquoise,Spring,4.1,Yes,Standard,Yes,26,PayPal,Fortnightly,Young Adult,14,2457,10,36,Premium,0.8875,0.6399999999999999,0.510204081632653,1,73.61,Healthy,2,Premium Customers
712,64,Male,Boots,Footwear,60,New Hampshire,M,Maroon,Spring,3.5,Yes,2-Day Shipping,Yes,13,Bank Transfer,Bi-Weekly,Senior,14,840,10,23,Silver,0.5,0.40000000000000013,0.24489795918367344,1,45.35,Average,1,High-Spending Customers
713,42,Male,Blouse,Clothing,81,New Hampshire,XL,Black,Summer,3.8,Yes,Next Day Air,Yes,36,Bank Transfer,Quarterly,Adult,90,2997,10,46,Premium,0.7625,0.52,0.7142857142857142,1,72.33,Healthy,2,Premium Customers
714,37,Male,Hoodie,Clothing,90,Oregon,M,Lavender,Summer,2.6,Yes,Express,Yes,39,Bank Transfer,Bi-Weekly,Adult,14,3600,10,49,Premium,0.875,0.040000000000000036,0.7755102040816325,1,69.07,Healthy,2,Premium Customers
715,26,Male,Jacket,Outerwear,70,South Dakota,M,Magenta,Fall,4.4,Yes,Store Pickup,Yes,40,Debit Card,Fortnightly,Young Adult,14,2870,10,50,Premium,0.625,0.7600000000000002,0.7959183673469387,1,74.08,Healthy,2,Premium Customers
716,33,Male,Jeans,Clothing,63,Delaware,L,Green,Spring,2.6,Yes,Express,Yes,37,Debit Card,Quarterly,Adult,90,2394,10,47,Premium,0.5375000000000001,0.040000000000000036,0.7346938775510203,1,54.34,Average,3,Loyal Customers
717,30,Male,Jewelry,Accessories,29,Missouri,M,Olive,Spring,3.6,Yes,Express,Yes,9,Venmo,Bi-Weekly,Young Adult,14,290,10,19,Bronze,0.11250000000000004,0.44000000000000017,0.16326530612244897,1,28.2,At Risk,0,At-Risk Customers
718,21,Male,Socks,Clothing,90,Alaska,L,Green,Spring,4.2,Yes,Express,Yes,7,Venmo,Every 3 Months,Young Adult,90,720,10,17,Silver,0.875,0.6800000000000002,0.12244897959183673,1,62.27,Healthy,1,High-Spending Customers
719,22,Male,Shirt,Clothing,22,Florida,M,Peach,Summer,4.6,Yes,Standard,Yes,25,Bank Transfer,Annually,Young Adult,365,572,10,35,Bronze,0.025000000000000022,0.8399999999999999,0.4897959183673469,1,42.49,Average,3,Loyal Customers
720,63,Male,Shorts,Clothing,22,Mississippi,L,Turquoise,Summer,3.3,Yes,Next Day Air,Yes,42,Venmo,Bi-Weekly,Senior,14,946,10,52,Silver,0.025000000000000022,0.32000000000000006,0.836734693877551,1,42.5,Average,3,Loyal Customers
721,33,Male,Jewelry,Accessories,62,New Mexico,L,Orange,Fall,3.4,Yes,Free Shipping,Yes,19,Debit Card,Weekly,Adult,7,1240,10,29,Silver,0.525,0.3600000000000001,0.36734693877551017,1,49.22,Average,1,High-Spending Customers
722,43,Male,Blouse,Clothing,57,California,L,Silver,Summer,4.4,Yes,Next Day Air,Yes,41,Debit Card,Every 3 Months,Adult,90,2394,10,51,Premium,0.4625,0.7600000000000002,0.8163265306122448,1,68.19,Healthy,2,Premium Customers
723,27,Male,Sweater,Clothing,32,Wyoming,S,Blue,Summer,4.3,Yes,Store Pickup,Yes,50,Cash,Bi-Weekly,Young Adult,14,1632,10,60,Gold,0.15000000000000002,0.72,1.0,1,60.4,Healthy,3,Loyal Customers
724,35,Male,Jewelry,Accessories,53,Missouri,L,Cyan,Fall,3.5,Yes,Express,Yes,43,PayPal,Monthly,Adult,30,2332,10,53,Premium,0.4125000000000001,0.40000000000000013,0.8571428571428571,1,60.21,Healthy,3,Loyal Customers
725,37,Male,T-shirt,Clothing,79,New Hampshire,XL,Green,Fall,4.7,Yes,Store Pickup,Yes,36,Venmo,Every 3 Months,Adult,90,2923,10,46,Premium,0.7375,0.8800000000000001,0.7142857142857142,1,78.53,Healthy,2,Premium Customers
726,61,Male,Hat,Accessories,61,Texas,L,Silver,Winter,3.1,Yes,Standard,Yes,33,Debit Card,Fortnightly,Senior,14,2074,10,43,Gold,0.5125000000000001,0.2400000000000002,0.6530612244897959,1,54.89,Average,3,Loyal Customers
727,32,Male,Shorts,Clothing,78,North Dakota,L,Yellow,Summer,3.6,Yes,Next Day Air,Yes,20,Bank Transfer,Every 3 Months,Adult,90,1638,10,30,Gold,0.7250000000000001,0.44000000000000017,0.38775510204081626,1,59.43,Average,1,High-Spending Customers
728,62,Male,Sweater,Clothing,97,Arkansas,S,Gray,Winter,4.8,Yes,Next Day Air,Yes,37,Venmo,Every 3 Months,Senior,90,3686,10,47,Premium,0.9625000000000001,0.9199999999999999,0.7346938775510203,1,88.94,Excellent,2,Premium Customers
729,29,Male,Jeans,Clothing,78,Nebraska,M,Pink,Winter,3.7,Yes,Next Day Air,Yes,12,PayPal,Every 3 Months,Young Adult,90,1014,10,22,Silver,0.7250000000000001,0.4800000000000002,0.22448979591836735,1,55.33,Average,1,High-Spending Customers
730,41,Male,Sunglasses,Accessories,56,Minnesota,L,Beige,Summer,3.2,Yes,Express,Yes,46,PayPal,Every 3 Months,Adult,90,2632,10,56,Premium,0.45000000000000007,0.28000000000000025,0.9183673469387754,1,61.15,Healthy,2,Premium Customers
731,48,Male,Boots,Footwear,25,Massachusetts,M,Indigo,Summer,3.9,Yes,Standard,Yes,28,Venmo,Fortnightly,Middle-aged,14,725,10,38,Silver,0.0625,0.56,0.5510204081632653,1,40.23,Average,3,Loyal Customers
732,43,Male,Coat,Outerwear,28,Arkansas,M,Red,Spring,3.5,Yes,Free Shipping,Yes,30,PayPal,Fortnightly,Adult,14,868,10,40,Silver,0.10000000000000003,0.40000000000000013,0.5918367346938774,1,39.76,At Risk,3,Loyal Customers
733,34,Male,Shirt,Clothing,57,New Hampshire,L,Blue,Spring,2.8,Yes,Express,Yes,28,Cash,Bi-Weekly,Adult,14,1653,10,38,Gold,0.4625,0.11999999999999988,0.5510204081632653,1,47.43,Average,3,Loyal Customers
734,45,Male,Dress,Clothing,36,Rhode Island,L,Cyan,Fall,2.7,Yes,2-Day Shipping,Yes,20,Debit Card,Bi-Weekly,Middle-aged,14,756,10,30,Silver,0.2,0.08000000000000007,0.38775510204081626,1,31.23,At Risk,0,At-Risk Customers
735,65,Male,Shirt,Clothing,69,New Jersey,S,Violet,Winter,3.1,Yes,Express,Yes,39,Bank Transfer,Every 3 Months,Senior,90,2760,10,49,Premium,0.6125,0.2400000000000002,0.7755102040816325,1,62.57,Healthy,2,Premium Customers
736,61,Male,Sunglasses,Accessories,48,Montana,M,Orange,Fall,3.6,Yes,2-Day Shipping,Yes,48,Cash,Bi-Weekly,Senior,14,2352,10,58,Premium,0.3500000000000001,0.44000000000000017,0.9591836734693877,1,61.58,Healthy,3,Loyal Customers
737,18,Male,Dress,Clothing,58,Colorado,L,Maroon,Spring,2.9,Yes,2-Day Shipping,Yes,32,Credit Card,Every 3 Months,Young Adult,90,1914,10,42,Gold,0.4750000000000001,0.15999999999999992,0.6326530612244897,1,51.18,Average,3,Loyal Customers
738,47,Male,Sunglasses,Accessories,24,Nebraska,M,Teal,Spring,3.6,Yes,Store Pickup,Yes,28,PayPal,Annually,Middle-aged,365,696,10,38,Silver,0.050000000000000044,0.44000000000000017,0.5510204081632653,1,37.33,At Risk,3,Loyal Customers
739,56,Male,Sunglasses,Accessories,31,Minnesota,L,Orange,Winter,3.5,Yes,2-Day Shipping,Yes,27,Venmo,Quarterly,Middle-aged,90,868,10,37,Silver,0.1375,0.40000000000000013,0.5306122448979591,1,39.42,At Risk,3,Loyal Customers
740,64,Male,Shorts,Clothing,29,Minnesota,S,Purple,Summer,3.5,Yes,Free Shipping,Yes,26,Venmo,Bi-Weekly,Senior,14,783,10,36,Silver,0.11250000000000004,0.40000000000000013,0.510204081632653,1,37.81,At Risk,0,At-Risk Customers
741,26,Male,Jeans,Clothing,69,South Dakota,M,Orange,Summer,2.8,Yes,Next Day Air,Yes,22,Credit Card,Fortnightly,Young Adult,14,1587,10,32,Gold,0.6125,0.11999999999999988,0.4285714285714285,1,49.76,Average,1,High-Spending Customers
742,22,Male,T-shirt,Clothing,79,West Virginia,XL,Yellow,Summer,4.7,Yes,Free Shipping,Yes,23,Bank Transfer,Every 3 Months,Young Adult,90,1896,10,33,Gold,0.7375,0.8800000000000001,0.44897959183673464,1,70.57,Healthy,1,High-Spending Customers
743,64,Male,Pants,Clothing,39,Nevada,M,Charcoal,Summer,3.1,Yes,Express,Yes,21,Debit Card,Quarterly,Senior,90,858,10,31,Silver,0.23750000000000004,0.2400000000000002,0.4081632653061224,1,36.54,At Risk,0,At-Risk Customers
744,21,Male,Sunglasses,Accessories,84,North Carolina,L,Gray,Fall,4.9,Yes,Free Shipping,Yes,36,Cash,Weekly,Young Adult,7,3108,10,46,Premium,0.8,0.9600000000000002,0.7142857142857142,1,82.63,Excellent,2,Premium Customers
745,67,Male,Boots,Footwear,66,Illinois,S,Charcoal,Spring,4.1,Yes,Next Day Air,Yes,42,Debit Card,Bi-Weekly,Senior,14,2838,10,52,Premium,0.5750000000000001,0.6399999999999999,0.836734693877551,1,70.9,Healthy,2,Premium Customers
746,46,Male,T-shirt,Clothing,92,Michigan,L,Orange,Fall,4.7,Yes,Standard,Yes,4,Venmo,Monthly,Middle-aged,30,460,10,14,Bronze,0.9000000000000001,0.8800000000000001,0.061224489795918366,1,65.44,Healthy,1,High-Spending Customers
747,40,Male,Sandals,Footwear,45,Michigan,M,Red,Winter,2.5,Yes,Free Shipping,Yes,47,Credit Card,Annually,Adult,365,2160,10,57,Gold,0.3125,0.0,0.9387755102040816,1,50.66,Average,3,Loyal Customers
748,51,Male,Shorts,Clothing,74,Oklahoma,L,Gold,Spring,4.4,Yes,Next Day Air,Yes,13,Bank Transfer,Weekly,Middle-aged,7,1036,10,23,Silver,0.675,0.7600000000000002,0.24489795918367344,1,59.55,Average,1,High-Spending Customers
749,35,Male,Hat,Accessories,39,South Dakota,L,Brown,Fall,3.9,Yes,Free Shipping,Yes,8,Bank Transfer,Quarterly,Adult,90,351,10,18,Bronze,0.23750000000000004,0.56,0.14285714285714285,1,34.99,At Risk,0,At-Risk Customers
750,56,Male,Scarf,Accessories,71,Oklahoma,M,Olive,Winter,3.7,Yes,Standard,Yes,11,Debit Card,Quarterly,Middle-aged,90,852,10,21,Silver,0.6375000000000001,0.4800000000000002,0.2040816326530612,1,51.22,Average,1,High-Spending Customers
751,25,Male,T-shirt,Clothing,95,Maryland,L,Violet,Fall,3.4,Yes,Free Shipping,Yes,5,Venmo,Annually,Young Adult,365,570,10,15,Bronze,0.9375,0.3600000000000001,0.08163265306122448,1,57.15,Average,1,High-Spending Customers
752,65,Male,Gloves,Accessories,72,Ohio,L,Indigo,Fall,4.8,Yes,Free Shipping,Yes,1,Credit Card,Monthly,Senior,30,144,10,11,Bronze,0.65,0.9199999999999999,0.0,1,54.4,Average,1,High-Spending Customers
753,39,Male,Scarf,Accessories,85,Ohio,L,Yellow,Fall,4.2,Yes,2-Day Shipping,Yes,17,PayPal,Every 3 Months,Adult,90,1530,10,27,Gold,0.8125,0.6800000000000002,0.32653061224489793,1,65.9,Healthy,1,High-Spending Customers
754,47,Male,Boots,Footwear,54,Massachusetts,M,Teal,Fall,3.4,Yes,Store Pickup,Yes,27,Venmo,Quarterly,Middle-aged,90,1512,10,37,Gold,0.42500000000000004,0.3600000000000001,0.5306122448979591,1,50.12,Average,3,Loyal Customers
755,36,Male,Gloves,Accessories,41,North Carolina,L,Pink,Spring,2.9,Yes,Store Pickup,Yes,3,Debit Card,Quarterly,Adult,90,164,10,13,Bronze,0.26250000000000007,0.15999999999999992,0.04081632653061225,1,24.92,At Risk,0,At-Risk Customers
756,66,Male,Coat,Outerwear,24,Florida,M,Violet,Spring,3.3,Yes,Free Shipping,Yes,22,PayPal,Weekly,Senior,7,552,10,32,Bronze,0.050000000000000044,0.32000000000000006,0.4285714285714285,1,31.26,At Risk,0,At-Risk Customers
757,62,Male,Belt,Accessories,99,Montana,S,Orange,Summer,4.8,Yes,Standard,Yes,24,Cash,Fortnightly,Senior,14,2475,10,34,Premium,0.9875,0.9199999999999999,0.4693877551020408,1,81.98,Excellent,2,Premium Customers
758,41,Male,Hoodie,Clothing,32,Minnesota,M,Red,Fall,3.8,Yes,Store Pickup,Yes,18,Debit Card,Quarterly,Adult,90,608,10,28,Bronze,0.15000000000000002,0.52,0.346938775510204,1,36.81,At Risk,0,At-Risk Customers
759,66,Male,Shoes,Footwear,71,Massachusetts,L,Peach,Summer,4.6,Yes,2-Day Shipping,Yes,39,Bank Transfer,Every 3 Months,Senior,90,2840,10,49,Premium,0.6375000000000001,0.8399999999999999,0.7755102040816325,1,75.57,Healthy,2,Premium Customers
760,51,Male,Dress,Clothing,49,Rhode Island,XL,Green,Winter,2.6,Yes,Next Day Air,Yes,25,Credit Card,Fortnightly,Middle-aged,14,1274,10,35,Silver,0.36250000000000004,0.040000000000000036,0.4897959183673469,1,39.99,At Risk,3,Loyal Customers
761,33,Male,Gloves,Accessories,50,Minnesota,XL,Violet,Fall,3.4,Yes,Free Shipping,Yes,6,Cash,Annually,Adult,365,350,10,16,Bronze,0.375,0.3600000000000001,0.10204081632653061,1,35.26,At Risk,0,At-Risk Customers
762,57,Male,Jewelry,Accessories,91,Nevada,L,Yellow,Fall,4.2,Yes,Express,Yes,26,Bank Transfer,Weekly,Middle-aged,7,2457,10,36,Premium,0.8875,0.6800000000000002,0.510204081632653,1,74.41,Healthy,2,Premium Customers
763,45,Male,Belt,Accessories,46,New Mexico,M,Pink,Fall,3.9,Yes,Standard,Yes,43,Debit Card,Fortnightly,Middle-aged,14,2024,10,53,Gold,0.32500000000000007,0.56,0.8571428571428571,1,59.91,Average,3,Loyal Customers
764,61,Male,Sweater,Clothing,50,North Carolina,M,Brown,Spring,2.9,Yes,2-Day Shipping,Yes,6,Credit Card,Monthly,Senior,30,350,10,16,Bronze,0.375,0.15999999999999992,0.10204081632653061,1,31.26,At Risk,0,At-Risk Customers
765,55,Male,Skirt,Clothing,39,Virginia,XL,Silver,Fall,4.2,Yes,Free Shipping,Yes,6,Debit Card,Quarterly,Middle-aged,90,273,10,16,Bronze,0.23750000000000004,0.6800000000000002,0.10204081632653061,1,36.16,At Risk,0,At-Risk Customers
766,54,Male,Sneakers,Footwear,99,Alaska,M,Pink,Summer,3.0,Yes,Store Pickup,Yes,13,Cash,Quarterly,Middle-aged,90,1386,10,23,Gold,0.9875,0.20000000000000018,0.24489795918367344,1,60.85,Healthy,1,High-Spending Customers
767,57,Male,Gloves,Accessories,48,Nevada,M,Cyan,Winter,3.6,Yes,Next Day Air,Yes,13,PayPal,Monthly,Middle-aged,30,672,10,23,Silver,0.3500000000000001,0.44000000000000017,0.24489795918367344,1,40.15,Average,0,At-Risk Customers
768,27,Male,Coat,Outerwear,77,Pennsylvania,M,Brown,Fall,2.5,Yes,Next Day Air,Yes,11,Cash,Annually,Young Adult,365,924,10,21,Silver,0.7125,0.0,0.2040816326530612,1,44.62,Average,1,High-Spending Customers
769,64,Male,Backpack,Accessories,95,Illinois,XL,Red,Spring,2.6,Yes,Express,Yes,45,Venmo,Weekly,Senior,7,4370,10,55,Premium,0.9375,0.040000000000000036,0.8979591836734693,1,75.24,Healthy,2,Premium Customers
770,52,Male,Socks,Clothing,100,Delaware,M,Silver,Spring,4.3,Yes,Store Pickup,Yes,8,PayPal,Monthly,Middle-aged,30,900,10,18,Silver,1.0,0.72,0.14285714285714285,1,68.69,Healthy,1,High-Spending Customers
771,19,Male,Sneakers,Footwear,54,Vermont,M,Gray,Spring,3.3,Yes,Express,Yes,8,Credit Card,Annually,Young Adult,365,486,10,18,Bronze,0.42500000000000004,0.32000000000000006,0.14285714285714285,1,37.69,At Risk,0,At-Risk Customers
772,22,Male,Sweater,Clothing,68,Hawaii,L,Cyan,Fall,2.6,Yes,Next Day Air,Yes,34,Bank Transfer,Fortnightly,Young Adult,14,2380,10,44,Premium,0.6000000000000001,0.040000000000000036,0.673469387755102,1,55.0,Average,3,Loyal Customers
773,18,Male,Jeans,Clothing,22,Illinois,L,Teal,Fall,3.6,Yes,Free Shipping,Yes,40,Debit Card,Bi-Weekly,Young Adult,14,902,10,50,Silver,0.025000000000000022,0.44000000000000017,0.7959183673469387,1,43.68,Average,3,Loyal Customers
774,29,Male,Hat,Accessories,84,California,L,Indigo,Winter,2.6,Yes,Express,Yes,14,Debit Card,Bi-Weekly,Young Adult,14,1260,10,24,Silver,0.8,0.040000000000000036,0.26530612244897955,1,50.76,Average,1,High-Spending Customers
775,42,Male,Hat,Accessories,46,Nevada,M,Yellow,Summer,3.5,Yes,Standard,Yes,11,Credit Card,Quarterly,Adult,90,552,10,21,Bronze,0.32500000000000007,0.40000000000000013,0.2040816326530612,1,37.12,At Risk,0,At-Risk Customers
776,49,Male,Handbag,Accessories,53,Kentucky,S,Gold,Winter,3.0,Yes,Store Pickup,Yes,8,PayPal,Monthly,Middle-aged,30,477,10,18,Bronze,0.4125000000000001,0.20000000000000018,0.14285714285714285,1,34.79,At Risk,0,At-Risk Customers
777,49,Male,Shirt,Clothing,60,Alabama,M,Maroon,Spring,5.0,Yes,Standard,Yes,8,Venmo,Every 3 Months,Middle-aged,90,540,10,18,Bronze,0.5,1.0,0.14285714285714285,1,54.29,Average,1,High-Spending Customers
778,55,Male,Socks,Clothing,32,Wyoming,XL,Silver,Spring,2.5,Yes,Express,Yes,37,Venmo,Weekly,Middle-aged,7,1216,10,47,Silver,0.15000000000000002,0.0,0.7346938775510203,1,38.04,At Risk,3,Loyal Customers
779,29,Male,Socks,Clothing,50,Massachusetts,M,Yellow,Summer,2.9,Yes,Store Pickup,Yes,23,Debit Card,Annually,Young Adult,365,1200,10,33,Silver,0.375,0.15999999999999992,0.44897959183673464,1,41.67,Average,3,Loyal Customers
780,60,Male,Dress,Clothing,94,Utah,M,Blue,Spring,4.6,Yes,Express,Yes,38,Cash,Annually,Senior,365,3666,10,48,Premium,0.925,0.8399999999999999,0.7551020408163265,1,86.45,Excellent,2,Premium Customers
781,34,Male,Shoes,Footwear,26,New York,M,Turquoise,Spring,3.6,Yes,Free Shipping,Yes,38,Cash,Quarterly,Adult,90,1014,10,48,Silver,0.07500000000000001,0.44000000000000017,0.7551020408163265,1,44.45,Average,3,Loyal Customers
782,30,Male,Scarf,Accessories,44,Vermont,L,Indigo,Winter,3.0,Yes,Store Pickup,Yes,12,Credit Card,Fortnightly,Young Adult,14,572,10,22,Bronze,0.30000000000000004,0.20000000000000018,0.22448979591836735,1,32.73,At Risk,0,At-Risk Customers
783,28,Male,Hoodie,Clothing,57,Hawaii,M,Green,Summer,4.5,Yes,Standard,Yes,15,Cash,Weekly,Young Adult,7,912,10,25,Silver,0.4625,0.8,0.28571428571428564,1,53.07,Average,1,High-Spending Customers
784,63,Male,T-shirt,Clothing,65,Louisiana,L,Purple,Winter,4.5,Yes,Next Day Air,Yes,38,PayPal,Fortnightly,Senior,14,2535,10,48,Premium,0.5625,0.8,0.7551020408163265,1,71.15,Healthy,2,Premium Customers
785,31,Male,Jeans,Clothing,72,Alabama,M,Peach,Winter,3.2,Yes,Store Pickup,Yes,41,Bank Transfer,Every 3 Months,Young Adult,90,3024,10,51,Premium,0.65,0.28000000000000025,0.8163265306122448,1,66.09,Healthy,2,Premium Customers
786,46,Male,Shorts,Clothing,62,Louisiana,S,Purple,Spring,4.0,Yes,Next Day Air,Yes,37,PayPal,Fortnightly,Middle-aged,14,2356,10,47,Premium,0.525,0.6000000000000001,0.7346938775510203,1,65.04,Healthy,2,Premium Customers
787,70,Male,Hat,Accessories,21,Indiana,S,Teal,Winter,4.8,Yes,Express,Yes,16,Bank Transfer,Every 3 Months,Senior,90,357,10,26,Bronze,0.012500000000000011,0.9199999999999999,0.3061224489795918,1,38.08,At Risk,0,At-Risk Customers
788,53,Male,Handbag,Accessories,85,Michigan,S,Green,Spring,3.7,Yes,Free Shipping,Yes,25,Venmo,Weekly,Middle-aged,7,2210,10,35,Gold,0.8125,0.4800000000000002,0.4897959183673469,1,66.79,Healthy,2,Premium Customers
789,50,Male,Pants,Clothing,51,Rhode Island,XL,Yellow,Summer,3.8,Yes,Store Pickup,Yes,18,Bank Transfer,Quarterly,Middle-aged,90,969,10,28,Silver,0.38750000000000007,0.52,0.346938775510204,1,46.31,Average,1,High-Spending Customers
790,33,Male,Handbag,Accessories,84,Idaho,S,Purple,Fall,2.7,Yes,Standard,Yes,4,Credit Card,Bi-Weekly,Adult,14,420,10,14,Bronze,0.8,0.08000000000000007,0.061224489795918366,1,45.44,Average,1,High-Spending Customers
791,22,Male,Sweater,Clothing,37,Louisiana,M,Indigo,Summer,4.9,Yes,Store Pickup,Yes,12,Bank Transfer,Quarterly,Young Adult,90,481,10,22,Bronze,0.21250000000000002,0.9600000000000002,0.22448979591836735,1,44.43,Average,0,At-Risk Customers
792,50,Male,Scarf,Accessories,44,North Carolina,S,Magenta,Summer,3.1,Yes,2-Day Shipping,Yes,35,PayPal,Fortnightly,Middle-aged,14,1584,10,45,Gold,0.30000000000000004,0.2400000000000002,0.693877551020408,1,47.62,Average,3,Loyal Customers
793,34,Male,Sneakers,Footwear,45,New Jersey,M,Violet,Spring,4.2,Yes,Next Day Air,Yes,45,Venmo,Weekly,Adult,7,2070,10,55,Gold,0.3125,0.6800000000000002,0.8979591836734693,1,63.04,Healthy,3,Loyal Customers
794,24,Male,Pants,Clothing,35,Alabama,L,Maroon,Summer,3.8,Yes,Free Shipping,Yes,16,Credit Card,Monthly,Young Adult,30,595,10,26,Bronze,0.1875,0.52,0.3061224489795918,1,37.08,At Risk,0,At-Risk Customers
795,69,Male,Backpack,Accessories,50,Kentucky,XL,Yellow,Winter,4.2,Yes,Store Pickup,Yes,10,Debit Card,Fortnightly,Senior,14,550,10,20,Bronze,0.375,0.6800000000000002,0.18367346938775508,1,44.11,Average,1,High-Spending Customers
796,39,Male,Sandals,Footwear,26,New York,M,Beige,Summer,4.6,Yes,Store Pickup,Yes,34,Venmo,Annually,Adult,365,910,10,44,Silver,0.07500000000000001,0.8399999999999999,0.673469387755102,1,50.0,Average,3,Loyal Customers
797,42,Male,Socks,Clothing,78,Arizona,XL,Black,Fall,4.0,Yes,2-Day Shipping,Yes,43,Credit Card,Annually,Adult,365,3432,10,53,Premium,0.7250000000000001,0.6000000000000001,0.8571428571428571,1,76.71,Healthy,2,Premium Customers
798,42,Male,Coat,Outerwear,82,Maryland,M,Violet,Fall,4.0,Yes,2-Day Shipping,Yes,38,Debit Card,Weekly,Adult,7,3198,10,48,Premium,0.7750000000000001,0.6000000000000001,0.7551020408163265,1,75.65,Healthy,2,Premium Customers
799,29,Male,Socks,Clothing,39,Alaska,M,Violet,Spring,3.8,Yes,2-Day Shipping,Yes,48,PayPal,Every 3 Months,Young Adult,90,1911,10,58,Gold,0.23750000000000004,0.52,0.9591836734693877,1,58.68,Average,3,Loyal Customers
800,55,Male,Belt,Accessories,55,Nevada,L,Brown,Summer,3.8,Yes,Free Shipping,Yes,31,PayPal,Annually,Middle-aged,365,1760,10,41,Gold,0.4375,0.52,0.6122448979591836,1,56.27,Average,3,Loyal Customers
801,32,Male,Socks,Clothing,20,Utah,S,Gold,Summer,2.6,Yes,Free Shipping,Yes,20,Cash,Every 3 Months,Adult,90,420,10,30,Bronze,0.0,0.040000000000000036,0.38775510204081626,1,22.43,At Risk,0,At-Risk Customers
802,25,Male,Belt,Accessories,29,New Mexico,L,Blue,Fall,4.9,Yes,Express,Yes,12,Credit Card,Fortnightly,Young Adult,14,377,10,22,Bronze,0.11250000000000004,0.9600000000000002,0.22448979591836735,1,40.43,Average,0,At-Risk Customers
803,38,Male,Pants,Clothing,41,Delaware,M,Teal,Winter,3.5,Yes,Next Day Air,Yes,2,Bank Transfer,Weekly,Adult,7,123,10,12,Bronze,0.26250000000000007,0.40000000000000013,0.02040816326530612,1,29.11,At Risk,0,At-Risk Customers
804,32,Male,Shorts,Clothing,38,Connecticut,L,Silver,Winter,2.8,Yes,Express,Yes,30,Venmo,Every 3 Months,Adult,90,1178,10,40,Silver,0.22500000000000003,0.11999999999999988,0.5918367346938774,1,39.16,At Risk,3,Loyal Customers
805,43,Male,Boots,Footwear,47,Mississippi,M,Maroon,Summer,2.6,Yes,Store Pickup,Yes,28,Venmo,Quarterly,Adult,90,1363,10,38,Gold,0.3375,0.040000000000000036,0.5510204081632653,1,40.83,Average,3,Loyal Customers
806,41,Male,Dress,Clothing,30,Connecticut,L,White,Summer,3.7,Yes,Next Day Air,Yes,40,Debit Card,Monthly,Adult,30,1230,10,50,Silver,0.125,0.4800000000000002,0.7959183673469387,1,48.48,Average,3,Loyal Customers
807,56,Male,Jeans,Clothing,56,Florida,L,Charcoal,Summer,2.7,Yes,Standard,Yes,46,PayPal,Quarterly,Middle-aged,90,2632,10,56,Premium,0.45000000000000007,0.08000000000000007,0.9183673469387754,1,57.15,Average,3,Loyal Customers
808,27,Male,T-shirt,Clothing,89,New York,S,Brown,Winter,3.3,Yes,Express,Yes,15,Credit Card,Weekly,Young Adult,7,1424,10,25,Gold,0.8625,0.32000000000000006,0.28571428571428564,1,59.47,Average,1,High-Spending Customers
809,46,Male,Shoes,Footwear,96,Wisconsin,L,Lavender,Fall,4.6,Yes,Next Day Air,Yes,38,Cash,Every 3 Months,Middle-aged,90,3744,10,48,Premium,0.9500000000000002,0.8399999999999999,0.7551020408163265,1,87.45,Excellent,2,Premium Customers
810,48,Male,Boots,Footwear,81,South Carolina,M,Violet,Fall,4.9,Yes,Next Day Air,Yes,30,PayPal,Bi-Weekly,Middle-aged,14,2511,10,40,Premium,0.7625,0.9600000000000002,0.5918367346938774,1,77.46,Healthy,2,Premium Customers
811,52,Male,Scarf,Accessories,83,South Dakota,S,Lavender,Fall,4.9,Yes,Store Pickup,Yes,32,Debit Card,Bi-Weekly,Middle-aged,14,2739,10,42,Premium,0.7875000000000001,0.9600000000000002,0.6326530612244897,1,79.68,Healthy,2,Premium Customers
812,18,Male,Sneakers,Footwear,35,Illinois,M,Green,Winter,2.7,Yes,Free Shipping,Yes,36,Venmo,Quarterly,Young Adult,90,1295,10,46,Silver,0.1875,0.08000000000000007,0.7142857142857142,1,40.53,Average,3,Loyal Customers
813,64,Male,Boots,Footwear,56,Alaska,M,Olive,Summer,3.2,Yes,Standard,Yes,32,Credit Card,Weekly,Senior,7,1848,10,42,Gold,0.45000000000000007,0.28000000000000025,0.6326530612244897,1,52.58,Average,3,Loyal Customers
814,54,Male,Handbag,Accessories,45,Montana,S,Olive,Summer,2.9,Yes,Store Pickup,Yes,14,Debit Card,Annually,Middle-aged,365,675,10,24,Silver,0.3125,0.15999999999999992,0.26530612244897955,1,33.66,At Risk,0,At-Risk Customers
815,31,Male,Shirt,Clothing,62,Minnesota,M,Pink,Winter,3.8,Yes,Express,Yes,8,PayPal,Monthly,Young Adult,30,558,10,18,Bronze,0.525,0.52,0.14285714285714285,1,45.69,Average,1,High-Spending Customers
816,30,Male,Hat,Accessories,84,West Virginia,L,Teal,Spring,3.0,Yes,Next Day Air,Yes,27,Venmo,Bi-Weekly,Young Adult,14,2352,10,37,Premium,0.8,0.20000000000000018,0.5306122448979591,1,61.92,Healthy,2,Premium Customers
817,26,Male,Sweater,Clothing,24,Illinois,L,Cyan,Summer,3.9,Yes,Store Pickup,Yes,24,Debit Card,Monthly,Young Adult,30,600,10,34,Bronze,0.050000000000000044,0.56,0.4693877551020408,1,37.28,At Risk,0,At-Risk Customers
818,25,Male,Handbag,Accessories,21,Nevada,S,Gray,Spring,4.7,Yes,Store Pickup,Yes,30,PayPal,Fortnightly,Young Adult,14,651,10,40,Bronze,0.012500000000000011,0.8800000000000001,0.5918367346938774,1,45.86,Average,3,Loyal Customers
819,59,Male,Shirt,Clothing,91,Idaho,M,Peach,Winter,4.9,Yes,Store Pickup,Yes,34,Debit Card,Monthly,Senior,30,3185,10,44,Premium,0.8875,0.9600000000000002,0.673469387755102,1,84.9,Excellent,2,Premium Customers
820,55,Male,Sunglasses,Accessories,36,Colorado,S,Teal,Winter,4.8,Yes,Next Day Air,Yes,28,Debit Card,Quarterly,Middle-aged,90,1044,10,38,Silver,0.2,0.9199999999999999,0.5510204081632653,1,52.93,Average,3,Loyal Customers
821,56,Male,Sneakers,Footwear,39,Louisiana,M,Turquoise,Spring,2.5,Yes,2-Day Shipping,Yes,27,Debit Card,Monthly,Middle-aged,30,1092,10,37,Silver,0.23750000000000004,0.0,0.5306122448979591,1,35.42,At Risk,3,Loyal Customers
822,62,Male,Hoodie,Clothing,39,Vermont,M,Green,Spring,3.9,Yes,Standard,Yes,31,Credit Card,Bi-Weekly,Senior,14,1248,10,41,Silver,0.23750000000000004,0.56,0.6122448979591836,1,49.07,Average,3,Loyal Customers
823,35,Male,Shirt,Clothing,59,Mississippi,L,Magenta,Winter,3.4,Yes,Standard,Yes,23,Bank Transfer,Annually,Adult,365,1416,10,33,Gold,0.48750000000000004,0.3600000000000001,0.44897959183673464,1,50.17,Average,3,Loyal Customers
824,51,Male,Sunglasses,Accessories,27,Georgia,M,Green,Winter,2.5,Yes,Free Shipping,Yes,11,Credit Card,Quarterly,Middle-aged,90,324,10,21,Bronze,0.08750000000000002,0.0,0.2040816326530612,1,19.62,At Risk,0,At-Risk Customers
825,61,Male,Blouse,Clothing,94,Georgia,M,White,Spring,3.0,Yes,Store Pickup,Yes,48,Cash,Quarterly,Senior,90,4606,10,58,Premium,0.925,0.20000000000000018,0.9591836734693877,1,79.78,Healthy,2,Premium Customers
826,27,Male,Belt,Accessories,94,Nebraska,XL,Brown,Fall,3.6,Yes,Next Day Air,Yes,17,Cash,Monthly,Young Adult,30,1692,10,27,Gold,0.925,0.44000000000000017,0.32653061224489793,1,65.6,Healthy,1,High-Spending Customers
827,54,Male,Dress,Clothing,94,Massachusetts,M,Purple,Winter,3.6,Yes,Standard,Yes,36,PayPal,Weekly,Middle-aged,7,3478,10,46,Premium,0.925,0.44000000000000017,0.7142857142857142,1,77.23,Healthy,2,Premium Customers
828,31,Male,Shoes,Footwear,51,Colorado,S,Green,Fall,4.1,Yes,Free Shipping,Yes,33,Bank Transfer,Fortnightly,Young Adult,14,1734,10,43,Gold,0.38750000000000007,0.6399999999999999,0.6530612244897959,1,57.89,Average,3,Loyal Customers
829,24,Male,Socks,Clothing,62,Nevada,M,Peach,Fall,3.7,Yes,2-Day Shipping,Yes,27,PayPal,Bi-Weekly,Young Adult,14,1736,10,37,Gold,0.525,0.4800000000000002,0.5306122448979591,1,56.52,Average,3,Loyal Customers
830,42,Male,Socks,Clothing,57,Idaho,S,Silver,Spring,3.7,Yes,2-Day Shipping,Yes,14,Credit Card,Fortnightly,Adult,14,855,10,24,Silver,0.4625,0.4800000000000002,0.26530612244897955,1,46.06,Average,1,High-Spending Customers
831,41,Male,Shorts,Clothing,76,Wyoming,M,Maroon,Fall,4.2,Yes,Express,Yes,5,Credit Card,Annually,Adult,365,456,10,15,Bronze,0.7000000000000001,0.6800000000000002,0.08163265306122448,1,54.05,Average,1,High-Spending Customers
832,66,Male,Gloves,Accessories,63,Washington,M,Red,Summer,4.3,Yes,Express,Yes,47,Cash,Every 3 Months,Senior,90,3024,10,57,Premium,0.5375000000000001,0.72,0.9387755102040816,1,74.06,Healthy,2,Premium Customers
833,58,Male,Jacket,Outerwear,80,California,L,Blue,Fall,2.5,Yes,Express,Yes,28,Cash,Bi-Weekly,Senior,14,2320,10,38,Premium,0.75,0.0,0.5510204081632653,1,56.53,Average,2,Premium Customers
834,43,Male,Handbag,Accessories,68,Oklahoma,M,Purple,Fall,3.5,Yes,Standard,Yes,11,Credit Card,Annually,Adult,365,816,10,21,Silver,0.6000000000000001,0.40000000000000013,0.2040816326530612,1,48.12,Average,1,High-Spending Customers
835,52,Male,Backpack,Accessories,89,Nevada,M,Indigo,Summer,3.1,Yes,Free Shipping,Yes,18,Credit Card,Weekly,Middle-aged,7,1691,10,28,Gold,0.8625,0.2400000000000002,0.346938775510204,1,59.71,Average,1,High-Spending Customers
836,35,Male,Boots,Footwear,26,Maryland,L,Indigo,Summer,2.5,Yes,Next Day Air,Yes,21,Debit Card,Weekly,Adult,7,572,10,31,Bronze,0.07500000000000001,0.0,0.4081632653061224,1,25.24,At Risk,0,At-Risk Customers
837,23,Male,Gloves,Accessories,90,West Virginia,L,Violet,Winter,3.9,Yes,Store Pickup,Yes,22,Cash,Bi-Weekly,Young Adult,14,2070,10,32,Gold,0.875,0.56,0.4285714285714285,1,69.06,Healthy,2,Premium Customers
838,25,Male,Hoodie,Clothing,28,Illinois,L,Brown,Spring,4.9,Yes,Express,Yes,33,Cash,Every 3 Months,Young Adult,90,952,10,43,Silver,0.10000000000000003,0.9600000000000002,0.6530612244897959,1,52.79,Average,3,Loyal Customers
839,33,Male,Coat,Outerwear,29,Kentucky,M,Gray,Spring,4.3,Yes,Express,Yes,49,Credit Card,Annually,Adult,365,1450,10,59,Gold,0.11250000000000004,0.72,0.9795918367346937,1,58.29,Average,3,Loyal Customers
840,48,Male,Shirt,Clothing,31,Illinois,L,Teal,Spring,2.6,Yes,Free Shipping,Yes,10,Debit Card,Every 3 Months,Middle-aged,90,341,10,20,Bronze,0.1375,0.040000000000000036,0.18367346938775508,1,21.81,At Risk,0,At-Risk Customers
841,42,Male,Shirt,Clothing,24,Alabama,L,Teal,Summer,4.2,Yes,2-Day Shipping,Yes,18,PayPal,Weekly,Adult,7,456,10,28,Bronze,0.050000000000000044,0.6800000000000002,0.346938775510204,1,36.01,At Risk,0,At-Risk Customers
842,55,Male,Sweater,Clothing,88,Texas,M,Beige,Summer,2.6,Yes,Store Pickup,Yes,28,PayPal,Fortnightly,Middle-aged,14,2552,10,38,Premium,0.8500000000000001,0.040000000000000036,0.5510204081632653,1,61.33,Healthy,2,Premium Customers
843,59,Male,Shirt,Clothing,87,Missouri,M,Violet,Spring,3.6,Yes,Express,Yes,25,PayPal,Weekly,Senior,7,2262,10,35,Gold,0.8375000000000001,0.44000000000000017,0.4897959183673469,1,66.99,Healthy,2,Premium Customers
844,65,Male,Hoodie,Clothing,80,Pennsylvania,S,Beige,Summer,3.2,Yes,Express,Yes,6,PayPal,Weekly,Senior,7,560,10,16,Bronze,0.75,0.28000000000000025,0.10204081632653061,1,48.66,Average,1,High-Spending Customers
845,59,Male,Sandals,Footwear,48,Missouri,L,Purple,Winter,4.4,Yes,Express,Yes,44,Venmo,Bi-Weekly,Senior,14,2160,10,54,Gold,0.3500000000000001,0.7600000000000002,0.8775510204081631,1,65.53,Healthy,3,Loyal Customers
846,31,Male,Belt,Accessories,21,Michigan,XL,Charcoal,Winter,3.7,Yes,Standard,Yes,30,Venmo,Monthly,Young Adult,30,651,10,40,Bronze,0.012500000000000011,0.4800000000000002,0.5918367346938774,1,37.86,At Risk,3,Loyal Customers
847,49,Male,Boots,Footwear,72,Kentucky,M,Pink,Spring,3.7,Yes,Express,Yes,42,Debit Card,Quarterly,Middle-aged,90,3096,10,52,Premium,0.65,0.4800000000000002,0.836734693877551,1,70.7,Healthy,2,Premium Customers
848,53,Male,Hoodie,Clothing,44,New Jersey,L,Blue,Fall,4.1,Yes,Standard,Yes,30,PayPal,Monthly,Middle-aged,30,1364,10,40,Gold,0.30000000000000004,0.6399999999999999,0.5918367346938774,1,52.56,Average,3,Loyal Customers
849,48,Male,Sandals,Footwear,73,Delaware,M,Lavender,Fall,3.6,Yes,Store Pickup,Yes,33,Credit Card,Bi-Weekly,Middle-aged,14,2482,10,43,Premium,0.6625000000000001,0.44000000000000017,0.6530612244897959,1,64.89,Healthy,2,Premium Customers
850,23,Male,Jeans,Clothing,61,Missouri,S,Charcoal,Spring,4.3,Yes,Express,Yes,24,PayPal,Quarterly,Young Adult,90,1525,10,34,Gold,0.5125000000000001,0.72,0.4693877551020408,1,58.98,Average,1,High-Spending Customers
851,68,Male,Shoes,Footwear,20,Connecticut,L,Turquoise,Winter,2.6,Yes,Store Pickup,Yes,13,Venmo,Monthly,Senior,30,280,10,23,Bronze,0.0,0.040000000000000036,0.24489795918367344,1,18.15,At Risk,0,At-Risk Customers
852,35,Male,Sandals,Footwear,86,Massachusetts,M,Red,Summer,2.9,Yes,Express,Yes,19,Debit Card,Monthly,Adult,30,1720,10,29,Gold,0.825,0.15999999999999992,0.36734693877551017,1,57.22,Average,1,High-Spending Customers
853,34,Male,Dress,Clothing,60,Florida,L,Yellow,Spring,4.2,Yes,Next Day Air,Yes,23,Debit Card,Every 3 Months,Adult,90,1440,10,33,Gold,0.5,0.6800000000000002,0.44897959183673464,1,57.07,Average,1,High-Spending Customers
854,62,Male,Hat,Accessories,43,Delaware,L,Orange,Winter,4.0,Yes,Free Shipping,Yes,35,Cash,Monthly,Senior,30,1548,10,45,Gold,0.2875,0.6000000000000001,0.693877551020408,1,54.32,Average,3,Loyal Customers
855,21,Male,Pants,Clothing,44,California,L,Blue,Spring,4.3,Yes,Free Shipping,Yes,22,Venmo,Monthly,Young Adult,30,1012,10,32,Silver,0.30000000000000004,0.72,0.4285714285714285,1,49.26,Average,3,Loyal Customers
856,70,Male,Socks,Clothing,76,Oregon,L,Gold,Spring,3.0,Yes,2-Day Shipping,Yes,14,Credit Card,Quarterly,Senior,90,1140,10,24,Silver,0.7000000000000001,0.20000000000000018,0.26530612244897955,1,49.96,Average,1,High-Spending Customers
857,55,Male,Shirt,Clothing,33,Alaska,M,Gold,Summer,3.5,Yes,Express,Yes,47,Debit Card,Fortnightly,Middle-aged,14,1584,10,57,Gold,0.16250000000000003,0.40000000000000013,0.9387755102040816,1,52.66,Average,3,Loyal Customers
858,43,Male,Shorts,Clothing,60,Missouri,L,Cyan,Fall,3.0,Yes,Standard,Yes,50,Debit Card,Every 3 Months,Adult,90,3060,10,60,Premium,0.5,0.20000000000000018,1.0,1,64.0,Healthy,2,Premium Customers
859,19,Male,Jacket,Outerwear,26,Oklahoma,L,Olive,Fall,3.1,Yes,Free Shipping,Yes,33,PayPal,Weekly,Young Adult,7,884,10,43,Silver,0.07500000000000001,0.2400000000000002,0.6530612244897959,1,37.39,At Risk,3,Loyal Customers
860,47,Male,Hoodie,Clothing,73,Wisconsin,M,Teal,Winter,4.0,Yes,Next Day Air,Yes,7,Debit Card,Monthly,Middle-aged,30,584,10,17,Bronze,0.6625000000000001,0.6000000000000001,0.12244897959183673,1,52.17,Average,1,High-Spending Customers
861,26,Male,Shoes,Footwear,87,South Carolina,M,Maroon,Spring,4.1,Yes,Standard,Yes,3,Cash,Monthly,Young Adult,30,348,10,13,Bronze,0.8375000000000001,0.6399999999999999,0.04081632653061225,1,57.52,Average,1,High-Spending Customers
862,46,Male,Skirt,Clothing,100,Virginia,XL,Green,Spring,3.7,Yes,2-Day Shipping,Yes,35,Credit Card,Every 3 Months,Middle-aged,90,3600,10,45,Premium,1.0,0.4800000000000002,0.693877551020408,1,80.42,Excellent,2,Premium Customers
863,19,Male,Coat,Outerwear,84,Arkansas,M,Charcoal,Winter,4.9,Yes,Standard,Yes,13,PayPal,Fortnightly,Young Adult,14,1176,10,23,Silver,0.8,0.9600000000000002,0.24489795918367344,1,68.55,Healthy,1,High-Spending Customers
864,49,Male,Sneakers,Footwear,41,Vermont,M,Cyan,Summer,3.9,Yes,Standard,Yes,42,PayPal,Fortnightly,Middle-aged,14,1763,10,52,Gold,0.26250000000000007,0.56,0.836734693877551,1,56.8,Average,3,Loyal Customers
865,51,Male,Jeans,Clothing,59,Kentucky,S,Charcoal,Winter,3.9,Yes,Next Day Air,Yes,5,PayPal,Annually,Middle-aged,365,354,10,15,Bronze,0.48750000000000004,0.56,0.08163265306122448,1,43.15,Average,1,High-Spending Customers
866,64,Male,Blouse,Clothing,26,Colorado,L,Charcoal,Winter,4.8,Yes,Store Pickup,Yes,23,Venmo,Annually,Senior,365,624,10,33,Bronze,0.07500000000000001,0.9199999999999999,0.44897959183673464,1,44.87,Average,3,Loyal Customers
867,67,Male,Sunglasses,Accessories,69,New Mexico,M,Lavender,Summer,2.7,Yes,Free Shipping,Yes,11,PayPal,Bi-Weekly,Senior,14,828,10,21,Silver,0.6125,0.08000000000000007,0.2040816326530612,1,42.22,Average,1,High-Spending Customers
868,37,Male,Jacket,Outerwear,20,Colorado,M,Turquoise,Spring,3.1,Yes,Free Shipping,Yes,23,Bank Transfer,Fortnightly,Adult,14,480,10,33,Bronze,0.0,0.2400000000000002,0.44897959183673464,1,28.27,At Risk,0,At-Risk Customers
869,40,Male,Dress,Clothing,83,North Carolina,M,Green,Summer,3.2,Yes,Next Day Air,Yes,2,Credit Card,Every 3 Months,Adult,90,249,10,12,Bronze,0.7875000000000001,0.28000000000000025,0.02040816326530612,1,47.71,Average,1,High-Spending Customers
870,38,Male,Hat,Accessories,54,New Hampshire,M,Silver,Spring,2.7,Yes,2-Day Shipping,Yes,33,PayPal,Weekly,Adult,7,1836,10,43,Gold,0.42500000000000004,0.08000000000000007,0.6530612244897959,1,48.19,Average,3,Loyal Customers
871,66,Male,Hoodie,Clothing,66,West Virginia,M,Blue,Fall,2.5,Yes,Standard,Yes,6,Bank Transfer,Bi-Weekly,Senior,14,462,10,16,Bronze,0.5750000000000001,0.0,0.10204081632653061,1,36.06,At Risk,0,At-Risk Customers
872,47,Male,Handbag,Accessories,42,Hawaii,M,Charcoal,Spring,2.6,Yes,Next Day Air,Yes,45,Debit Card,Quarterly,Middle-aged,90,1932,10,55,Gold,0.275,0.040000000000000036,0.8979591836734693,1,48.74,Average,3,Loyal Customers
873,56,Male,Jeans,Clothing,33,North Dakota,M,Pink,Spring,2.9,Yes,Standard,Yes,25,Cash,Quarterly,Middle-aged,90,858,10,35,Silver,0.16250000000000003,0.15999999999999992,0.4897959183673469,1,34.39,At Risk,0,At-Risk Customers
874,51,Male,Boots,Footwear,77,Mississippi,M,Pink,Summer,4.2,Yes,Free Shipping,Yes,24,Venmo,Quarterly,Middle-aged,90,1925,10,34,Gold,0.7125,0.6800000000000002,0.4693877551020408,1,66.18,Healthy,1,High-Spending Customers
875,25,Male,Jacket,Outerwear,65,Maine,M,Magenta,Fall,4.4,Yes,Free Shipping,Yes,10,Venmo,Every 3 Months,Young Adult,90,715,10,20,Silver,0.5625,0.7600000000000002,0.18367346938775508,1,53.21,Average,1,High-Spending Customers
876,37,Male,Sandals,Footwear,39,North Dakota,L,Gray,Summer,4.1,Yes,Free Shipping,Yes,7,Bank Transfer,Every 3 Months,Adult,90,312,10,17,Bronze,0.23750000000000004,0.6399999999999999,0.12244897959183673,1,35.97,At Risk,0,At-Risk Customers
877,41,Male,Belt,Accessories,51,Nebraska,L,Gray,Summer,3.8,Yes,2-Day Shipping,Yes,1,Debit Card,Weekly,Adult,7,102,10,11,Bronze,0.38750000000000007,0.52,0.0,1,35.9,At Risk,0,At-Risk Customers
878,64,Male,Handbag,Accessories,65,Nebraska,M,Orange,Winter,4.9,Yes,Next Day Air,Yes,45,Venmo,Every 3 Months,Senior,90,2990,10,55,Premium,0.5625,0.9600000000000002,0.8979591836734693,1,78.64,Healthy,2,Premium Customers
879,23,Male,Sunglasses,Accessories,89,Tennessee,S,Black,Summer,4.9,Yes,Express,Yes,37,Debit Card,Weekly,Young Adult,7,3382,10,47,Premium,0.8625,0.9600000000000002,0.7346938775510203,1,85.74,Excellent,2,Premium Customers
880,62,Male,Skirt,Clothing,76,Wyoming,S,Lavender,Spring,4.1,Yes,Free Shipping,Yes,14,PayPal,Quarterly,Senior,90,1140,10,24,Silver,0.7000000000000001,0.6399999999999999,0.26530612244897955,1,58.76,Average,1,High-Spending Customers
881,39,Male,Backpack,Accessories,75,Nevada,L,Red,Spring,3.1,Yes,Express,Yes,25,Debit Card,Monthly,Adult,30,1950,10,35,Gold,0.6875,0.2400000000000002,0.4897959183673469,1,56.99,Average,1,High-Spending Customers
882,52,Male,Sandals,Footwear,61,South Carolina,M,Silver,Summer,2.7,Yes,Next Day Air,Yes,18,Venmo,Annually,Middle-aged,365,1159,10,28,Silver,0.5125000000000001,0.08000000000000007,0.346938775510204,1,42.51,Average,1,High-Spending Customers
883,50,Male,Boots,Footwear,35,Virginia,M,Cyan,Fall,3.8,Yes,Next Day Air,Yes,37,Cash,Every 3 Months,Middle-aged,90,1330,10,47,Silver,0.1875,0.52,0.7346938775510203,1,49.94,Average,3,Loyal Customers
884,28,Male,Sneakers,Footwear,37,Pennsylvania,S,Gold,Fall,4.3,Yes,Free Shipping,Yes,30,Bank Transfer,Monthly,Young Adult,30,1147,10,40,Silver,0.21250000000000002,0.72,0.5918367346938774,1,50.66,Average,3,Loyal Customers
885,67,Male,Skirt,Clothing,91,Hawaii,L,Yellow,Winter,4.1,Yes,Express,Yes,34,Bank Transfer,Weekly,Senior,7,3185,10,44,Premium,0.8875,0.6399999999999999,0.673469387755102,1,78.5,Healthy,2,Premium Customers
886,41,Male,Dress,Clothing,99,Ohio,L,Purple,Fall,4.4,Yes,Free Shipping,Yes,49,Debit Card,Every 3 Months,Adult,90,4950,10,59,Premium,0.9875,0.7600000000000002,0.9795918367346937,1,94.09,Excellent,2,Premium Customers
887,19,Male,Shorts,Clothing,54,Utah,S,Brown,Summer,3.6,Yes,Express,Yes,48,Bank Transfer,Monthly,Young Adult,30,2646,10,58,Premium,0.42500000000000004,0.44000000000000017,0.9591836734693877,1,64.58,Healthy,2,Premium Customers
888,70,Male,Handbag,Accessories,47,Minnesota,L,Turquoise,Winter,3.3,Yes,2-Day Shipping,Yes,33,PayPal,Fortnightly,Senior,14,1598,10,43,Gold,0.3375,0.32000000000000006,0.6530612244897959,1,49.49,Average,3,Loyal Customers
889,49,Male,Scarf,Accessories,77,New Hampshire,S,Gold,Spring,3.8,Yes,Express,Yes,44,Cash,Annually,Middle-aged,365,3465,10,54,Premium,0.7125,0.52,0.8775510204081631,1,75.23,Healthy,2,Premium Customers
890,59,Male,Belt,Accessories,84,Arizona,S,Olive,Fall,2.8,Yes,Free Shipping,Yes,50,Venmo,Weekly,Senior,7,4284,10,60,Premium,0.8,0.11999999999999988,1.0,1,74.4,Healthy,2,Premium Customers
891,52,Male,Gloves,Accessories,51,New York,S,Purple,Spring,4.3,Yes,2-Day Shipping,Yes,47,Credit Card,Monthly,Middle-aged,30,2448,10,57,Premium,0.38750000000000007,0.72,0.9387755102040816,1,68.06,Healthy,2,Premium Customers
892,20,Male,Skirt,Clothing,26,Pennsylvania,S,Lavender,Summer,3.9,Yes,Store Pickup,Yes,24,PayPal,Every 3 Months,Young Adult,90,650,10,34,Bronze,0.07500000000000001,0.56,0.4693877551020408,1,38.28,At Risk,0,At-Risk Customers
893,31,Male,Shorts,Clothing,64,New Mexico,L,Gray,Summer,2.7,Yes,Free Shipping,Yes,43,Debit Card,Monthly,Young Adult,30,2816,10,53,Premium,0.55,0.08000000000000007,0.8571428571428571,1,59.31,Average,2,Premium Customers
894,33,Male,Backpack,Accessories,51,Nebraska,M,Red,Spring,4.7,Yes,Express,Yes,14,Venmo,Monthly,Adult,30,765,10,24,Silver,0.38750000000000007,0.8800000000000001,0.26530612244897955,1,51.06,Average,1,High-Spending Customers
895,44,Male,Hoodie,Clothing,60,Wyoming,L,Purple,Spring,3.8,Yes,Free Shipping,Yes,3,Debit Card,Quarterly,Adult,90,240,10,13,Bronze,0.5,0.52,0.04081632653061225,1,41.62,Average,1,High-Spending Customers
896,40,Male,Hat,Accessories,69,Mississippi,XL,Olive,Spring,4.7,Yes,Next Day Air,Yes,33,Debit Card,Quarterly,Adult,90,2346,10,43,Premium,0.6125,0.8800000000000001,0.6530612244897959,1,71.69,Healthy,2,Premium Customers
897,69,Male,Jewelry,Accessories,29,Arkansas,M,Lavender,Spring,4.7,Yes,Express,Yes,38,Cash,Fortnightly,Senior,14,1131,10,48,Silver,0.11250000000000004,0.8800000000000001,0.7551020408163265,1,54.75,Average,3,Loyal Customers
898,29,Male,Shirt,Clothing,91,Illinois,M,Gray,Spring,3.4,Yes,Express,Yes,46,Venmo,Weekly,Young Adult,7,4277,10,56,Premium,0.8875,0.3600000000000001,0.9183673469387754,1,80.25,Excellent,2,Premium Customers
899,54,Male,Belt,Accessories,70,Nevada,L,Red,Spring,3.5,Yes,2-Day Shipping,Yes,19,Bank Transfer,Every 3 Months,Middle-aged,90,1400,10,29,Gold,0.625,0.40000000000000013,0.36734693877551017,1,54.02,Average,1,High-Spending Customers
900,65,Male,Sweater,Clothing,58,Rhode Island,M,Peach,Summer,4.0,Yes,Standard,Yes,20,PayPal,Annually,Senior,365,1218,10,30,Silver,0.4750000000000001,0.6000000000000001,0.38775510204081626,1,52.63,Average,1,High-Spending Customers
901,54,Male,Hat,Accessories,98,West Virginia,L,Gray,Fall,3.3,Yes,Free Shipping,Yes,42,Bank Transfer,Quarterly,Middle-aged,90,4214,10,52,Premium,0.9750000000000001,0.32000000000000006,0.836734693877551,1,80.5,Excellent,2,Premium Customers
902,60,Male,Scarf,Accessories,68,Missouri,L,Violet,Summer,4.7,Yes,2-Day Shipping,Yes,34,Cash,Monthly,Senior,30,2380,10,44,Premium,0.6000000000000001,0.8800000000000001,0.673469387755102,1,71.8,Healthy,2,Premium Customers
903,43,Male,Hat,Accessories,44,Kentucky,M,Beige,Summer,2.8,Yes,Next Day Air,Yes,5,Cash,Monthly,Adult,30,264,10,15,Bronze,0.30000000000000004,0.11999999999999988,0.08163265306122448,1,26.85,At Risk,0,At-Risk Customers
904,44,Male,Jacket,Outerwear,45,Washington,M,Blue,Winter,3.3,Yes,Express,Yes,3,PayPal,Quarterly,Adult,90,180,10,13,Bronze,0.3125,0.32000000000000006,0.04081632653061225,1,30.12,At Risk,0,At-Risk Customers
905,69,Male,T-shirt,Clothing,99,Alaska,L,Magenta,Spring,2.9,Yes,Free Shipping,Yes,46,PayPal,Every 3 Months,Senior,90,4653,10,56,Premium,0.9875,0.15999999999999992,0.9183673469387754,1,80.25,Excellent,2,Premium Customers
906,46,Male,Dress,Clothing,68,Mississippi,S,Cyan,Spring,2.8,Yes,Standard,Yes,16,Venmo,Annually,Middle-aged,365,1156,10,26,Silver,0.6000000000000001,0.11999999999999988,0.3061224489795918,1,45.58,Average,1,High-Spending Customers
907,41,Male,Pants,Clothing,56,South Carolina,M,Red,Spring,4.2,Yes,Standard,Yes,21,Debit Card,Bi-Weekly,Adult,14,1232,10,31,Silver,0.45000000000000007,0.6800000000000002,0.4081632653061224,1,53.84,Average,1,High-Spending Customers
908,32,Male,Sweater,Clothing,43,Missouri,L,Cyan,Winter,4.4,Yes,Express,Yes,34,Credit Card,Bi-Weekly,Adult,14,1505,10,44,Gold,0.2875,0.7600000000000002,0.673469387755102,1,56.9,Average,3,Loyal Customers
909,26,Male,Sunglasses,Accessories,99,New Jersey,M,Turquoise,Winter,3.6,Yes,Free Shipping,Yes,9,PayPal,Every 3 Months,Young Adult,90,990,10,19,Silver,0.9875,0.44000000000000017,0.16326530612244897,1,63.2,Healthy,1,High-Spending Customers
910,61,Male,Belt,Accessories,56,Louisiana,L,Silver,Fall,2.7,Yes,Express,Yes,36,PayPal,Weekly,Senior,7,2072,10,46,Gold,0.45000000000000007,0.08000000000000007,0.7142857142857142,1,51.03,Average,3,Loyal Customers
911,49,Male,Hoodie,Clothing,25,South Carolina,S,Pink,Spring,3.4,Yes,Express,Yes,22,Credit Card,Monthly,Middle-aged,30,575,10,32,Bronze,0.0625,0.3600000000000001,0.4285714285714285,1,32.56,At Risk,0,At-Risk Customers
912,53,Male,Pants,Clothing,74,Vermont,M,Black,Winter,2.8,Yes,2-Day Shipping,Yes,2,Bank Transfer,Quarterly,Middle-aged,90,222,10,12,Bronze,0.675,0.11999999999999988,0.02040816326530612,1,40.01,Average,1,High-Spending Customers
913,24,Male,Hoodie,Clothing,56,Arkansas,M,Green,Winter,3.4,Yes,Next Day Air,Yes,32,Bank Transfer,Monthly,Young Adult,30,1848,10,42,Gold,0.45000000000000007,0.3600000000000001,0.6326530612244897,1,54.18,Average,3,Loyal Customers
914,37,Male,Sneakers,Footwear,47,Utah,M,Yellow,Fall,2.6,Yes,Next Day Air,Yes,29,Cash,Every 3 Months,Adult,90,1410,10,39,Gold,0.3375,0.040000000000000036,0.5714285714285714,1,41.44,Average,3,Loyal Customers
915,43,Male,Dress,Clothing,67,Washington,L,Purple,Summer,4.1,Yes,Standard,Yes,27,Venmo,Every 3 Months,Adult,90,1876,10,37,Gold,0.5875,0.6399999999999999,0.5306122448979591,1,62.22,Healthy,1,High-Spending Customers
916,31,Male,Dress,Clothing,22,Rhode Island,L,Purple,Winter,2.9,Yes,Store Pickup,Yes,33,Credit Card,Fortnightly,Young Adult,14,748,10,43,Silver,0.025000000000000022,0.15999999999999992,0.6530612244897959,1,33.79,At Risk,3,Loyal Customers
917,49,Male,Jeans,Clothing,34,Illinois,S,Blue,Spring,2.7,Yes,Standard,Yes,16,Venmo,Monthly,Middle-aged,30,578,10,26,Bronze,0.17500000000000004,0.08000000000000007,0.3061224489795918,1,27.78,At Risk,0,At-Risk Customers
918,69,Male,Sweater,Clothing,64,Missouri,M,Maroon,Spring,3.7,Yes,Standard,Yes,11,Bank Transfer,Quarterly,Senior,90,768,10,21,Silver,0.55,0.4800000000000002,0.2040816326530612,1,47.72,Average,1,High-Spending Customers
919,65,Male,Shorts,Clothing,42,North Carolina,M,Orange,Spring,4.3,Yes,2-Day Shipping,Yes,11,Cash,Fortnightly,Senior,14,504,10,21,Bronze,0.275,0.72,0.2040816326530612,1,41.52,Average,0,At-Risk Customers
920,41,Male,Shirt,Clothing,82,Massachusetts,L,Green,Winter,2.6,Yes,2-Day Shipping,Yes,17,Debit Card,Bi-Weekly,Adult,14,1476,10,27,Gold,0.7750000000000001,0.040000000000000036,0.32653061224489793,1,51.6,Average,1,High-Spending Customers
921,37,Male,Belt,Accessories,81,Arkansas,XL,Gold,Summer,4.3,Yes,Free Shipping,Yes,37,Cash,Weekly,Adult,7,3078,10,47,Premium,0.7625,0.72,0.7346938775510203,1,76.94,Healthy,2,Premium Customers
922,70,Male,Coat,Outerwear,24,South Dakota,L,Silver,Summer,4.1,Yes,Express,Yes,18,PayPal,Weekly,Senior,7,456,10,28,Bronze,0.050000000000000044,0.6399999999999999,0.346938775510204,1,35.21,At Risk,0,At-Risk Customers
923,63,Male,Sneakers,Footwear,60,Georgia,M,Cyan,Fall,4.2,Yes,Standard,Yes,13,Credit Card,Monthly,Senior,30,840,10,23,Silver,0.5,0.6800000000000002,0.24489795918367344,1,50.95,Average,1,High-Spending Customers
924,55,Male,Shirt,Clothing,24,Arkansas,M,Silver,Spring,4.2,Yes,2-Day Shipping,Yes,7,PayPal,Weekly,Middle-aged,7,192,10,17,Bronze,0.050000000000000044,0.6800000000000002,0.12244897959183673,1,29.27,At Risk,0,At-Risk Customers
925,52,Male,Socks,Clothing,78,Kansas,XL,Beige,Winter,3.1,Yes,Standard,Yes,37,Cash,Quarterly,Middle-aged,90,2964,10,47,Premium,0.7250000000000001,0.2400000000000002,0.7346938775510203,1,65.84,Healthy,2,Premium Customers
926,22,Male,Jeans,Clothing,88,Arizona,L,Teal,Winter,4.9,Yes,Express,Yes,8,Cash,Monthly,Young Adult,30,792,10,18,Silver,0.8500000000000001,0.9600000000000002,0.14285714285714285,1,67.49,Healthy,1,High-Spending Customers
927,54,Male,Jeans,Clothing,63,Massachusetts,XL,Green,Spring,4.4,Yes,Express,Yes,11,Cash,Bi-Weekly,Middle-aged,14,756,10,21,Silver,0.5375000000000001,0.7600000000000002,0.2040816326530612,1,52.82,Average,1,High-Spending Customers
928,28,Male,Sneakers,Footwear,78,New Mexico,L,Black,Summer,4.4,Yes,Standard,Yes,8,Venmo,Bi-Weekly,Young Adult,14,702,10,18,Silver,0.7250000000000001,0.7600000000000002,0.14285714285714285,1,58.49,Average,1,High-Spending Customers
929,67,Male,Dress,Clothing,37,Arkansas,XL,Yellow,Winter,3.4,Yes,Store Pickup,Yes,31,Cash,Every 3 Months,Senior,90,1184,10,41,Silver,0.21250000000000002,0.3600000000000001,0.6122448979591836,1,44.07,Average,3,Loyal Customers
930,59,Male,Boots,Footwear,94,Nebraska,M,White,Fall,4.5,Yes,2-Day Shipping,Yes,26,Debit Card,Fortnightly,Senior,14,2538,10,36,Premium,0.925,0.8,0.510204081632653,1,78.31,Healthy,2,Premium Customers
931,26,Male,T-shirt,Clothing,78,Hawaii,L,Green,Fall,4.5,Yes,Store Pickup,Yes,20,Credit Card,Bi-Weekly,Young Adult,14,1638,10,30,Gold,0.7250000000000001,0.8,0.38775510204081626,1,66.63,Healthy,1,High-Spending Customers
932,24,Male,Coat,Outerwear,36,Nebraska,M,Silver,Winter,4.1,Yes,Standard,Yes,24,Bank Transfer,Fortnightly,Young Adult,14,900,10,34,Silver,0.2,0.6399999999999999,0.4693877551020408,1,44.88,Average,3,Loyal Customers
933,62,Male,Skirt,Clothing,24,Indiana,L,Blue,Winter,3.2,Yes,Standard,Yes,45,Debit Card,Bi-Weekly,Senior,14,1104,10,55,Silver,0.050000000000000044,0.28000000000000025,0.8979591836734693,1,44.54,Average,3,Loyal Customers
934,70,Male,Sneakers,Footwear,84,Colorado,M,Magenta,Spring,2.7,Yes,Store Pickup,Yes,33,Debit Card,Monthly,Senior,30,2856,10,43,Premium,0.8,0.08000000000000007,0.6530612244897959,1,63.19,Healthy,2,Premium Customers
935,45,Male,Jeans,Clothing,47,Oregon,S,Yellow,Spring,3.7,Yes,Express,Yes,21,Bank Transfer,Monthly,Middle-aged,30,1034,10,31,Silver,0.3375,0.4800000000000002,0.4081632653061224,1,45.34,Average,3,Loyal Customers
936,58,Male,Hoodie,Clothing,51,Ohio,L,White,Fall,2.6,Yes,Store Pickup,Yes,2,Bank Transfer,Fortnightly,Senior,14,153,10,12,Bronze,0.38750000000000007,0.040000000000000036,0.02040816326530612,1,26.91,At Risk,0,At-Risk Customers
937,31,Male,Shoes,Footwear,84,Maine,M,Pink,Summer,2.7,Yes,Free Shipping,Yes,28,Cash,Weekly,Young Adult,7,2436,10,38,Premium,0.8,0.08000000000000007,0.5510204081632653,1,60.13,Healthy,2,Premium Customers
938,32,Male,Shorts,Clothing,24,Iowa,M,Magenta,Summer,2.7,Yes,Express,Yes,18,Venmo,Quarterly,Adult,90,456,10,28,Bronze,0.050000000000000044,0.08000000000000007,0.346938775510204,1,24.01,At Risk,0,At-Risk Customers
939,36,Male,Blouse,Clothing,97,Wisconsin,S,Teal,Fall,4.8,Yes,Free Shipping,Yes,21,Debit Card,Fortnightly,Adult,14,2134,10,31,Gold,0.9625000000000001,0.9199999999999999,0.4081632653061224,1,79.14,Healthy,2,Premium Customers
940,25,Male,T-shirt,Clothing,89,New York,L,Indigo,Winter,4.8,Yes,Next Day Air,Yes,24,Credit Card,Monthly,Young Adult,30,2225,10,34,Gold,0.8625,0.9199999999999999,0.4693877551020408,1,76.98,Healthy,2,Premium Customers
941,48,Male,Belt,Accessories,44,Colorado,S,Maroon,Spring,2.6,Yes,Store Pickup,Yes,15,PayPal,Every 3 Months,Middle-aged,90,704,10,25,Silver,0.30000000000000004,0.040000000000000036,0.28571428571428564,1,31.37,At Risk,0,At-Risk Customers
942,39,Male,Handbag,Accessories,35,Illinois,L,Black,Winter,4.5,Yes,2-Day Shipping,Yes,38,PayPal,Every 3 Months,Adult,90,1365,10,48,Gold,0.1875,0.8,0.7551020408163265,1,56.15,Average,3,Loyal Customers
943,26,Male,Dress,Clothing,91,Arizona,M,Cyan,Winter,3.2,Yes,Express,Yes,38,PayPal,Bi-Weekly,Young Adult,14,3549,10,48,Premium,0.8875,0.28000000000000025,0.7551020408163265,1,73.75,Healthy,2,Premium Customers
944,32,Male,Hat,Accessories,63,Oklahoma,L,Cyan,Winter,3.8,Yes,Next Day Air,Yes,13,Venmo,Fortnightly,Adult,14,882,10,23,Silver,0.5375000000000001,0.52,0.24489795918367344,1,49.25,Average,1,High-Spending Customers
945,54,Male,Belt,Accessories,97,Indiana,S,Gray,Spring,4.8,Yes,Express,Yes,39,Cash,Bi-Weekly,Middle-aged,14,3880,10,49,Premium,0.9625000000000001,0.9199999999999999,0.7755102040816325,1,90.17,Excellent,2,Premium Customers
946,38,Male,Boots,Footwear,38,Minnesota,M,Violet,Summer,4.1,Yes,Store Pickup,Yes,8,Venmo,Every 3 Months,Adult,90,342,10,18,Bronze,0.22500000000000003,0.6399999999999999,0.14285714285714285,1,36.09,At Risk,0,At-Risk Customers
947,46,Male,Coat,Outerwear,24,Pennsylvania,XL,Blue,Spring,2.8,Yes,Next Day Air,Yes,4,PayPal,Quarterly,Middle-aged,90,120,10,14,Bronze,0.050000000000000044,0.11999999999999988,0.061224489795918366,1,16.24,At Risk,0,At-Risk Customers
948,57,Male,Blouse,Clothing,32,Indiana,M,Charcoal,Winter,3.9,Yes,Store Pickup,Yes,6,Cash,Every 3 Months,Middle-aged,90,224,10,16,Bronze,0.15000000000000002,0.56,0.10204081632653061,1,30.26,At Risk,0,At-Risk Customers
949,49,Male,Hat,Accessories,90,Alabama,L,Olive,Summer,4.9,Yes,Express,Yes,11,Venmo,Every 3 Months,Middle-aged,90,1080,10,21,Silver,0.875,0.9600000000000002,0.2040816326530612,1,70.32,Healthy,1,High-Spending Customers
950,33,Male,Jeans,Clothing,36,Montana,M,Olive,Summer,3.4,Yes,Standard,Yes,49,Venmo,Monthly,Adult,30,1800,10,59,Gold,0.2,0.3600000000000001,0.9795918367346937,1,54.59,Average,3,Loyal Customers
951,54,Male,Backpack,Accessories,37,New Mexico,XL,Turquoise,Winter,4.1,Yes,Free Shipping,Yes,30,PayPal,Quarterly,Middle-aged,90,1147,10,40,Silver,0.21250000000000002,0.6399999999999999,0.5918367346938774,1,49.06,Average,3,Loyal Customers
952,47,Male,Dress,Clothing,51,Alaska,M,Cyan,Summer,2.9,Yes,Express,Yes,34,Bank Transfer,Monthly,Middle-aged,30,1785,10,44,Gold,0.38750000000000007,0.15999999999999992,0.673469387755102,1,48.9,Average,3,Loyal Customers
953,36,Male,Hat,Accessories,71,Idaho,S,Red,Fall,3.1,Yes,2-Day Shipping,Yes,28,PayPal,Monthly,Adult,30,2059,10,38,Gold,0.6375000000000001,0.2400000000000002,0.5510204081632653,1,56.83,Average,3,Loyal Customers
954,68,Male,Sunglasses,Accessories,50,Utah,S,Cyan,Spring,3.6,Yes,2-Day Shipping,Yes,36,Venmo,Quarterly,Senior,90,1850,10,46,Gold,0.375,0.44000000000000017,0.7142857142857142,1,55.23,Average,3,Loyal Customers
955,60,Male,Hat,Accessories,74,Louisiana,S,Turquoise,Fall,3.5,Yes,Standard,Yes,18,Credit Card,Every 3 Months,Senior,90,1406,10,28,Gold,0.675,0.40000000000000013,0.346938775510204,1,55.41,Average,1,High-Spending Customers
956,55,Male,Dress,Clothing,75,Mississippi,L,Lavender,Summer,3.4,Yes,Free Shipping,Yes,4,PayPal,Monthly,Middle-aged,30,375,10,14,Bronze,0.6875,0.3600000000000001,0.061224489795918366,1,46.54,Average,1,High-Spending Customers
957,29,Male,Shirt,Clothing,99,Mississippi,XL,Cyan,Spring,2.9,Yes,2-Day Shipping,Yes,42,Debit Card,Quarterly,Young Adult,90,4257,10,52,Premium,0.9875,0.15999999999999992,0.836734693877551,1,77.8,Healthy,2,Premium Customers
958,38,Male,Scarf,Accessories,23,Indiana,XL,Violet,Spring,4.7,Yes,Store Pickup,Yes,11,Cash,Quarterly,Adult,90,276,10,21,Bronze,0.03750000000000003,0.8800000000000001,0.2040816326530612,1,35.22,At Risk,0,At-Risk Customers
959,70,Male,Sneakers,Footwear,53,Washington,XL,Beige,Winter,4.4,Yes,Free Shipping,Yes,31,Credit Card,Bi-Weekly,Senior,14,1696,10,41,Gold,0.4125000000000001,0.7600000000000002,0.6122448979591836,1,60.07,Healthy,3,Loyal Customers
960,36,Male,Skirt,Clothing,99,Nevada,M,Cyan,Spring,2.6,Yes,Standard,Yes,12,Cash,Fortnightly,Adult,14,1287,10,22,Silver,0.9875,0.040000000000000036,0.22448979591836735,1,57.03,Average,1,High-Spending Customers
961,18,Male,Jewelry,Accessories,48,Louisiana,XL,Indigo,Spring,4.4,Yes,Standard,Yes,20,Venmo,Quarterly,Young Adult,90,1008,10,30,Silver,0.3500000000000001,0.7600000000000002,0.38775510204081626,1,50.83,Average,1,High-Spending Customers
962,62,Male,Boots,Footwear,72,Pennsylvania,L,Olive,Fall,3.7,Yes,Next Day Air,Yes,37,Debit Card,Quarterly,Senior,90,2736,10,47,Premium,0.65,0.4800000000000002,0.7346938775510203,1,67.64,Healthy,2,Premium Customers
963,29,Male,Sunglasses,Accessories,64,Michigan,L,Green,Spring,4.4,Yes,Standard,Yes,26,Debit Card,Fortnightly,Young Adult,14,1728,10,36,Gold,0.55,0.7600000000000002,0.510204081632653,1,62.51,Healthy,1,High-Spending Customers
964,21,Male,Boots,Footwear,63,South Carolina,L,Green,Spring,2.5,Yes,2-Day Shipping,Yes,14,Credit Card,Weekly,Young Adult,7,945,10,24,Silver,0.5375000000000001,0.0,0.26530612244897955,1,39.46,At Risk,0,At-Risk Customers
965,42,Male,Sandals,Footwear,51,Arizona,M,Beige,Spring,2.6,Yes,Next Day Air,Yes,12,Venmo,Bi-Weekly,Adult,14,663,10,22,Bronze,0.38750000000000007,0.040000000000000036,0.22448979591836735,1,33.03,At Risk,0,At-Risk Customers
966,43,Male,Boots,Footwear,55,Delaware,L,Black,Spring,5.0,Yes,Store Pickup,Yes,10,Credit Card,Annually,Adult,365,605,10,20,Bronze,0.4375,1.0,0.18367346938775508,1,53.01,Average,1,High-Spending Customers
967,58,Male,Dress,Clothing,55,Kentucky,M,Brown,Spring,4.9,Yes,Express,Yes,19,Cash,Annually,Senior,365,1100,10,29,Silver,0.4375,0.9600000000000002,0.36734693877551017,1,57.72,Average,1,High-Spending Customers
968,27,Male,Hoodie,Clothing,26,Georgia,S,Silver,Summer,3.7,Yes,Store Pickup,Yes,4,Cash,Weekly,Young Adult,7,130,10,14,Bronze,0.07500000000000001,0.4800000000000002,0.061224489795918366,1,24.44,At Risk,0,At-Risk Customers
969,57,Male,Shorts,Clothing,67,North Carolina,L,Gray,Summer,3.1,Yes,Next Day Air,Yes,48,Bank Transfer,Quarterly,Middle-aged,90,3283,10,58,Premium,0.5875,0.2400000000000002,0.9591836734693877,1,67.08,Healthy,2,Premium Customers
970,40,Male,Coat,Outerwear,31,California,S,Pink,Fall,3.2,Yes,Express,Yes,37,PayPal,Monthly,Adult,30,1178,10,47,Silver,0.1375,0.28000000000000025,0.7346938775510203,1,43.14,Average,3,Loyal Customers
971,45,Male,Jeans,Clothing,66,California,S,Maroon,Winter,4.4,Yes,Free Shipping,Yes,4,Cash,Monthly,Middle-aged,30,330,10,14,Bronze,0.5750000000000001,0.7600000000000002,0.061224489795918366,1,50.04,Average,1,High-Spending Customers
972,47,Male,Sunglasses,Accessories,67,Indiana,M,Cyan,Summer,4.3,Yes,Next Day Air,Yes,15,Credit Card,Weekly,Middle-aged,7,1072,10,25,Silver,0.5875,0.72,0.28571428571428564,1,56.47,Average,1,High-Spending Customers
973,61,Male,Sneakers,Footwear,61,Colorado,L,Gold,Winter,3.0,Yes,Standard,Yes,33,Credit Card,Weekly,Senior,7,2074,10,43,Gold,0.5125000000000001,0.20000000000000018,0.6530612244897959,1,54.09,Average,3,Loyal Customers
974,60,Male,Jacket,Outerwear,75,Colorado,M,Teal,Fall,3.5,Yes,2-Day Shipping,Yes,30,Bank Transfer,Quarterly,Senior,90,2325,10,40,Premium,0.6875,0.40000000000000013,0.5918367346938774,1,63.26,Healthy,2,Premium Customers
975,69,Male,Skirt,Clothing,90,North Carolina,M,Beige,Spring,3.6,Yes,2-Day Shipping,Yes,23,Bank Transfer,Monthly,Senior,30,2160,10,33,Gold,0.875,0.44000000000000017,0.44897959183673464,1,67.27,Healthy,2,Premium Customers
976,58,Male,Sweater,Clothing,40,Washington,M,Olive,Summer,3.8,Yes,2-Day Shipping,Yes,2,Bank Transfer,Weekly,Senior,7,120,10,12,Bronze,0.25,0.52,0.02040816326530612,1,31.01,At Risk,0,At-Risk Customers
977,34,Male,T-shirt,Clothing,90,Florida,M,Gray,Fall,3.6,Yes,Express,Yes,50,Credit Card,Every 3 Months,Adult,90,4590,10,60,Premium,0.875,0.44000000000000017,1.0,1,83.8,Excellent,2,Premium Customers
978,20,Male,Belt,Accessories,20,Washington,M,Black,Spring,4.6,Yes,Express,Yes,34,Cash,Bi-Weekly,Young Adult,14,700,10,44,Silver,0.0,0.8399999999999999,0.673469387755102,1,47.0,Average,3,Loyal Customers
979,56,Male,Gloves,Accessories,40,Colorado,M,Turquoise,Summer,2.5,Yes,Standard,Yes,33,Credit Card,Weekly,Middle-aged,7,1360,10,43,Gold,0.25,0.0,0.6530612244897959,1,39.59,At Risk,3,Loyal Customers
980,64,Male,Hat,Accessories,33,New Hampshire,S,Brown,Fall,3.5,Yes,Store Pickup,Yes,34,Debit Card,Monthly,Senior,30,1155,10,44,Silver,0.16250000000000003,0.40000000000000013,0.673469387755102,1,44.7,Average,3,Loyal Customers
981,56,Male,Boots,Footwear,98,Maryland,S,Magenta,Spring,4.0,Yes,Free Shipping,Yes,39,PayPal,Every 3 Months,Middle-aged,90,3920,10,49,Premium,0.9750000000000001,0.6000000000000001,0.7755102040816325,1,84.27,Excellent,2,Premium Customers
982,27,Male,Belt,Accessories,42,Maryland,M,Silver,Spring,3.5,Yes,Next Day Air,Yes,47,Credit Card,Quarterly,Young Adult,90,2016,10,57,Gold,0.275,0.40000000000000013,0.9387755102040816,1,57.16,Average,3,Loyal Customers
983,35,Male,Coat,Outerwear,62,Texas,S,Red,Summer,3.2,Yes,Standard,Yes,37,PayPal,Monthly,Adult,30,2356,10,47,Premium,0.525,0.28000000000000025,0.7346938775510203,1,58.64,Average,3,Loyal Customers
984,24,Male,Hat,Accessories,45,New Mexico,L,Indigo,Winter,3.5,Yes,Free Shipping,Yes,40,Venmo,Bi-Weekly,Young Adult,14,1845,10,50,Gold,0.3125,0.40000000000000013,0.7959183673469387,1,54.38,Average,3,Loyal Customers
985,26,Male,Shoes,Footwear,78,Utah,M,Green,Summer,3.4,Yes,Free Shipping,Yes,8,Credit Card,Bi-Weekly,Young Adult,14,702,10,18,Silver,0.7250000000000001,0.3600000000000001,0.14285714285714285,1,50.49,Average,1,High-Spending Customers
986,32,Male,Handbag,Accessories,80,West Virginia,M,Gray,Fall,5.0,Yes,Express,Yes,12,Bank Transfer,Annually,Adult,365,1040,10,22,Silver,0.75,1.0,0.22448979591836735,1,66.73,Healthy,1,High-Spending Customers
987,54,Male,Scarf,Accessories,96,Connecticut,S,Peach,Spring,4.5,Yes,Store Pickup,Yes,36,Bank Transfer,Monthly,Middle-aged,30,3552,10,46,Premium,0.9500000000000002,0.8,0.7142857142857142,1,85.43,Excellent,2,Premium Customers
988,62,Male,Handbag,Accessories,47,West Virginia,M,Charcoal,Summer,2.8,Yes,Express,Yes,48,PayPal,Weekly,Senior,7,2303,10,58,Premium,0.3375,0.11999999999999988,0.9591836734693877,1,54.68,Average,3,Loyal Customers
989,50,Male,Pants,Clothing,84,Ohio,M,Orange,Winter,4.9,Yes,2-Day Shipping,Yes,47,PayPal,Fortnightly,Middle-aged,14,4032,10,57,Premium,0.8,0.9600000000000002,0.9387755102040816,1,89.36,Excellent,2,Premium Customers
990,70,Male,Shoes,Footwear,31,Texas,M,Beige,Spring,3.1,Yes,Store Pickup,Yes,2,Bank Transfer,Monthly,Senior,30,93,10,12,Bronze,0.1375,0.2400000000000002,0.02040816326530612,1,20.91,At Risk,0,At-Risk Customers
991,48,Male,Sunglasses,Accessories,63,Washington,S,Yellow,Spring,4.8,Yes,Store Pickup,Yes,24,Cash,Weekly,Middle-aged,7,1575,10,34,Gold,0.5375000000000001,0.9199999999999999,0.4693877551020408,1,63.98,Healthy,1,High-Spending Customers
992,20,Male,Shorts,Clothing,97,Wisconsin,XL,White,Spring,2.7,Yes,Standard,Yes,40,Bank Transfer,Bi-Weekly,Young Adult,14,3977,10,50,Premium,0.9625000000000001,0.08000000000000007,0.7959183673469387,1,73.98,Healthy,2,Premium Customers
993,46,Male,Jacket,Outerwear,99,Louisiana,M,Gray,Winter,4.6,Yes,Express,Yes,50,Debit Card,Weekly,Middle-aged,7,5049,10,60,Premium,0.9875,0.8399999999999999,1.0,1,96.3,Excellent,2,Premium Customers
994,51,Male,Sandals,Footwear,90,Iowa,M,Peach,Winter,4.4,Yes,Store Pickup,Yes,25,Cash,Weekly,Middle-aged,7,2340,10,35,Premium,0.875,0.7600000000000002,0.4897959183673469,1,74.89,Healthy,2,Premium Customers
995,53,Male,Shoes,Footwear,68,New York,L,Violet,Fall,3.2,Yes,Express,Yes,20,Debit Card,Monthly,Middle-aged,30,1428,10,30,Gold,0.6000000000000001,0.28000000000000025,0.38775510204081626,1,51.23,Average,1,High-Spending Customers
996,44,Male,Jewelry,Accessories,80,Idaho,M,Magenta,Spring,3.0,Yes,2-Day Shipping,Yes,10,Venmo,Weekly,Adult,7,880,10,20,Silver,0.75,0.20000000000000018,0.18367346938775508,1,49.51,Average,1,High-Spending Customers
997,29,Male,Sandals,Footwear,91,Delaware,L,Maroon,Summer,4.9,Yes,Standard,Yes,32,Bank Transfer,Quarterly,Young Adult,90,3003,10,42,Premium,0.8875,0.9600000000000002,0.6326530612244897,1,83.68,Excellent,2,Premium Customers
998,64,Male,Pants,Clothing,30,Kentucky,M,Cyan,Spring,3.6,Yes,Express,Yes,31,Cash,Fortnightly,Senior,14,960,10,41,Silver,0.125,0.44000000000000017,0.6122448979591836,1,42.17,Average,3,Loyal Customers
999,51,Male,Shoes,Footwear,90,Connecticut,M,White,Spring,3.8,Yes,Next Day Air,Yes,48,Bank Transfer,Bi-Weekly,Middle-aged,14,4410,10,58,Premium,0.875,0.52,0.9591836734693877,1,84.18,Excellent,2,Premium Customers
1000,50,Male,Socks,Clothing,28,New Mexico,L,Brown,Spring,2.9,Yes,Standard,Yes,23,Debit Card,Monthly,Middle-aged,30,672,10,33,Silver,0.10000000000000003,0.15999999999999992,0.44897959183673464,1,30.67,At Risk,0,At-Risk Customers
1001,43,Male,Socks,Clothing,46,Georgia,M,Red,Winter,3.9,Yes,Express,Yes,1,Bank Transfer,Bi-Weekly,Adult,14,92,10,11,Bronze,0.32500000000000007,0.56,0.0,1,34.2,At Risk,0,At-Risk Customers
1002,61,Male,Dress,Clothing,60,Washington,M,Orange,Fall,3.6,Yes,Standard,Yes,4,Debit Card,Fortnightly,Senior,14,300,10,14,Bronze,0.5,0.44000000000000017,0.061224489795918366,1,40.64,Average,0,At-Risk Customers
1003,55,Male,Shoes,Footwear,59,North Dakota,M,White,Spring,3.5,Yes,Store Pickup,Yes,3,Bank Transfer,Bi-Weekly,Middle-aged,14,236,10,13,Bronze,0.48750000000000004,0.40000000000000013,0.04081632653061225,1,38.72,At Risk,0,At-Risk Customers
1004,56,Male,Hat,Accessories,68,Ohio,M,Green,Fall,4.0,Yes,Store Pickup,Yes,3,Cash,Bi-Weekly,Middle-aged,14,272,10,13,Bronze,0.6000000000000001,0.6000000000000001,0.04081632653061225,1,47.22,Average,1,High-Spending Customers
1005,33,Male,Backpack,Accessories,79,Tennessee,M,Black,Summer,4.8,Yes,2-Day Shipping,Yes,44,Cash,Annually,Adult,365,3555,10,54,Premium,0.7375,0.9199999999999999,0.8775510204081631,1,84.23,Excellent,2,Premium Customers
1006,43,Male,Backpack,Accessories,94,New York,M,Gold,Winter,3.9,Yes,Store Pickup,Yes,5,Debit Card,Bi-Weekly,Adult,14,564,10,15,Bronze,0.925,0.56,0.08163265306122448,1,60.65,Healthy,1,High-Spending Customers
1007,21,Male,Pants,Clothing,83,Michigan,S,Lavender,Summer,4.5,Yes,Next Day Air,Yes,50,Venmo,Quarterly,Young Adult,90,4233,10,60,Premium,0.7875000000000001,0.8,1.0,1,87.5,Excellent,2,Premium Customers
1008,58,Male,Gloves,Accessories,62,Georgia,XL,Turquoise,Spring,4.8,Yes,Standard,Yes,2,Credit Card,Annually,Senior,365,186,10,12,Bronze,0.525,0.9199999999999999,0.02040816326530612,1,50.01,Average,1,High-Spending Customers
1009,41,Male,Scarf,Accessories,85,New Mexico,M,Pink,Spring,2.6,Yes,Store Pickup,Yes,29,PayPal,Annually,Adult,365,2550,10,39,Premium,0.8125,0.040000000000000036,0.5714285714285714,1,60.44,Healthy,2,Premium Customers
1010,39,Male,Hoodie,Clothing,30,Louisiana,M,Silver,Summer,3.1,Yes,Express,Yes,11,Venmo,Annually,Adult,365,360,10,21,Bronze,0.125,0.2400000000000002,0.2040816326530612,1,25.92,At Risk,0,At-Risk Customers
1011,54,Male,Jeans,Clothing,24,South Dakota,XL,Gray,Spring,4.7,Yes,2-Day Shipping,Yes,37,Credit Card,Fortnightly,Middle-aged,14,912,10,47,Silver,0.050000000000000044,0.8800000000000001,0.7346938775510203,1,51.64,Average,3,Loyal Customers
1012,43,Male,Backpack,Accessories,25,Montana,L,Indigo,Spring,2.9,Yes,Next Day Air,Yes,32,Debit Card,Fortnightly,Adult,14,825,10,42,Silver,0.0625,0.15999999999999992,0.6326530612244897,1,34.68,At Risk,3,Loyal Customers
1013,28,Male,Sandals,Footwear,37,New Mexico,L,Teal,Summer,3.8,Yes,Express,Yes,27,Credit Card,Annually,Young Adult,365,1036,10,37,Silver,0.21250000000000002,0.52,0.5306122448979591,1,44.82,Average,3,Loyal Customers
1014,59,Male,Belt,Accessories,69,South Carolina,XL,Green,Summer,3.8,Yes,2-Day Shipping,Yes,31,Venmo,Bi-Weekly,Senior,14,2208,10,41,Gold,0.6125,0.52,0.6122448979591836,1,63.27,Healthy,2,Premium Customers
1015,28,Male,Shoes,Footwear,97,Ohio,M,Violet,Summer,3.0,Yes,Standard,Yes,36,Debit Card,Fortnightly,Young Adult,14,3589,10,46,Premium,0.9625000000000001,0.20000000000000018,0.7142857142857142,1,73.93,Healthy,2,Premium Customers
1016,68,Male,Gloves,Accessories,24,North Carolina,M,Cyan,Summer,4.1,Yes,Standard,Yes,34,Cash,Weekly,Senior,7,840,10,44,Silver,0.050000000000000044,0.6399999999999999,0.673469387755102,1,45.0,Average,3,Loyal Customers
1017,20,Male,Belt,Accessories,30,Idaho,XL,Blue,Summer,3.4,Yes,Express,Yes,15,Bank Transfer,Every 3 Months,Young Adult,90,480,10,25,Bronze,0.125,0.3600000000000001,0.28571428571428564,1,30.77,At Risk,0,At-Risk Customers
1018,21,Male,Jacket,Outerwear,53,Oklahoma,L,Orange,Fall,2.5,Yes,Express,Yes,14,Credit Card,Annually,Young Adult,365,795,10,24,Silver,0.4125000000000001,0.0,0.26530612244897955,1,34.46,At Risk,0,At-Risk Customers
1019,50,Male,Dress,Clothing,70,Georgia,XL,Charcoal,Spring,4.9,Yes,Next Day Air,Yes,46,Cash,Weekly,Middle-aged,7,3290,10,56,Premium,0.625,0.9600000000000002,0.9183673469387754,1,81.75,Excellent,2,Premium Customers
1020,32,Male,Shirt,Clothing,76,Kentucky,S,Beige,Winter,2.8,Yes,Standard,Yes,33,Venmo,Bi-Weekly,Adult,14,2584,10,43,Premium,0.7000000000000001,0.11999999999999988,0.6530612244897959,1,59.99,Average,2,Premium Customers
1021,24,Male,Scarf,Accessories,95,Delaware,M,Black,Fall,4.5,Yes,Express,Yes,41,Debit Card,Annually,Young Adult,365,3990,10,51,Premium,0.9375,0.8,0.8163265306122448,1,87.99,Excellent,2,Premium Customers
1022,55,Male,Coat,Outerwear,51,Massachusetts,S,Lavender,Winter,4.9,Yes,2-Day Shipping,Yes,39,PayPal,Weekly,Middle-aged,7,2040,10,49,Gold,0.38750000000000007,0.9600000000000002,0.7755102040816325,1,67.97,Healthy,2,Premium Customers
1023,61,Male,Handbag,Accessories,41,Nebraska,M,Lavender,Winter,4.9,Yes,Store Pickup,Yes,7,Cash,Annually,Senior,365,328,10,17,Bronze,0.26250000000000007,0.9600000000000002,0.12244897959183673,1,43.37,Average,0,At-Risk Customers
1024,61,Male,Sunglasses,Accessories,71,Maine,S,Turquoise,Winter,3.5,Yes,Free Shipping,Yes,29,Bank Transfer,Every 3 Months,Senior,90,2130,10,39,Gold,0.6375000000000001,0.40000000000000013,0.5714285714285714,1,60.64,Healthy,2,Premium Customers
1025,28,Male,T-shirt,Clothing,66,Pennsylvania,M,Purple,Summer,3.5,Yes,Free Shipping,Yes,18,Venmo,Quarterly,Young Adult,90,1254,10,28,Silver,0.5750000000000001,0.40000000000000013,0.346938775510204,1,51.41,Average,1,High-Spending Customers
1026,60,Male,Shirt,Clothing,84,Nebraska,M,Olive,Winter,4.9,Yes,Free Shipping,Yes,15,Credit Card,Annually,Senior,365,1344,10,25,Gold,0.8,0.9600000000000002,0.28571428571428564,1,69.77,Healthy,1,High-Spending Customers
1027,49,Male,Handbag,Accessories,95,Virginia,L,Turquoise,Winter,3.0,Yes,Express,Yes,39,PayPal,Bi-Weekly,Middle-aged,14,3800,10,49,Premium,0.9375,0.20000000000000018,0.7755102040816325,1,74.77,Healthy,2,Premium Customers
1028,33,Male,Jewelry,Accessories,90,Ohio,L,Teal,Summer,2.8,Yes,Next Day Air,Yes,11,Cash,Monthly,Adult,30,1080,10,21,Silver,0.875,0.11999999999999988,0.2040816326530612,1,53.52,Average,1,High-Spending Customers
1029,45,Male,Hoodie,Clothing,36,Nebraska,S,Lavender,Summer,3.7,Yes,Standard,Yes,4,Cash,Fortnightly,Middle-aged,14,180,10,14,Bronze,0.2,0.4800000000000002,0.061224489795918366,1,29.44,At Risk,0,At-Risk Customers
1030,29,Male,Gloves,Accessories,22,Ohio,M,Purple,Spring,3.6,Yes,2-Day Shipping,Yes,33,Venmo,Bi-Weekly,Young Adult,14,748,10,43,Silver,0.025000000000000022,0.44000000000000017,0.6530612244897959,1,39.39,At Risk,3,Loyal Customers
1031,58,Male,Coat,Outerwear,89,Kentucky,L,Blue,Winter,3.3,Yes,Next Day Air,Yes,37,Debit Card,Quarterly,Senior,90,3382,10,47,Premium,0.8625,0.32000000000000006,0.7346938775510203,1,72.94,Healthy,2,Premium Customers
1032,22,Male,Sandals,Footwear,50,Tennessee,M,Teal,Spring,3.4,Yes,Free Shipping,Yes,32,Cash,Quarterly,Young Adult,90,1650,10,42,Gold,0.375,0.3600000000000001,0.6326530612244897,1,51.18,Average,3,Loyal Customers
1033,55,Male,Boots,Footwear,36,Maine,M,Lavender,Fall,4.0,Yes,Free Shipping,Yes,44,Credit Card,Quarterly,Middle-aged,90,1620,10,54,Gold,0.2,0.6000000000000001,0.8775510204081631,1,56.33,Average,3,Loyal Customers
1034,19,Male,Pants,Clothing,52,Montana,S,Silver,Spring,4.6,Yes,Free Shipping,Yes,41,Bank Transfer,Quarterly,Young Adult,90,2184,10,51,Gold,0.4,0.8399999999999999,0.8163265306122448,1,67.29,Healthy,2,Premium Customers
1035,68,Male,Socks,Clothing,29,Maryland,M,Olive,Fall,4.2,Yes,Next Day Air,Yes,44,Bank Transfer,Weekly,Senior,7,1305,10,54,Silver,0.11250000000000004,0.6800000000000002,0.8775510204081631,1,54.43,Average,3,Loyal Customers
1036,61,Male,Blouse,Clothing,89,Georgia,M,Brown,Fall,2.8,Yes,Express,Yes,32,Venmo,Annually,Senior,365,2937,10,42,Premium,0.8625,0.11999999999999988,0.6326530612244897,1,65.88,Healthy,2,Premium Customers
1037,68,Male,Handbag,Accessories,47,Hawaii,M,Yellow,Fall,3.7,Yes,2-Day Shipping,Yes,13,Bank Transfer,Monthly,Senior,30,658,10,23,Bronze,0.3375,0.4800000000000002,0.24489795918367344,1,40.45,Average,0,At-Risk Customers
1038,52,Male,Jewelry,Accessories,25,Rhode Island,XL,Brown,Spring,3.4,Yes,Standard,Yes,48,Debit Card,Quarterly,Middle-aged,90,1225,10,58,Silver,0.0625,0.3600000000000001,0.9591836734693877,1,48.48,Average,3,Loyal Customers
1039,41,Male,Pants,Clothing,74,Nebraska,XL,Cyan,Fall,3.0,Yes,Express,Yes,3,Bank Transfer,Weekly,Adult,7,296,10,13,Bronze,0.675,0.20000000000000018,0.04081632653061225,1,42.22,Average,1,High-Spending Customers
1040,29,Male,Belt,Accessories,46,Michigan,M,Magenta,Fall,4.8,Yes,Standard,Yes,39,Venmo,Monthly,Young Adult,30,1840,10,49,Gold,0.32500000000000007,0.9199999999999999,0.7755102040816325,1,64.67,Healthy,3,Loyal Customers
1041,68,Male,Jeans,Clothing,22,North Carolina,S,Magenta,Fall,4.0,Yes,Next Day Air,Yes,7,Cash,Fortnightly,Senior,14,176,10,17,Bronze,0.025000000000000022,0.6000000000000001,0.12244897959183673,1,26.67,At Risk,0,At-Risk Customers
1042,36,Male,Shirt,Clothing,25,Minnesota,M,Orange,Summer,4.9,Yes,Next Day Air,Yes,11,Cash,Fortnightly,Adult,14,300,10,21,Bronze,0.0625,0.9600000000000002,0.2040816326530612,1,37.82,At Risk,0,At-Risk Customers
1043,55,Male,Belt,Accessories,80,Maryland,M,Maroon,Spring,4.9,Yes,Next Day Air,Yes,47,Credit Card,Weekly,Middle-aged,7,3840,10,57,Premium,0.75,0.9600000000000002,0.9387755102040816,1,87.36,Excellent,2,Premium Customers
1044,28,Male,Jeans,Clothing,76,Hawaii,M,Green,Spring,3.3,Yes,2-Day Shipping,Yes,28,Debit Card,Fortnightly,Young Adult,14,2204,10,38,Gold,0.7000000000000001,0.32000000000000006,0.5510204081632653,1,60.93,Healthy,2,Premium Customers
1045,39,Male,Jeans,Clothing,30,Oregon,L,Teal,Summer,4.4,Yes,Next Day Air,Yes,17,Bank Transfer,Every 3 Months,Adult,90,540,10,27,Bronze,0.125,0.7600000000000002,0.32653061224489793,1,40.0,At Risk,0,At-Risk Customers
1046,54,Male,Sweater,Clothing,79,New Mexico,L,Black,Fall,3.5,Yes,2-Day Shipping,Yes,11,PayPal,Bi-Weekly,Middle-aged,14,948,10,21,Silver,0.7375,0.40000000000000013,0.2040816326530612,1,53.62,Average,1,High-Spending Customers
1047,40,Male,Sneakers,Footwear,22,Illinois,M,Magenta,Winter,4.2,Yes,Standard,Yes,12,Venmo,Annually,Adult,365,286,10,22,Bronze,0.025000000000000022,0.6800000000000002,0.22448979591836735,1,31.33,At Risk,0,At-Risk Customers
1048,31,Male,Socks,Clothing,36,Utah,S,Olive,Fall,4.2,Yes,Standard,Yes,7,Credit Card,Fortnightly,Young Adult,14,288,10,17,Bronze,0.2,0.6800000000000002,0.12244897959183673,1,35.27,At Risk,0,At-Risk Customers
1049,30,Male,Socks,Clothing,77,Maine,L,Yellow,Fall,2.7,Yes,Standard,Yes,19,Venmo,Fortnightly,Young Adult,14,1540,10,29,Gold,0.7125,0.08000000000000007,0.36734693877551017,1,51.12,Average,1,High-Spending Customers
1050,45,Male,Sunglasses,Accessories,33,Virginia,S,Purple,Fall,2.8,Yes,Store Pickup,Yes,24,Cash,Quarterly,Middle-aged,90,825,10,34,Silver,0.16250000000000003,0.11999999999999988,0.4693877551020408,1,32.98,At Risk,0,At-Risk Customers
1051,48,Male,Sneakers,Footwear,64,Florida,M,Beige,Winter,3.8,Yes,Next Day Air,Yes,19,Venmo,Monthly,Middle-aged,30,1280,10,29,Silver,0.55,0.52,0.36734693877551017,1,53.42,Average,1,High-Spending Customers
1052,45,Male,Socks,Clothing,53,Ohio,M,Indigo,Fall,2.6,Yes,Free Shipping,Yes,39,PayPal,Annually,Middle-aged,365,2120,10,49,Gold,0.4125000000000001,0.040000000000000036,0.7755102040816325,1,50.57,Average,3,Loyal Customers
1053,60,Male,Shoes,Footwear,36,Virginia,XL,Pink,Fall,3.0,Yes,2-Day Shipping,Yes,1,Credit Card,Fortnightly,Senior,14,72,10,11,Bronze,0.2,0.20000000000000018,0.0,1,22.0,At Risk,0,At-Risk Customers
1054,59,Male,Blouse,Clothing,70,Kansas,M,Blue,Spring,3.3,No,2-Day Shipping,Yes,10,Debit Card,Bi-Weekly,Senior,14,770,0,10,Silver,0.625,0.32000000000000006,0.18367346938775508,0,36.91,At Risk,1,High-Spending Customers
1055,18,Male,Shorts,Clothing,96,Arkansas,L,Cyan,Winter,4.9,No,Express,Yes,48,PayPal,Quarterly,Young Adult,90,4704,0,48,Premium,0.9500000000000002,0.9600000000000002,0.9591836734693877,0,85.98,Excellent,2,Premium Customers
1056,70,Male,Jacket,Outerwear,27,Massachusetts,M,Orange,Spring,3.3,No,Next Day Air,Yes,24,Debit Card,Annually,Senior,365,675,0,24,Silver,0.08750000000000002,0.32000000000000006,0.4693877551020408,0,23.98,At Risk,0,At-Risk Customers
1057,20,Male,Sweater,Clothing,64,Idaho,L,Black,Winter,2.9,No,2-Day Shipping,Yes,42,Venmo,Fortnightly,Young Adult,14,2752,0,42,Premium,0.55,0.15999999999999992,0.836734693877551,0,50.3,Average,3,Loyal Customers
1058,65,Male,Jacket,Outerwear,23,Wisconsin,S,Maroon,Spring,4.4,No,2-Day Shipping,Yes,20,Credit Card,Weekly,Senior,7,483,0,20,Bronze,0.03750000000000003,0.7600000000000002,0.38775510204081626,0,28.33,At Risk,0,At-Risk Customers
1059,29,Male,Scarf,Accessories,33,New Mexico,L,Violet,Summer,3.1,No,Next Day Air,Yes,49,Bank Transfer,Every 3 Months,Young Adult,90,1650,0,49,Gold,0.16250000000000003,0.2400000000000002,0.9795918367346937,0,40.69,Average,3,Loyal Customers
1060,22,Male,Jacket,Outerwear,34,North Carolina,M,Beige,Winter,2.5,No,Standard,Yes,25,Debit Card,Monthly,Young Adult,30,884,0,25,Silver,0.17500000000000004,0.0,0.4897959183673469,0,21.69,At Risk,0,At-Risk Customers
1061,27,Male,Sweater,Clothing,35,Iowa,S,Gray,Summer,2.6,No,Next Day Air,Yes,21,Debit Card,Every 3 Months,Young Adult,90,770,0,21,Silver,0.1875,0.040000000000000036,0.4081632653061224,0,20.54,At Risk,0,At-Risk Customers
1062,36,Male,Coat,Outerwear,62,Idaho,M,Gray,Summer,4.4,No,Free Shipping,Yes,12,Venmo,Every 3 Months,Adult,90,806,0,12,Silver,0.525,0.7600000000000002,0.22448979591836735,0,42.93,Average,1,High-Spending Customers
1063,59,Male,Boots,Footwear,75,Ohio,M,Brown,Fall,2.6,No,Next Day Air,Yes,21,Debit Card,Every 3 Months,Senior,90,1650,0,21,Gold,0.6875,0.040000000000000036,0.4081632653061224,0,40.54,Average,1,High-Spending Customers
1064,62,Male,Hoodie,Clothing,29,Alabama,S,Indigo,Summer,3.3,No,Free Shipping,Yes,35,Cash,Monthly,Senior,30,1044,0,35,Silver,0.11250000000000004,0.32000000000000006,0.693877551020408,0,31.72,At Risk,3,Loyal Customers
1065,34,Male,Hat,Accessories,28,Wyoming,M,Violet,Spring,3.5,No,Express,Yes,42,Credit Card,Every 3 Months,Adult,90,1204,0,42,Silver,0.10000000000000003,0.40000000000000013,0.836734693877551,0,37.1,At Risk,3,Loyal Customers
1066,59,Male,T-shirt,Clothing,20,Alabama,XL,Blue,Spring,4.1,No,Store Pickup,Yes,3,PayPal,Every 3 Months,Senior,90,80,0,3,Bronze,0.0,0.6399999999999999,0.04081632653061225,0,14.02,At Risk,0,At-Risk Customers
1067,49,Male,Coat,Outerwear,96,Mississippi,M,Red,Winter,4.0,No,Store Pickup,Yes,11,PayPal,Bi-Weekly,Middle-aged,14,1152,0,11,Silver,0.9500000000000002,0.6000000000000001,0.2040816326530612,0,56.12,Average,1,High-Spending Customers
1068,18,Male,Dress,Clothing,43,Pennsylvania,S,Peach,Summer,2.7,No,2-Day Shipping,Yes,22,PayPal,Quarterly,Young Adult,90,989,0,22,Silver,0.2875,0.08000000000000007,0.4285714285714285,0,25.96,At Risk,0,At-Risk Customers
1069,55,Male,Shirt,Clothing,94,Wyoming,M,Olive,Fall,2.5,No,Standard,Yes,47,Credit Card,Weekly,Middle-aged,7,4512,0,47,Premium,0.925,0.0,0.9387755102040816,0,65.16,Healthy,2,Premium Customers
1070,38,Male,Skirt,Clothing,81,Maryland,XL,White,Fall,4.3,No,Next Day Air,Yes,33,Venmo,Every 3 Months,Adult,90,2754,0,33,Premium,0.7625,0.72,0.6530612244897959,0,64.49,Healthy,2,Premium Customers
1071,50,Male,Jewelry,Accessories,75,North Carolina,M,Magenta,Summer,3.3,No,Free Shipping,Yes,50,Debit Card,Weekly,Middle-aged,7,3825,0,50,Premium,0.6875,0.32000000000000006,1.0,0,63.9,Healthy,2,Premium Customers
1072,61,Male,Hat,Accessories,81,Pennsylvania,M,Beige,Summer,2.6,No,Express,Yes,46,Credit Card,Monthly,Senior,30,3807,0,46,Premium,0.7625,0.040000000000000036,0.9183673469387754,0,58.85,Average,2,Premium Customers
1073,48,Male,Shorts,Clothing,92,Idaho,L,Gold,Fall,3.7,No,Express,Yes,34,Debit Card,Fortnightly,Middle-aged,14,3220,0,34,Premium,0.9000000000000001,0.4800000000000002,0.673469387755102,0,65.8,Healthy,2,Premium Customers
1074,22,Male,Scarf,Accessories,96,California,XL,Purple,Spring,4.0,No,Store Pickup,Yes,33,Credit Card,Monthly,Young Adult,30,3264,0,33,Premium,0.9500000000000002,0.6000000000000001,0.6530612244897959,0,69.59,Healthy,2,Premium Customers
1075,48,Male,Jewelry,Accessories,71,Tennessee,S,White,Fall,2.6,No,Standard,Yes,45,Bank Transfer,Fortnightly,Middle-aged,14,3266,0,45,Premium,0.6375000000000001,0.040000000000000036,0.8979591836734693,0,53.24,Average,2,Premium Customers
1076,57,Male,Sunglasses,Accessories,50,Missouri,L,Indigo,Summer,4.9,No,Next Day Air,Yes,32,Debit Card,Bi-Weekly,Middle-aged,14,1650,0,32,Gold,0.375,0.9600000000000002,0.6326530612244897,0,53.18,Average,3,Loyal Customers
1077,33,Male,Coat,Outerwear,72,North Dakota,L,Charcoal,Spring,2.9,No,Standard,Yes,47,Venmo,Bi-Weekly,Adult,14,3456,0,47,Premium,0.65,0.15999999999999992,0.9387755102040816,0,57.36,Average,2,Premium Customers
1078,58,Male,Jacket,Outerwear,28,West Virginia,M,Pink,Winter,3.7,No,Standard,Yes,5,PayPal,Quarterly,Senior,90,168,0,5,Bronze,0.10000000000000003,0.4800000000000002,0.08163265306122448,0,16.05,At Risk,0,At-Risk Customers
1079,37,Male,Sweater,Clothing,59,Arizona,M,Silver,Fall,4.4,No,Express,Yes,49,Credit Card,Fortnightly,Adult,14,2950,0,49,Premium,0.48750000000000004,0.7600000000000002,0.9795918367346937,0,64.09,Healthy,2,Premium Customers
1080,18,Male,Coat,Outerwear,33,Oklahoma,S,Blue,Summer,4.4,No,Free Shipping,Yes,48,Bank Transfer,Monthly,Young Adult,30,1617,0,48,Gold,0.16250000000000003,0.7600000000000002,0.9591836734693877,0,50.48,Average,3,Loyal Customers
1081,65,Male,Scarf,Accessories,59,Pennsylvania,L,Blue,Fall,3.8,No,Express,Yes,22,Cash,Every 3 Months,Senior,90,1357,0,22,Gold,0.48750000000000004,0.52,0.4285714285714285,0,42.76,Average,1,High-Spending Customers
1082,62,Male,Belt,Accessories,30,Idaho,XL,Brown,Spring,4.5,No,Standard,Yes,45,Credit Card,Annually,Senior,365,1380,0,45,Gold,0.125,0.8,0.8979591836734693,0,47.94,Average,3,Loyal Customers
1083,54,Male,Hat,Accessories,85,South Carolina,XL,Cyan,Winter,2.6,No,Next Day Air,Yes,30,Venmo,Quarterly,Middle-aged,90,2635,0,30,Premium,0.8125,0.040000000000000036,0.5918367346938774,0,51.06,Average,2,Premium Customers
1084,35,Male,Backpack,Accessories,97,Washington,L,Teal,Summer,3.3,No,Store Pickup,Yes,43,Cash,Weekly,Adult,7,4268,0,43,Premium,0.9625000000000001,0.32000000000000006,0.8571428571428571,0,70.61,Healthy,2,Premium Customers
1085,34,Male,T-shirt,Clothing,36,Arkansas,S,Purple,Fall,4.1,No,Next Day Air,Yes,48,Cash,Quarterly,Adult,90,1764,0,48,Gold,0.2,0.6399999999999999,0.9591836734693877,0,49.58,Average,3,Loyal Customers
1086,25,Male,Jewelry,Accessories,85,Utah,M,Turquoise,Winter,3.0,No,Store Pickup,Yes,23,Venmo,Fortnightly,Young Adult,14,2040,0,23,Gold,0.8125,0.20000000000000018,0.44897959183673464,0,49.97,Average,1,High-Spending Customers
1087,53,Male,Sunglasses,Accessories,62,Alaska,M,Olive,Winter,3.0,No,Free Shipping,Yes,27,PayPal,Bi-Weekly,Middle-aged,14,1736,0,27,Gold,0.525,0.20000000000000018,0.5306122448979591,0,40.92,Average,3,Loyal Customers
1088,45,Male,Jeans,Clothing,71,West Virginia,S,White,Winter,3.4,No,Next Day Air,Yes,7,Bank Transfer,Monthly,Middle-aged,30,568,0,7,Bronze,0.6375000000000001,0.3600000000000001,0.12244897959183673,0,36.37,At Risk,1,High-Spending Customers
1089,49,Male,Pants,Clothing,21,Louisiana,M,Turquoise,Winter,2.7,No,Free Shipping,Yes,2,PayPal,Weekly,Middle-aged,7,63,0,2,Bronze,0.012500000000000011,0.08000000000000007,0.02040816326530612,0,2.71,At Risk,0,At-Risk Customers
1090,40,Male,Backpack,Accessories,61,Arizona,M,Silver,Spring,3.8,No,Next Day Air,Yes,33,PayPal,Bi-Weekly,Adult,14,2074,0,33,Gold,0.5125000000000001,0.52,0.6530612244897959,0,50.49,Average,3,Loyal Customers
1091,38,Male,Scarf,Accessories,58,Connecticut,M,Violet,Spring,4.2,No,Store Pickup,Yes,27,Cash,Fortnightly,Adult,14,1624,0,27,Gold,0.4750000000000001,0.6800000000000002,0.5306122448979591,0,48.52,Average,3,Loyal Customers
1092,44,Male,Sweater,Clothing,80,North Carolina,L,Lavender,Spring,4.7,No,Store Pickup,Yes,6,Credit Card,Fortnightly,Adult,14,560,0,6,Bronze,0.75,0.8800000000000001,0.10204081632653061,0,50.66,Average,1,High-Spending Customers
1093,68,Male,Jewelry,Accessories,50,South Dakota,L,Magenta,Spring,4.1,No,2-Day Shipping,Yes,20,Venmo,Quarterly,Senior,90,1050,0,20,Silver,0.375,0.6399999999999999,0.38775510204081626,0,39.43,At Risk,0,At-Risk Customers
1094,60,Male,Sneakers,Footwear,48,Delaware,S,Indigo,Winter,4.2,No,2-Day Shipping,Yes,46,Venmo,Every 3 Months,Senior,90,2256,0,46,Gold,0.3500000000000001,0.6800000000000002,0.9183673469387754,0,55.15,Average,3,Loyal Customers
1095,25,Male,Jewelry,Accessories,40,Connecticut,M,Black,Winter,4.8,No,Next Day Air,Yes,25,Cash,Quarterly,Young Adult,90,1040,0,25,Silver,0.25,0.9199999999999999,0.4897959183673469,0,43.09,Average,3,Loyal Customers
1096,19,Male,Coat,Outerwear,34,Tennessee,S,Peach,Summer,3.0,No,Free Shipping,Yes,30,Bank Transfer,Quarterly,Young Adult,90,1054,0,30,Silver,0.17500000000000004,0.20000000000000018,0.5918367346938774,0,28.76,At Risk,0,At-Risk Customers
1097,57,Male,Coat,Outerwear,46,New Hampshire,S,Beige,Fall,2.6,No,Standard,Yes,48,Credit Card,Annually,Middle-aged,365,2254,0,48,Gold,0.32500000000000007,0.040000000000000036,0.9591836734693877,0,42.58,Average,3,Loyal Customers
1098,58,Male,Sunglasses,Accessories,27,Vermont,M,Black,Summer,3.2,No,Store Pickup,Yes,47,Bank Transfer,Weekly,Senior,7,1296,0,47,Silver,0.08750000000000002,0.28000000000000025,0.9387755102040816,0,37.26,At Risk,3,Loyal Customers
1099,49,Male,Handbag,Accessories,98,Idaho,S,Turquoise,Spring,3.6,No,Next Day Air,Yes,27,Credit Card,Weekly,Middle-aged,7,2744,0,27,Premium,0.9750000000000001,0.44000000000000017,0.5306122448979591,0,63.72,Healthy,2,Premium Customers
1100,19,Male,Sweater,Clothing,73,North Carolina,M,Peach,Fall,2.6,No,Next Day Air,Yes,45,Bank Transfer,Fortnightly,Young Adult,14,3358,0,45,Premium,0.6625000000000001,0.040000000000000036,0.8979591836734693,0,54.24,Average,2,Premium Customers
1101,50,Male,Pants,Clothing,28,Nevada,L,Gold,Spring,4.4,No,Express,Yes,2,Credit Card,Weekly,Middle-aged,7,84,0,2,Bronze,0.10000000000000003,0.7600000000000002,0.02040816326530612,0,19.81,At Risk,0,At-Risk Customers
1102,30,Male,Gloves,Accessories,76,Delaware,XL,Silver,Fall,3.0,No,Free Shipping,Yes,39,Cash,Fortnightly,Young Adult,14,3040,0,39,Premium,0.7000000000000001,0.20000000000000018,0.7755102040816325,0,55.27,Average,2,Premium Customers
1103,52,Male,Sweater,Clothing,83,Texas,M,Peach,Fall,2.9,No,Express,Yes,24,Cash,Fortnightly,Middle-aged,14,2075,0,24,Gold,0.7875000000000001,0.15999999999999992,0.4693877551020408,0,48.78,Average,1,High-Spending Customers
1104,35,Male,Hoodie,Clothing,23,Tennessee,S,Charcoal,Spring,4.3,No,Free Shipping,Yes,8,Debit Card,Bi-Weekly,Adult,14,207,0,8,Bronze,0.03750000000000003,0.72,0.14285714285714285,0,20.19,At Risk,0,At-Risk Customers
1105,35,Male,Hat,Accessories,28,Delaware,M,Beige,Fall,3.1,No,Express,Yes,8,Bank Transfer,Quarterly,Adult,90,252,0,8,Bronze,0.10000000000000003,0.2400000000000002,0.14285714285714285,0,13.09,At Risk,0,At-Risk Customers
1106,33,Male,T-shirt,Clothing,83,Massachusetts,S,Olive,Spring,3.0,No,Next Day Air,Yes,6,Venmo,Every 3 Months,Adult,90,581,0,6,Bronze,0.7875000000000001,0.20000000000000018,0.10204081632653061,0,38.56,At Risk,1,High-Spending Customers
1107,52,Male,Skirt,Clothing,96,Minnesota,L,Violet,Winter,3.6,No,Store Pickup,Yes,12,Venmo,Fortnightly,Middle-aged,14,1248,0,12,Silver,0.9500000000000002,0.44000000000000017,0.22448979591836735,0,53.53,Average,1,High-Spending Customers
1108,69,Male,Sneakers,Footwear,62,Texas,M,Peach,Fall,2.8,No,Store Pickup,Yes,26,Bank Transfer,Weekly,Senior,7,1674,0,26,Gold,0.525,0.11999999999999988,0.510204081632653,0,38.71,At Risk,3,Loyal Customers
1109,27,Male,Shorts,Clothing,25,Nebraska,M,Teal,Fall,2.8,No,Standard,Yes,50,Cash,Fortnightly,Young Adult,14,1275,0,50,Silver,0.0625,0.11999999999999988,1.0,0,34.9,At Risk,3,Loyal Customers
1110,66,Male,Hoodie,Clothing,97,Oklahoma,L,Violet,Winter,3.7,No,Next Day Air,Yes,2,Venmo,Weekly,Senior,7,291,0,2,Bronze,0.9625000000000001,0.4800000000000002,0.02040816326530612,0,48.71,Average,1,High-Spending Customers
1111,28,Male,Hoodie,Clothing,61,Texas,L,Cyan,Fall,3.0,No,Standard,Yes,31,Cash,Bi-Weekly,Young Adult,14,1952,0,31,Gold,0.5125000000000001,0.20000000000000018,0.6122448979591836,0,42.87,Average,3,Loyal Customers
1112,22,Male,Shoes,Footwear,66,New York,S,Olive,Summer,4.1,No,Next Day Air,Yes,4,Credit Card,Bi-Weekly,Young Adult,14,330,0,4,Bronze,0.5750000000000001,0.6399999999999999,0.061224489795918366,0,37.64,At Risk,1,High-Spending Customers
1113,69,Male,Hoodie,Clothing,67,Washington,XL,Pink,Spring,4.6,No,Free Shipping,Yes,32,PayPal,Quarterly,Senior,90,2211,0,32,Gold,0.5875,0.8399999999999999,0.6326530612244897,0,59.28,Average,2,Premium Customers
1114,28,Male,Sunglasses,Accessories,80,Maryland,M,Purple,Summer,4.8,No,Next Day Air,Yes,11,PayPal,Bi-Weekly,Young Adult,14,960,0,11,Silver,0.75,0.9199999999999999,0.2040816326530612,0,54.52,Average,1,High-Spending Customers
1115,55,Male,Skirt,Clothing,25,New Hampshire,L,Violet,Fall,2.6,No,Next Day Air,Yes,47,Bank Transfer,Every 3 Months,Middle-aged,90,1200,0,47,Silver,0.0625,0.040000000000000036,0.9387755102040816,0,31.46,At Risk,3,Loyal Customers
1116,30,Male,Hat,Accessories,58,New York,S,Peach,Fall,4.0,No,2-Day Shipping,Yes,37,Cash,Weekly,Young Adult,7,2204,0,37,Gold,0.4750000000000001,0.6000000000000001,0.7346938775510203,0,53.04,Average,3,Loyal Customers
1117,67,Male,Backpack,Accessories,96,Hawaii,M,Charcoal,Winter,4.2,No,Express,Yes,39,PayPal,Fortnightly,Senior,14,3840,0,39,Premium,0.9500000000000002,0.6800000000000002,0.7755102040816325,0,74.87,Healthy,2,Premium Customers
1118,25,Male,Sunglasses,Accessories,77,California,L,Lavender,Spring,4.5,No,Store Pickup,Yes,24,Credit Card,Monthly,Young Adult,30,1925,0,24,Gold,0.7125,0.8,0.4693877551020408,0,58.58,Average,1,High-Spending Customers
1119,49,Male,Belt,Accessories,65,Indiana,M,Purple,Summer,4.9,No,Standard,Yes,11,PayPal,Every 3 Months,Middle-aged,90,780,0,11,Silver,0.5625,0.9600000000000002,0.2040816326530612,0,47.82,Average,1,High-Spending Customers
1120,34,Male,Jewelry,Accessories,36,Louisiana,M,Indigo,Spring,3.1,No,Standard,Yes,36,Credit Card,Weekly,Adult,7,1332,0,36,Gold,0.2,0.2400000000000002,0.7142857142857142,0,34.23,At Risk,3,Loyal Customers
1121,22,Male,Sneakers,Footwear,84,Pennsylvania,M,Magenta,Winter,4.0,No,Next Day Air,Yes,40,Debit Card,Monthly,Young Adult,30,3444,0,40,Premium,0.8,0.6000000000000001,0.7959183673469387,0,67.88,Healthy,2,Premium Customers
1122,63,Male,T-shirt,Clothing,58,Florida,XL,Peach,Fall,3.2,No,Express,Yes,25,Cash,Quarterly,Senior,90,1508,0,25,Gold,0.4750000000000001,0.28000000000000025,0.4897959183673469,0,39.29,At Risk,3,Loyal Customers
1123,70,Male,Handbag,Accessories,62,North Carolina,S,Charcoal,Spring,4.3,No,2-Day Shipping,Yes,12,Credit Card,Annually,Senior,365,806,0,12,Silver,0.525,0.72,0.22448979591836735,0,42.13,Average,1,High-Spending Customers
1124,36,Male,Hat,Accessories,67,Massachusetts,S,Purple,Fall,2.5,No,Store Pickup,Yes,38,Cash,Monthly,Adult,30,2613,0,38,Premium,0.5875,0.0,0.7551020408163265,0,46.15,Average,3,Loyal Customers
1125,42,Male,Sweater,Clothing,20,Iowa,M,Orange,Spring,3.7,No,Express,Yes,40,Cash,Quarterly,Adult,90,820,0,40,Silver,0.0,0.4800000000000002,0.7959183673469387,0,33.48,At Risk,3,Loyal Customers
1126,27,Male,Sandals,Footwear,90,North Dakota,M,Lavender,Summer,2.7,No,2-Day Shipping,Yes,10,Bank Transfer,Weekly,Young Adult,7,990,0,10,Silver,0.875,0.08000000000000007,0.18367346938775508,0,42.11,Average,1,High-Spending Customers
1127,23,Male,Scarf,Accessories,58,Iowa,L,Beige,Winter,3.4,No,Standard,Yes,47,Venmo,Fortnightly,Young Adult,14,2784,0,47,Premium,0.4750000000000001,0.3600000000000001,0.9387755102040816,0,54.36,Average,3,Loyal Customers
1128,50,Male,Shirt,Clothing,53,Delaware,XL,Maroon,Spring,4.8,No,Store Pickup,Yes,22,Debit Card,Monthly,Middle-aged,30,1219,0,22,Silver,0.4125000000000001,0.9199999999999999,0.4285714285714285,0,47.76,Average,1,High-Spending Customers
1129,56,Male,Gloves,Accessories,30,New York,L,Charcoal,Winter,4.7,No,Next Day Air,Yes,35,Debit Card,Monthly,Middle-aged,30,1080,0,35,Silver,0.125,0.8800000000000001,0.693877551020408,0,43.42,Average,3,Loyal Customers
1130,37,Male,Hoodie,Clothing,65,New Hampshire,XL,White,Winter,4.7,No,Express,Yes,46,Venmo,Fortnightly,Adult,14,3055,0,46,Premium,0.5625,0.8800000000000001,0.9183673469387754,0,67.65,Healthy,2,Premium Customers
1131,67,Male,Jewelry,Accessories,41,Kentucky,M,Lavender,Summer,3.9,No,Standard,Yes,30,PayPal,Bi-Weekly,Senior,14,1271,0,30,Silver,0.26250000000000007,0.56,0.5918367346938774,0,39.46,At Risk,3,Loyal Customers
1132,67,Male,Shirt,Clothing,73,Illinois,M,Black,Spring,3.7,No,Express,Yes,20,Bank Transfer,Monthly,Senior,30,1533,0,20,Gold,0.6625000000000001,0.4800000000000002,0.38775510204081626,0,47.73,Average,1,High-Spending Customers
1133,50,Male,Hoodie,Clothing,98,North Carolina,S,Teal,Spring,4.3,No,Store Pickup,Yes,25,Cash,Fortnightly,Middle-aged,14,2548,0,25,Premium,0.9750000000000001,0.72,0.4897959183673469,0,68.09,Healthy,2,Premium Customers
1134,36,Male,Shoes,Footwear,36,Connecticut,XL,Magenta,Winter,4.1,No,2-Day Shipping,Yes,29,Cash,Weekly,Adult,7,1080,0,29,Silver,0.2,0.6399999999999999,0.5714285714285714,0,37.94,At Risk,3,Loyal Customers
1135,62,Male,T-shirt,Clothing,81,Wisconsin,M,Brown,Summer,3.7,No,Express,Yes,2,Venmo,Every 3 Months,Senior,90,243,0,2,Bronze,0.7625,0.4800000000000002,0.02040816326530612,0,40.71,Average,1,High-Spending Customers
1136,65,Male,Skirt,Clothing,90,Massachusetts,L,Peach,Winter,3.6,No,2-Day Shipping,Yes,32,Bank Transfer,Quarterly,Senior,90,2970,0,32,Premium,0.875,0.44000000000000017,0.6326530612244897,0,62.78,Healthy,2,Premium Customers
1137,23,Male,Handbag,Accessories,83,Illinois,S,Cyan,Summer,4.8,No,Free Shipping,Yes,37,Cash,Monthly,Young Adult,30,3154,0,37,Premium,0.7875000000000001,0.9199999999999999,0.7346938775510203,0,71.94,Healthy,2,Premium Customers
1138,46,Male,Shirt,Clothing,91,New Mexico,XL,Pink,Winter,2.8,No,2-Day Shipping,Yes,16,Bank Transfer,Every 3 Months,Middle-aged,90,1547,0,16,Gold,0.8875,0.11999999999999988,0.3061224489795918,0,47.08,Average,1,High-Spending Customers
1139,18,Male,Pants,Clothing,36,Iowa,M,Purple,Summer,4.7,No,Express,Yes,32,Venmo,Fortnightly,Young Adult,14,1188,0,32,Silver,0.2,0.8800000000000001,0.6326530612244897,0,44.58,Average,3,Loyal Customers
1140,58,Male,Coat,Outerwear,53,Alabama,L,Purple,Spring,3.9,No,Standard,Yes,42,Debit Card,Bi-Weekly,Senior,14,2279,0,42,Gold,0.4125000000000001,0.56,0.836734693877551,0,52.8,Average,3,Loyal Customers
1141,31,Male,Jeans,Clothing,39,Maryland,M,White,Winter,2.6,No,Store Pickup,Yes,6,Credit Card,Every 3 Months,Young Adult,90,273,0,6,Bronze,0.23750000000000004,0.040000000000000036,0.10204081632653061,0,13.36,At Risk,0,At-Risk Customers
1142,39,Male,Gloves,Accessories,33,Ohio,S,Silver,Winter,4.7,No,Next Day Air,Yes,23,PayPal,Fortnightly,Adult,14,792,0,23,Silver,0.16250000000000003,0.8800000000000001,0.44897959183673464,0,37.57,At Risk,0,At-Risk Customers
1143,69,Male,T-shirt,Clothing,76,Ohio,L,Green,Spring,3.5,No,Store Pickup,Yes,27,Venmo,Bi-Weekly,Senior,14,2128,0,27,Gold,0.7000000000000001,0.40000000000000013,0.5306122448979591,0,51.92,Average,1,High-Spending Customers
1144,68,Male,Boots,Footwear,23,Nevada,L,Teal,Winter,4.4,No,Standard,Yes,43,PayPal,Quarterly,Senior,90,1012,0,43,Silver,0.03750000000000003,0.7600000000000002,0.8571428571428571,0,42.41,Average,3,Loyal Customers
1145,41,Male,Jeans,Clothing,54,South Carolina,S,Indigo,Fall,4.4,No,2-Day Shipping,Yes,25,Bank Transfer,Fortnightly,Adult,14,1404,0,25,Gold,0.42500000000000004,0.7600000000000002,0.4897959183673469,0,46.89,Average,3,Loyal Customers
1146,31,Male,Sneakers,Footwear,89,Nevada,L,Pink,Summer,3.0,No,Express,Yes,30,Cash,Every 3 Months,Young Adult,90,2759,0,30,Premium,0.8625,0.20000000000000018,0.5918367346938774,0,56.26,Average,2,Premium Customers
1147,48,Male,Sneakers,Footwear,38,Wisconsin,M,Indigo,Summer,4.2,No,Standard,Yes,7,Bank Transfer,Every 3 Months,Middle-aged,90,304,0,7,Bronze,0.22500000000000003,0.6800000000000002,0.12244897959183673,0,26.27,At Risk,0,At-Risk Customers
1148,59,Male,Hat,Accessories,36,Tennessee,XL,Red,Winter,4.3,No,Next Day Air,Yes,17,Debit Card,Annually,Senior,365,648,0,17,Bronze,0.2,0.72,0.32653061224489793,0,32.2,At Risk,0,At-Risk Customers
1149,34,Male,Pants,Clothing,66,Florida,M,Violet,Spring,2.6,No,Store Pickup,Yes,10,PayPal,Fortnightly,Adult,14,726,0,10,Silver,0.5750000000000001,0.040000000000000036,0.18367346938775508,0,29.31,At Risk,0,At-Risk Customers
1150,21,Male,Jewelry,Accessories,42,Georgia,L,Cyan,Spring,3.3,No,Store Pickup,Yes,40,Venmo,Annually,Young Adult,365,1722,0,40,Gold,0.275,0.32000000000000006,0.7959183673469387,0,41.28,Average,3,Loyal Customers
1151,29,Male,Jewelry,Accessories,36,Kentucky,S,Red,Winter,2.7,No,Next Day Air,Yes,50,Venmo,Bi-Weekly,Young Adult,14,1836,0,50,Gold,0.2,0.08000000000000007,1.0,0,39.6,At Risk,3,Loyal Customers
1152,41,Male,Blouse,Clothing,86,Ohio,M,Gray,Spring,3.7,No,Express,Yes,24,Credit Card,Weekly,Adult,7,2150,0,24,Gold,0.825,0.4800000000000002,0.4693877551020408,0,56.68,Average,1,High-Spending Customers
1153,62,Male,Handbag,Accessories,49,Connecticut,M,Gold,Fall,4.0,No,Standard,Yes,8,PayPal,Every 3 Months,Senior,90,441,0,8,Bronze,0.36250000000000004,0.6000000000000001,0.14285714285714285,0,30.79,At Risk,0,At-Risk Customers
1154,27,Male,Shirt,Clothing,41,Idaho,M,Pink,Summer,4.0,No,Free Shipping,Yes,6,Bank Transfer,Quarterly,Young Adult,90,287,0,6,Bronze,0.26250000000000007,0.6000000000000001,0.10204081632653061,0,25.56,At Risk,0,At-Risk Customers
1155,49,Male,Dress,Clothing,82,Georgia,L,Cyan,Spring,2.9,No,2-Day Shipping,Yes,44,Credit Card,Bi-Weekly,Middle-aged,14,3690,0,44,Premium,0.7750000000000001,0.15999999999999992,0.8775510204081631,0,60.53,Healthy,2,Premium Customers
1156,67,Male,T-shirt,Clothing,53,Tennessee,S,Red,Fall,2.6,No,Express,Yes,47,PayPal,Quarterly,Senior,90,2544,0,47,Premium,0.4125000000000001,0.040000000000000036,0.9387755102040816,0,45.46,Average,3,Loyal Customers
1157,20,Male,Shoes,Footwear,21,Hawaii,M,Gold,Summer,4.8,No,Express,Yes,6,Venmo,Every 3 Months,Young Adult,90,147,0,6,Bronze,0.012500000000000011,0.9199999999999999,0.10204081632653061,0,21.96,At Risk,0,At-Risk Customers
1158,37,Male,Belt,Accessories,66,Maryland,M,Charcoal,Fall,4.4,No,Standard,Yes,11,Cash,Quarterly,Adult,90,792,0,11,Silver,0.5750000000000001,0.7600000000000002,0.2040816326530612,0,44.32,Average,1,High-Spending Customers
1159,69,Male,Belt,Accessories,89,Nevada,L,Orange,Summer,4.0,No,2-Day Shipping,Yes,41,Bank Transfer,Annually,Senior,365,3738,0,41,Premium,0.8625,0.6000000000000001,0.8163265306122448,0,70.99,Healthy,2,Premium Customers
1160,66,Male,Handbag,Accessories,55,New Hampshire,L,Blue,Fall,3.6,No,2-Day Shipping,Yes,46,Venmo,Every 3 Months,Senior,90,2585,0,46,Premium,0.4375,0.44000000000000017,0.9183673469387754,0,53.85,Average,3,Loyal Customers
1161,37,Male,Scarf,Accessories,42,North Dakota,S,Blue,Summer,3.2,No,Next Day Air,Yes,9,Venmo,Bi-Weekly,Adult,14,420,0,9,Bronze,0.275,0.28000000000000025,0.16326530612244897,0,21.5,At Risk,0,At-Risk Customers
1162,63,Male,Shorts,Clothing,52,Oklahoma,S,Orange,Fall,3.1,No,2-Day Shipping,Yes,37,PayPal,Monthly,Senior,30,1976,0,37,Gold,0.4,0.2400000000000002,0.7346938775510203,0,42.84,Average,3,Loyal Customers
1163,47,Male,Sandals,Footwear,92,North Carolina,M,Blue,Winter,4.2,No,Express,Yes,13,PayPal,Weekly,Middle-aged,7,1288,0,13,Silver,0.9000000000000001,0.6800000000000002,0.24489795918367344,0,56.95,Average,1,High-Spending Customers
1164,26,Male,Pants,Clothing,56,Tennessee,L,White,Summer,3.0,No,2-Day Shipping,Yes,24,Debit Card,Monthly,Young Adult,30,1400,0,24,Gold,0.45000000000000007,0.20000000000000018,0.4693877551020408,0,36.08,At Risk,3,Loyal Customers
1165,68,Male,Dress,Clothing,96,Montana,M,Green,Winter,4.2,No,Standard,Yes,47,PayPal,Quarterly,Senior,90,4608,0,47,Premium,0.9500000000000002,0.6800000000000002,0.9387755102040816,0,79.76,Healthy,2,Premium Customers
1166,51,Male,T-shirt,Clothing,64,Wisconsin,M,Silver,Winter,2.9,No,Next Day Air,Yes,21,Venmo,Every 3 Months,Middle-aged,90,1408,0,21,Gold,0.55,0.15999999999999992,0.4081632653061224,0,37.44,At Risk,1,High-Spending Customers
1167,48,Male,Dress,Clothing,48,Connecticut,S,Lavender,Winter,3.7,No,Store Pickup,Yes,22,Venmo,Fortnightly,Middle-aged,14,1104,0,22,Silver,0.3500000000000001,0.4800000000000002,0.4285714285714285,0,36.46,At Risk,0,At-Risk Customers
1168,60,Male,Socks,Clothing,83,New Jersey,XL,Beige,Summer,3.6,No,Free Shipping,Yes,16,PayPal,Quarterly,Senior,90,1411,0,16,Gold,0.7875000000000001,0.44000000000000017,0.3061224489795918,0,49.48,Average,1,High-Spending Customers
1169,68,Male,Scarf,Accessories,91,Mississippi,L,Violet,Summer,3.6,No,Standard,Yes,37,Debit Card,Fortnightly,Senior,14,3458,0,37,Premium,0.8875,0.44000000000000017,0.7346938775510203,0,66.34,Healthy,2,Premium Customers
1170,25,Male,Backpack,Accessories,94,Wyoming,S,Gray,Fall,4.5,No,2-Day Shipping,Yes,3,Cash,Annually,Young Adult,365,376,0,3,Bronze,0.925,0.8,0.04081632653061225,0,54.22,Average,1,High-Spending Customers
1171,57,Male,Skirt,Clothing,62,Illinois,S,Red,Spring,3.2,No,Express,Yes,33,Cash,Bi-Weekly,Middle-aged,14,2108,0,33,Gold,0.525,0.28000000000000025,0.6530612244897959,0,46.19,Average,3,Loyal Customers
1172,41,Male,Socks,Clothing,55,Louisiana,M,Lavender,Spring,3.9,No,Next Day Air,Yes,15,Debit Card,Annually,Adult,365,880,0,15,Silver,0.4375,0.56,0.28571428571428564,0,37.27,At Risk,0,At-Risk Customers
1173,59,Male,Coat,Outerwear,68,Oregon,L,Peach,Spring,4.6,No,Store Pickup,Yes,42,Bank Transfer,Bi-Weekly,Senior,14,2924,0,42,Premium,0.6000000000000001,0.8399999999999999,0.836734693877551,0,65.9,Healthy,2,Premium Customers
1174,44,Male,Jewelry,Accessories,76,South Dakota,M,Indigo,Winter,2.5,No,Express,Yes,42,Cash,Bi-Weekly,Adult,14,3268,0,42,Premium,0.7000000000000001,0.0,0.836734693877551,0,53.1,Average,2,Premium Customers
1175,42,Male,Backpack,Accessories,31,Michigan,M,Black,Winter,4.3,No,Express,Yes,19,Bank Transfer,Bi-Weekly,Adult,14,620,0,19,Bronze,0.1375,0.72,0.36734693877551017,0,30.92,At Risk,0,At-Risk Customers
1176,35,Male,Belt,Accessories,81,New Jersey,M,Beige,Spring,4.1,No,Store Pickup,Yes,26,PayPal,Quarterly,Adult,90,2187,0,26,Gold,0.7625,0.6399999999999999,0.510204081632653,0,58.61,Average,2,Premium Customers
1177,36,Male,Dress,Clothing,83,Oregon,M,Red,Winter,3.7,No,Free Shipping,Yes,39,PayPal,Quarterly,Adult,90,3320,0,39,Premium,0.7875000000000001,0.4800000000000002,0.7755102040816325,0,64.37,Healthy,2,Premium Customers
1178,54,Male,Skirt,Clothing,21,Iowa,M,Black,Spring,4.8,No,Standard,Yes,24,Debit Card,Monthly,Middle-aged,30,525,0,24,Bronze,0.012500000000000011,0.9199999999999999,0.4693877551020408,0,32.98,At Risk,0,At-Risk Customers
1179,37,Male,Dress,Clothing,22,South Carolina,M,Teal,Spring,4.9,No,Express,Yes,23,Debit Card,Annually,Adult,365,528,0,23,Bronze,0.025000000000000022,0.9600000000000002,0.44897959183673464,0,33.67,At Risk,0,At-Risk Customers
1180,20,Male,T-shirt,Clothing,33,Indiana,M,Blue,Summer,2.8,No,Free Shipping,Yes,44,Bank Transfer,Annually,Young Adult,365,1485,0,44,Gold,0.16250000000000003,0.11999999999999988,0.8775510204081631,0,35.23,At Risk,3,Loyal Customers
1181,23,Male,Skirt,Clothing,23,Oregon,S,Beige,Spring,4.9,No,Standard,Yes,34,Cash,Monthly,Young Adult,30,805,0,34,Silver,0.03750000000000003,0.9600000000000002,0.673469387755102,0,40.9,Average,3,Loyal Customers
1182,61,Male,Shorts,Clothing,96,New York,L,Teal,Summer,3.5,No,Free Shipping,Yes,43,Bank Transfer,Quarterly,Senior,90,4224,0,43,Premium,0.9500000000000002,0.40000000000000013,0.8571428571428571,0,71.71,Healthy,2,Premium Customers
1183,37,Male,Jewelry,Accessories,21,New Mexico,M,Maroon,Spring,3.8,No,Express,Yes,45,PayPal,Quarterly,Adult,90,966,0,45,Silver,0.012500000000000011,0.52,0.8979591836734693,0,37.84,At Risk,3,Loyal Customers
1184,23,Male,Pants,Clothing,39,Louisiana,M,Yellow,Spring,4.5,No,2-Day Shipping,Yes,4,Credit Card,Weekly,Young Adult,7,195,0,4,Bronze,0.23750000000000004,0.8,0.061224489795918366,0,27.34,At Risk,0,At-Risk Customers
1185,63,Male,Belt,Accessories,73,South Carolina,S,Indigo,Fall,3.4,No,Express,Yes,19,Credit Card,Annually,Senior,365,1460,0,19,Gold,0.6625000000000001,0.3600000000000001,0.36734693877551017,0,44.72,Average,1,High-Spending Customers
1186,47,Male,Jeans,Clothing,64,Maine,M,Magenta,Spring,3.9,No,Standard,Yes,29,Credit Card,Monthly,Middle-aged,30,1920,0,29,Gold,0.55,0.56,0.5714285714285714,0,50.34,Average,3,Loyal Customers
1187,63,Male,Jeans,Clothing,68,Indiana,M,Beige,Summer,4.1,No,2-Day Shipping,Yes,27,Credit Card,Annually,Senior,365,1904,0,27,Gold,0.6000000000000001,0.6399999999999999,0.5306122448979591,0,52.72,Average,1,High-Spending Customers
1188,56,Male,Hat,Accessories,89,Iowa,L,Maroon,Fall,3.0,No,Express,Yes,37,Credit Card,Every 3 Months,Middle-aged,90,3382,0,37,Premium,0.8625,0.20000000000000018,0.7346938775510203,0,60.54,Healthy,2,Premium Customers
1189,68,Male,Blouse,Clothing,29,Mississippi,M,Magenta,Summer,3.3,No,Next Day Air,Yes,11,Credit Card,Weekly,Senior,7,348,0,11,Bronze,0.11250000000000004,0.32000000000000006,0.2040816326530612,0,17.02,At Risk,0,At-Risk Customers
1190,64,Male,Shirt,Clothing,97,Arkansas,XL,Teal,Summer,3.7,No,Free Shipping,Yes,28,Debit Card,Annually,Senior,365,2813,0,28,Premium,0.9625000000000001,0.4800000000000002,0.5510204081632653,0,64.63,Healthy,2,Premium Customers
1191,62,Male,Shirt,Clothing,45,South Carolina,M,Orange,Winter,4.3,No,Next Day Air,Yes,31,Credit Card,Weekly,Senior,7,1440,0,31,Gold,0.3125,0.72,0.6122448979591836,0,45.27,Average,3,Loyal Customers
1192,34,Male,T-shirt,Clothing,70,Indiana,L,Charcoal,Winter,4.1,No,Free Shipping,Yes,50,Venmo,Quarterly,Adult,90,3570,0,50,Premium,0.625,0.6399999999999999,1.0,0,67.8,Healthy,2,Premium Customers
1193,49,Male,Coat,Outerwear,56,Florida,M,Turquoise,Summer,4.0,No,2-Day Shipping,Yes,42,Venmo,Quarterly,Middle-aged,90,2408,0,42,Premium,0.45000000000000007,0.6000000000000001,0.836734693877551,0,55.1,Average,3,Loyal Customers
1194,40,Male,Jacket,Outerwear,55,Alaska,L,Pink,Fall,5.0,No,2-Day Shipping,Yes,18,Credit Card,Fortnightly,Adult,14,1045,0,18,Silver,0.4375,1.0,0.346938775510204,0,47.91,Average,1,High-Spending Customers
1195,50,Male,Hoodie,Clothing,46,New York,S,Teal,Winter,3.1,No,2-Day Shipping,Yes,6,Credit Card,Fortnightly,Middle-aged,14,322,0,6,Bronze,0.32500000000000007,0.2400000000000002,0.10204081632653061,0,20.86,At Risk,0,At-Risk Customers
1196,25,Male,Scarf,Accessories,95,Texas,M,White,Winter,4.0,No,2-Day Shipping,Yes,33,Venmo,Monthly,Young Adult,30,3230,0,33,Premium,0.9375,0.6000000000000001,0.6530612244897959,0,69.09,Healthy,2,Premium Customers
1197,30,Male,Belt,Accessories,88,North Dakota,M,Maroon,Winter,3.2,No,2-Day Shipping,Yes,13,Bank Transfer,Bi-Weekly,Young Adult,14,1232,0,13,Silver,0.8500000000000001,0.28000000000000025,0.24489795918367344,0,46.95,Average,1,High-Spending Customers
1198,54,Male,Sneakers,Footwear,92,Vermont,L,Violet,Fall,3.9,No,Standard,Yes,26,PayPal,Annually,Middle-aged,365,2484,0,26,Premium,0.9000000000000001,0.56,0.510204081632653,0,62.51,Healthy,2,Premium Customers
1199,40,Male,Socks,Clothing,49,New Jersey,M,Brown,Summer,3.9,No,2-Day Shipping,Yes,17,Cash,Annually,Adult,365,882,0,17,Silver,0.36250000000000004,0.56,0.32653061224489793,0,35.5,At Risk,0,At-Risk Customers
1200,49,Male,Sandals,Footwear,89,Maryland,M,Indigo,Fall,4.5,No,Free Shipping,Yes,3,Debit Card,Weekly,Middle-aged,7,356,0,3,Bronze,0.8625,0.8,0.04081632653061225,0,51.72,Average,1,High-Spending Customers
1201,27,Male,Coat,Outerwear,22,Connecticut,XL,Black,Winter,4.4,No,Store Pickup,Yes,7,PayPal,Weekly,Young Adult,7,176,0,7,Bronze,0.025000000000000022,0.7600000000000002,0.12244897959183673,0,19.87,At Risk,0,At-Risk Customers
1202,27,Male,Shoes,Footwear,61,Illinois,XL,Black,Summer,3.1,No,2-Day Shipping,Yes,46,Venmo,Fortnightly,Young Adult,14,2867,0,46,Premium,0.5125000000000001,0.2400000000000002,0.9183673469387754,0,52.85,Average,3,Loyal Customers
1203,48,Male,Scarf,Accessories,29,Maryland,S,Olive,Spring,2.9,No,Standard,Yes,14,Venmo,Every 3 Months,Middle-aged,90,435,0,14,Bronze,0.11250000000000004,0.15999999999999992,0.26530612244897955,0,15.66,At Risk,0,At-Risk Customers
1204,40,Male,Sneakers,Footwear,82,Minnesota,M,Orange,Winter,3.7,No,Free Shipping,Yes,23,Bank Transfer,Annually,Adult,365,1968,0,23,Gold,0.7750000000000001,0.4800000000000002,0.44897959183673464,0,54.07,Average,1,High-Spending Customers
1205,67,Male,Belt,Accessories,94,Florida,M,Pink,Spring,3.2,No,2-Day Shipping,Yes,20,Credit Card,Every 3 Months,Senior,90,1974,0,20,Gold,0.925,0.28000000000000025,0.38775510204081626,0,54.23,Average,1,High-Spending Customers
1206,52,Male,Handbag,Accessories,99,California,M,Olive,Spring,3.5,No,Standard,Yes,38,Bank Transfer,Fortnightly,Middle-aged,14,3861,0,38,Premium,0.9875,0.40000000000000013,0.7551020408163265,0,70.15,Healthy,2,Premium Customers
1207,22,Male,Handbag,Accessories,59,Mississippi,S,Cyan,Fall,3.0,No,Free Shipping,Yes,16,Venmo,Every 3 Months,Young Adult,90,1003,0,16,Silver,0.48750000000000004,0.20000000000000018,0.3061224489795918,0,32.68,At Risk,0,At-Risk Customers
1208,62,Male,Boots,Footwear,90,Washington,M,White,Summer,4.1,No,Next Day Air,Yes,48,Credit Card,Every 3 Months,Senior,90,4410,0,48,Premium,0.875,0.6399999999999999,0.9591836734693877,0,76.58,Healthy,2,Premium Customers
1209,20,Male,Boots,Footwear,100,Wisconsin,S,Red,Winter,3.8,No,2-Day Shipping,Yes,8,Debit Card,Annually,Young Adult,365,900,0,8,Silver,1.0,0.52,0.14285714285714285,0,54.69,Average,1,High-Spending Customers
1210,41,Male,Pants,Clothing,62,Pennsylvania,M,Blue,Winter,3.8,No,Next Day Air,Yes,16,Bank Transfer,Monthly,Adult,30,1054,0,16,Silver,0.525,0.52,0.3061224489795918,0,40.58,Average,1,High-Spending Customers
1211,34,Male,Sunglasses,Accessories,78,Missouri,M,Olive,Fall,4.1,No,Next Day Air,Yes,5,Cash,Quarterly,Adult,90,468,0,5,Bronze,0.7250000000000001,0.6399999999999999,0.08163265306122448,0,44.25,Average,1,High-Spending Customers
1212,23,Male,Hoodie,Clothing,94,Oklahoma,M,Green,Spring,4.6,No,Store Pickup,Yes,14,Venmo,Every 3 Months,Young Adult,90,1410,0,14,Gold,0.925,0.8399999999999999,0.26530612244897955,0,61.76,Healthy,1,High-Spending Customers
1213,32,Male,Shoes,Footwear,74,Pennsylvania,M,Yellow,Summer,2.5,No,Free Shipping,Yes,18,Credit Card,Weekly,Adult,7,1406,0,18,Gold,0.675,0.0,0.346938775510204,0,37.41,At Risk,1,High-Spending Customers
1214,68,Male,Handbag,Accessories,52,Kentucky,XL,Black,Spring,3.7,No,Express,Yes,14,Debit Card,Every 3 Months,Senior,90,780,0,14,Silver,0.4,0.4800000000000002,0.26530612244897955,0,33.56,At Risk,0,At-Risk Customers
1215,30,Male,Jacket,Outerwear,81,Vermont,M,Blue,Fall,3.8,No,Free Shipping,Yes,5,Cash,Every 3 Months,Young Adult,90,486,0,5,Bronze,0.7625,0.52,0.08163265306122448,0,43.35,Average,1,High-Spending Customers
1216,66,Male,Blouse,Clothing,20,Oregon,L,Pink,Winter,2.6,No,2-Day Shipping,Yes,15,Credit Card,Every 3 Months,Senior,90,320,0,15,Bronze,0.0,0.040000000000000036,0.28571428571428564,0,9.37,At Risk,0,At-Risk Customers
1217,62,Male,Pants,Clothing,32,Utah,XL,Lavender,Summer,3.7,No,Free Shipping,Yes,3,Venmo,Every 3 Months,Senior,90,128,0,3,Bronze,0.15000000000000002,0.4800000000000002,0.04081632653061225,0,16.82,At Risk,0,At-Risk Customers
1218,50,Male,Boots,Footwear,63,Nebraska,XL,Cyan,Fall,2.6,No,Free Shipping,Yes,12,Cash,Every 3 Months,Middle-aged,90,819,0,12,Silver,0.5375000000000001,0.040000000000000036,0.22448979591836735,0,29.03,At Risk,0,At-Risk Customers
1219,55,Male,Boots,Footwear,79,Pennsylvania,M,Cyan,Spring,3.1,No,Store Pickup,Yes,43,Cash,Every 3 Months,Middle-aged,90,3476,0,43,Premium,0.7375,0.2400000000000002,0.8571428571428571,0,60.01,Healthy,2,Premium Customers
1220,19,Male,Sweater,Clothing,23,Vermont,M,Gold,Winter,2.5,No,Next Day Air,Yes,35,Credit Card,Bi-Weekly,Young Adult,14,828,0,35,Silver,0.03750000000000003,0.0,0.693877551020408,0,22.32,At Risk,0,At-Risk Customers
1221,67,Male,Gloves,Accessories,64,Kentucky,M,Green,Winter,3.8,No,Express,Yes,36,Bank Transfer,Quarterly,Senior,90,2368,0,36,Premium,0.55,0.52,0.7142857142857142,0,53.83,Average,3,Loyal Customers
1222,18,Male,Socks,Clothing,69,Iowa,M,Red,Winter,4.5,No,Standard,Yes,3,Cash,Quarterly,Young Adult,90,276,0,3,Bronze,0.6125,0.8,0.04081632653061225,0,41.72,Average,1,High-Spending Customers
1223,58,Male,Jeans,Clothing,69,Indiana,L,Magenta,Fall,3.4,No,Store Pickup,Yes,27,Bank Transfer,Annually,Senior,365,1932,0,27,Gold,0.6125,0.3600000000000001,0.5306122448979591,0,47.62,Average,3,Loyal Customers
1224,69,Male,Pants,Clothing,24,Kansas,L,Red,Winter,3.9,No,Free Shipping,Yes,21,Bank Transfer,Weekly,Senior,7,528,0,21,Bronze,0.050000000000000044,0.56,0.4081632653061224,0,25.44,At Risk,0,At-Risk Customers
1225,62,Male,Shorts,Clothing,50,Illinois,M,Yellow,Summer,3.7,No,Store Pickup,Yes,18,Venmo,Weekly,Senior,7,950,0,18,Silver,0.375,0.4800000000000002,0.346938775510204,0,35.01,At Risk,0,At-Risk Customers
1226,28,Male,Gloves,Accessories,97,North Carolina,S,Turquoise,Fall,2.6,No,Free Shipping,Yes,16,Debit Card,Weekly,Young Adult,7,1649,0,16,Gold,0.9625000000000001,0.040000000000000036,0.3061224489795918,0,48.48,Average,1,High-Spending Customers
1227,53,Male,Sandals,Footwear,91,Ohio,S,Cyan,Fall,3.4,No,Store Pickup,Yes,18,Venmo,Bi-Weekly,Middle-aged,14,1729,0,18,Gold,0.8875,0.3600000000000001,0.346938775510204,0,53.11,Average,1,High-Spending Customers
1228,27,Male,Blouse,Clothing,37,Illinois,L,Yellow,Spring,4.9,No,Store Pickup,Yes,19,Bank Transfer,Bi-Weekly,Young Adult,14,740,0,19,Silver,0.21250000000000002,0.9600000000000002,0.36734693877551017,0,38.72,At Risk,0,At-Risk Customers
1229,55,Male,Jacket,Outerwear,55,Indiana,S,Yellow,Winter,3.9,No,Express,Yes,1,Cash,Annually,Middle-aged,365,110,0,1,Bronze,0.4375,0.56,0.0,0,28.7,At Risk,0,At-Risk Customers
1230,34,Male,Jewelry,Accessories,52,Kansas,XL,Maroon,Winter,3.6,No,Express,Yes,39,Bank Transfer,Annually,Adult,365,2080,0,39,Gold,0.4,0.44000000000000017,0.7755102040816325,0,48.07,Average,3,Loyal Customers
1231,25,Male,Hat,Accessories,80,Illinois,L,Brown,Spring,3.8,No,Standard,Yes,49,Venmo,Monthly,Young Adult,30,4000,0,49,Premium,0.75,0.52,0.9795918367346937,0,69.79,Healthy,2,Premium Customers
1232,66,Male,Socks,Clothing,79,Pennsylvania,M,Gold,Spring,4.0,No,2-Day Shipping,Yes,43,Credit Card,Fortnightly,Senior,14,3476,0,43,Premium,0.7375,0.6000000000000001,0.8571428571428571,0,67.21,Healthy,2,Premium Customers
1233,57,Male,Handbag,Accessories,23,New York,M,Charcoal,Summer,3.6,No,Free Shipping,Yes,31,Debit Card,Every 3 Months,Middle-aged,90,736,0,31,Silver,0.03750000000000003,0.44000000000000017,0.6122448979591836,0,28.67,At Risk,0,At-Risk Customers
1234,46,Male,Pants,Clothing,73,Utah,L,Beige,Winter,3.5,No,Next Day Air,Yes,40,Venmo,Every 3 Months,Middle-aged,90,2993,0,40,Premium,0.6625000000000001,0.40000000000000013,0.7959183673469387,0,58.38,Average,2,Premium Customers
1235,38,Male,Gloves,Accessories,99,New Jersey,M,Indigo,Fall,4.1,No,Store Pickup,Yes,2,Bank Transfer,Bi-Weekly,Adult,14,297,0,2,Bronze,0.9875,0.6399999999999999,0.02040816326530612,0,52.91,Average,1,High-Spending Customers
1236,23,Male,Sweater,Clothing,22,Idaho,M,Red,Spring,3.0,No,Store Pickup,Yes,46,PayPal,Every 3 Months,Young Adult,90,1034,0,46,Silver,0.025000000000000022,0.20000000000000018,0.9183673469387754,0,32.55,At Risk,3,Loyal Customers
1237,42,Male,Hat,Accessories,68,New Mexico,M,White,Summer,4.4,No,Store Pickup,Yes,35,Debit Card,Every 3 Months,Adult,90,2448,0,35,Premium,0.6000000000000001,0.7600000000000002,0.693877551020408,0,60.02,Healthy,2,Premium Customers
1238,25,Male,Dress,Clothing,92,Michigan,S,Charcoal,Spring,4.4,No,2-Day Shipping,Yes,42,Credit Card,Quarterly,Young Adult,90,3956,0,42,Premium,0.9000000000000001,0.7600000000000002,0.836734693877551,0,76.3,Healthy,2,Premium Customers
1239,55,Male,Pants,Clothing,77,Wyoming,M,Violet,Winter,3.7,No,Express,Yes,3,Venmo,Fortnightly,Middle-aged,14,308,0,3,Bronze,0.7125,0.4800000000000002,0.04081632653061225,0,39.32,At Risk,1,High-Spending Customers
1240,62,Male,Coat,Outerwear,37,New Jersey,XL,Magenta,Spring,4.8,No,Standard,Yes,32,Debit Card,Every 3 Months,Senior,90,1221,0,32,Silver,0.21250000000000002,0.9199999999999999,0.6326530612244897,0,45.88,Average,3,Loyal Customers
1241,41,Male,Scarf,Accessories,79,New Jersey,L,White,Winter,2.9,No,Store Pickup,Yes,48,Debit Card,Annually,Adult,365,3871,0,48,Premium,0.7375,0.15999999999999992,0.9591836734693877,0,61.48,Healthy,2,Premium Customers
1242,58,Male,Hoodie,Clothing,51,Hawaii,XL,Pink,Winter,3.1,No,Express,Yes,34,Credit Card,Weekly,Senior,7,1785,0,34,Gold,0.38750000000000007,0.2400000000000002,0.673469387755102,0,40.5,Average,3,Loyal Customers
1243,56,Male,Socks,Clothing,27,Nevada,M,Lavender,Summer,4.0,No,Next Day Air,Yes,15,Bank Transfer,Quarterly,Middle-aged,90,432,0,15,Bronze,0.08750000000000002,0.6000000000000001,0.28571428571428564,0,24.07,At Risk,0,At-Risk Customers
1244,25,Male,Blouse,Clothing,23,New Hampshire,S,Pink,Spring,3.0,No,Store Pickup,Yes,22,Debit Card,Annually,Young Adult,365,529,0,22,Bronze,0.03750000000000003,0.20000000000000018,0.4285714285714285,0,18.36,At Risk,0,At-Risk Customers
1245,70,Male,Socks,Clothing,76,Indiana,S,Silver,Summer,3.9,No,2-Day Shipping,Yes,2,Cash,Monthly,Senior,30,228,0,2,Bronze,0.7000000000000001,0.56,0.02040816326530612,0,39.81,At Risk,1,High-Spending Customers
1246,42,Male,Dress,Clothing,31,New York,M,Violet,Fall,3.4,No,Standard,Yes,30,Bank Transfer,Weekly,Adult,7,961,0,30,Silver,0.1375,0.3600000000000001,0.5918367346938774,0,30.46,At Risk,3,Loyal Customers
1247,27,Male,Hoodie,Clothing,60,Louisiana,M,Charcoal,Winter,2.7,No,Standard,Yes,27,Cash,Monthly,Young Adult,30,1680,0,27,Gold,0.5,0.08000000000000007,0.5306122448979591,0,37.52,At Risk,3,Loyal Customers
1248,65,Male,T-shirt,Clothing,99,Virginia,M,Charcoal,Spring,3.7,No,Express,Yes,18,Venmo,Bi-Weekly,Senior,14,1881,0,18,Gold,0.9875,0.4800000000000002,0.346938775510204,0,59.51,Average,1,High-Spending Customers
1249,62,Male,Hat,Accessories,37,Wisconsin,XL,Red,Winter,3.0,No,Free Shipping,Yes,8,Credit Card,Annually,Senior,365,333,0,8,Bronze,0.21250000000000002,0.20000000000000018,0.14285714285714285,0,16.79,At Risk,0,At-Risk Customers
1250,62,Male,Boots,Footwear,50,Oregon,M,Peach,Winter,4.5,No,Express,Yes,48,Venmo,Fortnightly,Senior,14,2450,0,48,Premium,0.375,0.8,0.9591836734693877,0,59.78,Average,3,Loyal Customers
1251,52,Male,Jeans,Clothing,26,New Hampshire,XL,Purple,Winter,4.1,No,Free Shipping,Yes,24,Cash,Monthly,Middle-aged,30,650,0,24,Bronze,0.07500000000000001,0.6399999999999999,0.4693877551020408,0,29.88,At Risk,0,At-Risk Customers
1252,56,Male,Shorts,Clothing,86,Indiana,XL,Orange,Spring,5.0,No,Next Day Air,Yes,43,Credit Card,Monthly,Middle-aged,30,3784,0,43,Premium,0.825,1.0,0.8571428571428571,0,78.71,Healthy,2,Premium Customers
1253,28,Male,Sandals,Footwear,41,Massachusetts,L,Magenta,Fall,4.0,No,Standard,Yes,8,Cash,Quarterly,Young Adult,90,369,0,8,Bronze,0.26250000000000007,0.6000000000000001,0.14285714285714285,0,26.79,At Risk,0,At-Risk Customers
1254,39,Male,Sandals,Footwear,23,Montana,XL,Red,Winter,4.9,No,Express,Yes,49,PayPal,Annually,Adult,365,1150,0,49,Silver,0.03750000000000003,0.9600000000000002,0.9795918367346937,0,50.09,Average,3,Loyal Customers
1255,54,Male,Sneakers,Footwear,56,California,XL,Black,Spring,3.3,No,2-Day Shipping,Yes,2,Credit Card,Bi-Weekly,Middle-aged,14,168,0,2,Bronze,0.45000000000000007,0.32000000000000006,0.02040816326530612,0,25.01,At Risk,0,At-Risk Customers
1256,30,Male,Hat,Accessories,68,Indiana,M,Peach,Fall,4.1,No,Standard,Yes,38,Cash,Fortnightly,Young Adult,14,2652,0,38,Premium,0.6000000000000001,0.6399999999999999,0.7551020408163265,0,59.45,Average,2,Premium Customers
1257,45,Male,Coat,Outerwear,48,West Virginia,S,Olive,Winter,3.6,No,Express,Yes,4,Cash,Fortnightly,Middle-aged,14,240,0,4,Bronze,0.3500000000000001,0.44000000000000017,0.061224489795918366,0,24.64,At Risk,0,At-Risk Customers
1258,68,Male,Dress,Clothing,67,Minnesota,L,Gold,Spring,3.0,No,Free Shipping,Yes,31,Cash,Every 3 Months,Senior,90,2144,0,31,Gold,0.5875,0.20000000000000018,0.6122448979591836,0,45.87,Average,3,Loyal Customers
1259,47,Male,Boots,Footwear,87,Ohio,XL,Gold,Spring,4.1,No,2-Day Shipping,Yes,34,Debit Card,Every 3 Months,Middle-aged,90,3045,0,34,Premium,0.8375000000000001,0.6399999999999999,0.673469387755102,0,66.5,Healthy,2,Premium Customers
1260,68,Male,Skirt,Clothing,64,Minnesota,M,Turquoise,Fall,3.9,No,Standard,Yes,45,Credit Card,Monthly,Senior,30,2944,0,45,Premium,0.55,0.56,0.8979591836734693,0,60.14,Healthy,2,Premium Customers
1261,63,Male,Shirt,Clothing,93,Virginia,XL,Green,Spring,4.1,No,Store Pickup,Yes,30,Debit Card,Quarterly,Senior,90,2883,0,30,Premium,0.9125000000000001,0.6399999999999999,0.5918367346938774,0,67.06,Healthy,2,Premium Customers
1262,20,Male,Shirt,Clothing,29,Connecticut,L,Maroon,Summer,2.8,No,Next Day Air,Yes,2,Credit Card,Fortnightly,Young Adult,14,87,0,2,Bronze,0.11250000000000004,0.11999999999999988,0.02040816326530612,0,7.51,At Risk,0,At-Risk Customers
1263,29,Male,Boots,Footwear,62,Tennessee,L,Brown,Winter,4.8,No,Store Pickup,Yes,44,Venmo,Monthly,Young Adult,30,2790,0,44,Premium,0.525,0.9199999999999999,0.8775510204081631,0,65.73,Healthy,2,Premium Customers
1264,41,Male,Hoodie,Clothing,70,Delaware,L,Brown,Winter,4.6,No,2-Day Shipping,Yes,1,Credit Card,Bi-Weekly,Adult,14,140,0,1,Bronze,0.625,0.8399999999999999,0.0,0,41.8,Average,1,High-Spending Customers
1265,52,Male,Sweater,Clothing,92,Vermont,S,Blue,Winter,2.5,No,Next Day Air,Yes,1,Venmo,Bi-Weekly,Middle-aged,14,184,0,1,Bronze,0.9000000000000001,0.0,0.0,0,36.0,At Risk,1,High-Spending Customers
1266,32,Male,Shirt,Clothing,79,Louisiana,M,Lavender,Spring,2.7,No,Next Day Air,Yes,27,Bank Transfer,Weekly,Adult,7,2212,0,27,Gold,0.7375,0.08000000000000007,0.5306122448979591,0,47.02,Average,1,High-Spending Customers
1267,20,Male,Blouse,Clothing,31,North Dakota,M,Peach,Fall,4.0,No,Standard,Yes,14,Debit Card,Every 3 Months,Young Adult,90,465,0,14,Bronze,0.1375,0.6000000000000001,0.26530612244897955,0,25.46,At Risk,0,At-Risk Customers
1268,47,Male,T-shirt,Clothing,83,Oregon,S,Gray,Spring,2.7,No,Standard,Yes,41,Cash,Weekly,Middle-aged,7,3486,0,41,Premium,0.7875000000000001,0.08000000000000007,0.8163265306122448,0,57.59,Average,2,Premium Customers
1269,23,Male,Jacket,Outerwear,88,Idaho,XL,Charcoal,Winter,2.9,No,Next Day Air,Yes,25,Debit Card,Bi-Weekly,Young Adult,14,2288,0,25,Premium,0.8500000000000001,0.15999999999999992,0.4897959183673469,0,51.89,Average,1,High-Spending Customers
1270,43,Male,Jewelry,Accessories,53,Vermont,M,Lavender,Spring,3.0,No,Standard,Yes,47,PayPal,Quarterly,Adult,90,2544,0,47,Premium,0.4125000000000001,0.20000000000000018,0.9387755102040816,0,48.66,Average,3,Loyal Customers
1271,67,Male,Hoodie,Clothing,98,West Virginia,M,Green,Fall,3.3,No,Standard,Yes,20,Cash,Annually,Senior,365,2058,0,20,Gold,0.9750000000000001,0.32000000000000006,0.38775510204081626,0,57.03,Average,1,High-Spending Customers
1272,70,Male,Jewelry,Accessories,57,Kentucky,S,Gray,Spring,4.3,No,Store Pickup,Yes,42,PayPal,Annually,Senior,365,2451,0,42,Premium,0.4625,0.72,0.836734693877551,0,58.0,Average,2,Premium Customers
1273,35,Male,Sandals,Footwear,80,Wisconsin,M,Orange,Winter,4.4,No,Express,Yes,16,Bank Transfer,Monthly,Adult,30,1360,0,16,Gold,0.75,0.7600000000000002,0.3061224489795918,0,54.38,Average,1,High-Spending Customers
1274,41,Male,Jeans,Clothing,29,Mississippi,L,Silver,Spring,4.1,No,Next Day Air,Yes,32,Credit Card,Every 3 Months,Adult,90,957,0,32,Silver,0.11250000000000004,0.6399999999999999,0.6326530612244897,0,36.28,At Risk,3,Loyal Customers
1275,54,Male,Hat,Accessories,73,Missouri,M,Olive,Spring,3.1,No,2-Day Shipping,Yes,37,PayPal,Quarterly,Middle-aged,90,2774,0,37,Premium,0.6625000000000001,0.2400000000000002,0.7346938775510203,0,53.34,Average,2,Premium Customers
1276,55,Male,Sweater,Clothing,32,Arkansas,S,Turquoise,Fall,4.5,No,Standard,Yes,1,PayPal,Monthly,Middle-aged,30,64,0,1,Bronze,0.15000000000000002,0.8,0.0,0,22.0,At Risk,0,At-Risk Customers
1277,51,Male,Boots,Footwear,68,Wyoming,L,Turquoise,Spring,4.8,No,Next Day Air,Yes,37,Bank Transfer,Weekly,Middle-aged,7,2584,0,37,Premium,0.6000000000000001,0.9199999999999999,0.7346938775510203,0,64.44,Healthy,2,Premium Customers
1278,19,Male,Blouse,Clothing,97,Rhode Island,L,Green,Spring,5.0,No,Express,Yes,5,Venmo,Quarterly,Young Adult,90,582,0,5,Bronze,0.9625000000000001,1.0,0.08163265306122448,0,60.95,Healthy,1,High-Spending Customers
1279,28,Male,Shorts,Clothing,98,Utah,M,Violet,Fall,2.8,No,Next Day Air,Yes,31,Venmo,Fortnightly,Young Adult,14,3136,0,31,Premium,0.9750000000000001,0.11999999999999988,0.6122448979591836,0,59.77,Average,2,Premium Customers
1280,63,Male,Hoodie,Clothing,56,Maryland,L,Charcoal,Fall,3.7,No,Express,Yes,18,Debit Card,Annually,Senior,365,1064,0,18,Silver,0.45000000000000007,0.4800000000000002,0.346938775510204,0,38.01,At Risk,0,At-Risk Customers
1281,30,Male,Pants,Clothing,78,Georgia,L,White,Winter,4.4,No,2-Day Shipping,Yes,39,Venmo,Every 3 Months,Young Adult,90,3120,0,39,Premium,0.7250000000000001,0.7600000000000002,0.7755102040816325,0,67.47,Healthy,2,Premium Customers
1282,29,Male,Belt,Accessories,81,New Jersey,M,Olive,Spring,4.5,No,Store Pickup,Yes,8,Venmo,Bi-Weekly,Young Adult,14,729,0,8,Silver,0.7625,0.8,0.14285714285714285,0,50.79,Average,1,High-Spending Customers
1283,24,Male,Shirt,Clothing,68,New Hampshire,L,Violet,Winter,3.0,No,Free Shipping,Yes,20,Venmo,Monthly,Young Adult,30,1428,0,20,Gold,0.6000000000000001,0.20000000000000018,0.38775510204081626,0,39.63,At Risk,1,High-Spending Customers
1284,69,Male,Shirt,Clothing,94,Oregon,M,Violet,Winter,3.9,No,2-Day Shipping,Yes,23,Debit Card,Every 3 Months,Senior,90,2256,0,23,Gold,0.925,0.56,0.44897959183673464,0,61.67,Healthy,2,Premium Customers
1285,65,Male,Dress,Clothing,93,Arkansas,M,Black,Spring,3.9,No,Express,Yes,38,PayPal,Fortnightly,Senior,14,3627,0,38,Premium,0.9125000000000001,0.56,0.7551020408163265,0,70.35,Healthy,2,Premium Customers
1286,64,Male,Gloves,Accessories,99,North Carolina,M,Charcoal,Fall,3.5,No,Next Day Air,Yes,45,Bank Transfer,Fortnightly,Senior,14,4554,0,45,Premium,0.9875,0.40000000000000013,0.8979591836734693,0,74.44,Healthy,2,Premium Customers
1287,40,Male,Gloves,Accessories,49,West Virginia,L,Yellow,Winter,4.9,No,Next Day Air,Yes,44,Debit Card,Fortnightly,Adult,14,2205,0,44,Gold,0.36250000000000004,0.9600000000000002,0.8775510204081631,0,60.03,Healthy,3,Loyal Customers
1288,24,Male,Jeans,Clothing,28,Utah,XL,Blue,Winter,3.4,No,Standard,Yes,20,PayPal,Monthly,Young Adult,30,588,0,20,Bronze,0.10000000000000003,0.3600000000000001,0.38775510204081626,0,22.83,At Risk,0,At-Risk Customers
1289,66,Male,Belt,Accessories,93,South Dakota,XL,Charcoal,Winter,4.1,No,Standard,Yes,34,PayPal,Bi-Weekly,Senior,14,3255,0,34,Premium,0.9125000000000001,0.6399999999999999,0.673469387755102,0,69.5,Healthy,2,Premium Customers
1290,35,Male,Jacket,Outerwear,24,New Hampshire,M,Red,Fall,2.9,No,Next Day Air,Yes,10,PayPal,Weekly,Adult,7,264,0,10,Bronze,0.050000000000000044,0.15999999999999992,0.18367346938775508,0,10.71,At Risk,0,At-Risk Customers
1291,67,Male,Skirt,Clothing,35,Maryland,M,Indigo,Spring,3.4,No,Free Shipping,Yes,3,PayPal,Annually,Senior,365,140,0,3,Bronze,0.1875,0.3600000000000001,0.04081632653061225,0,15.92,At Risk,0,At-Risk Customers
1292,69,Male,Sandals,Footwear,68,South Dakota,S,Beige,Spring,3.2,No,2-Day Shipping,Yes,23,Debit Card,Fortnightly,Senior,14,1632,0,23,Gold,0.6000000000000001,0.28000000000000025,0.44897959183673464,0,43.07,Average,1,High-Spending Customers
1293,26,Male,Belt,Accessories,61,Kentucky,M,Maroon,Summer,3.8,No,Free Shipping,Yes,42,Bank Transfer,Annually,Young Adult,365,2623,0,42,Premium,0.5125000000000001,0.52,0.836734693877551,0,56.0,Average,2,Premium Customers
1294,23,Male,Sweater,Clothing,74,Florida,XL,Yellow,Fall,4.1,No,Standard,Yes,30,Debit Card,Annually,Young Adult,365,2294,0,30,Premium,0.675,0.6399999999999999,0.5918367346938774,0,57.56,Average,2,Premium Customers
1295,27,Male,Shirt,Clothing,64,Texas,M,Silver,Summer,4.5,No,Standard,Yes,21,Cash,Every 3 Months,Young Adult,90,1408,0,21,Gold,0.55,0.8,0.4081632653061224,0,50.24,Average,1,High-Spending Customers
1296,30,Male,Sneakers,Footwear,60,New Mexico,M,Olive,Fall,2.8,No,Standard,Yes,50,PayPal,Weekly,Young Adult,7,3060,0,50,Premium,0.5,0.11999999999999988,1.0,0,52.4,Average,2,Premium Customers
1297,48,Male,Jeans,Clothing,29,South Dakota,S,Teal,Spring,2.8,No,Express,Yes,16,Cash,Bi-Weekly,Middle-aged,14,493,0,16,Bronze,0.11250000000000004,0.11999999999999988,0.3061224489795918,0,16.08,At Risk,0,At-Risk Customers
1298,44,Male,Sandals,Footwear,85,New Jersey,M,Silver,Summer,4.6,No,Standard,Yes,32,Venmo,Annually,Adult,365,2805,0,32,Premium,0.8125,0.8399999999999999,0.6326530612244897,0,68.28,Healthy,2,Premium Customers
1299,29,Male,Pants,Clothing,81,Indiana,S,Indigo,Summer,3.0,No,Free Shipping,Yes,14,Bank Transfer,Fortnightly,Young Adult,14,1215,0,14,Silver,0.7625,0.20000000000000018,0.26530612244897955,0,42.46,Average,1,High-Spending Customers
1300,29,Male,Belt,Accessories,23,Louisiana,L,Teal,Fall,3.6,No,2-Day Shipping,Yes,42,Venmo,Bi-Weekly,Young Adult,14,989,0,42,Silver,0.03750000000000003,0.44000000000000017,0.836734693877551,0,35.4,At Risk,3,Loyal Customers
1301,67,Male,T-shirt,Clothing,100,West Virginia,M,Charcoal,Spring,4.5,No,Next Day Air,Yes,47,Credit Card,Every 3 Months,Senior,90,4800,0,47,Premium,1.0,0.8,0.9387755102040816,0,84.16,Excellent,2,Premium Customers
1302,42,Male,Shirt,Clothing,54,Maine,M,Orange,Fall,5.0,No,Express,Yes,21,Debit Card,Weekly,Adult,7,1188,0,21,Silver,0.42500000000000004,1.0,0.4081632653061224,0,49.24,Average,1,High-Spending Customers
1303,23,Male,Sneakers,Footwear,25,Idaho,M,Gold,Fall,2.9,No,Next Day Air,Yes,37,Credit Card,Monthly,Young Adult,30,950,0,37,Silver,0.0625,0.15999999999999992,0.7346938775510203,0,27.74,At Risk,3,Loyal Customers
1304,34,Male,Blouse,Clothing,32,New York,L,Silver,Summer,3.1,No,Next Day Air,Yes,10,Credit Card,Annually,Adult,365,352,0,10,Bronze,0.15000000000000002,0.2400000000000002,0.18367346938775508,0,16.31,At Risk,0,At-Risk Customers
1305,64,Male,Backpack,Accessories,63,Montana,S,Orange,Spring,4.0,No,2-Day Shipping,Yes,18,PayPal,Every 3 Months,Senior,90,1197,0,18,Silver,0.5375000000000001,0.6000000000000001,0.346938775510204,0,43.91,Average,1,High-Spending Customers
1306,31,Male,Pants,Clothing,56,Mississippi,XL,Peach,Spring,4.5,No,Express,Yes,2,PayPal,Every 3 Months,Young Adult,90,168,0,2,Bronze,0.45000000000000007,0.8,0.02040816326530612,0,34.61,At Risk,0,At-Risk Customers
1307,54,Male,Sweater,Clothing,33,Alaska,L,Brown,Winter,4.5,No,Next Day Air,Yes,40,PayPal,Annually,Middle-aged,365,1353,0,40,Gold,0.16250000000000003,0.8,0.7959183673469387,0,46.38,Average,3,Loyal Customers
1308,23,Male,Coat,Outerwear,32,Missouri,L,Black,Summer,3.1,No,Express,Yes,43,PayPal,Annually,Young Adult,365,1408,0,43,Gold,0.15000000000000002,0.2400000000000002,0.8571428571428571,0,36.51,At Risk,3,Loyal Customers
1309,59,Male,Dress,Clothing,38,Rhode Island,L,Red,Summer,4.4,No,Next Day Air,Yes,14,Credit Card,Every 3 Months,Senior,90,570,0,14,Bronze,0.22500000000000003,0.7600000000000002,0.26530612244897955,0,32.16,At Risk,0,At-Risk Customers
1310,32,Male,Blouse,Clothing,21,Hawaii,L,Lavender,Summer,4.7,No,Store Pickup,Yes,41,Cash,Quarterly,Adult,90,882,0,41,Silver,0.012500000000000011,0.8800000000000001,0.8163265306122448,0,42.59,Average,3,Loyal Customers
1311,43,Male,Hoodie,Clothing,59,South Carolina,L,Brown,Winter,3.1,No,Store Pickup,Yes,38,Credit Card,Every 3 Months,Adult,90,2301,0,38,Premium,0.48750000000000004,0.2400000000000002,0.7551020408163265,0,46.95,Average,3,Loyal Customers
1312,32,Male,Shoes,Footwear,87,Tennessee,M,Maroon,Fall,4.2,No,Express,Yes,12,Venmo,Annually,Adult,365,1131,0,12,Silver,0.8375000000000001,0.6800000000000002,0.22448979591836735,0,53.83,Average,1,High-Spending Customers
1313,66,Male,T-shirt,Clothing,79,Missouri,M,Violet,Winter,3.0,No,Store Pickup,Yes,19,Bank Transfer,Monthly,Senior,30,1580,0,19,Gold,0.7375,0.20000000000000018,0.36734693877551017,0,44.52,Average,1,High-Spending Customers
1314,70,Male,Shoes,Footwear,28,Missouri,M,Lavender,Summer,3.8,No,Free Shipping,Yes,23,Credit Card,Bi-Weekly,Senior,14,672,0,23,Silver,0.10000000000000003,0.52,0.44897959183673464,0,27.87,At Risk,0,At-Risk Customers
1315,42,Male,Boots,Footwear,67,Missouri,S,Magenta,Summer,3.4,No,Free Shipping,Yes,49,Debit Card,Annually,Adult,365,3350,0,49,Premium,0.5875,0.3600000000000001,0.9795918367346937,0,60.09,Healthy,2,Premium Customers
1316,56,Male,Shorts,Clothing,75,Mississippi,L,Green,Spring,4.2,No,2-Day Shipping,Yes,29,Debit Card,Quarterly,Middle-aged,90,2250,0,29,Gold,0.6875,0.6800000000000002,0.5714285714285714,0,58.24,Average,2,Premium Customers
1317,28,Male,Belt,Accessories,32,Arkansas,S,Lavender,Spring,4.6,No,Standard,Yes,14,Debit Card,Bi-Weekly,Young Adult,14,480,0,14,Bronze,0.15000000000000002,0.8399999999999999,0.26530612244897955,0,30.76,At Risk,0,At-Risk Customers
1318,28,Male,Pants,Clothing,43,Kentucky,M,Green,Spring,2.8,No,Free Shipping,Yes,19,Cash,Monthly,Young Adult,30,860,0,19,Silver,0.2875,0.11999999999999988,0.36734693877551017,0,24.92,At Risk,0,At-Risk Customers
1319,52,Male,Shorts,Clothing,93,Connecticut,M,Maroon,Spring,2.7,No,Express,Yes,19,Credit Card,Bi-Weekly,Middle-aged,14,1860,0,19,Gold,0.9125000000000001,0.08000000000000007,0.36734693877551017,0,49.12,Average,1,High-Spending Customers
1320,65,Male,Sunglasses,Accessories,24,Oklahoma,M,Magenta,Spring,4.0,No,Standard,Yes,48,Bank Transfer,Weekly,Senior,7,1176,0,48,Silver,0.050000000000000044,0.6000000000000001,0.9591836734693877,0,42.78,Average,3,Loyal Customers
1321,56,Male,Hat,Accessories,31,California,XL,Teal,Fall,3.1,No,Free Shipping,Yes,19,Debit Card,Annually,Middle-aged,365,620,0,19,Bronze,0.1375,0.2400000000000002,0.36734693877551017,0,21.32,At Risk,0,At-Risk Customers
1322,59,Male,T-shirt,Clothing,84,Missouri,L,Orange,Winter,3.7,No,Express,Yes,45,Bank Transfer,Every 3 Months,Senior,90,3864,0,45,Premium,0.8,0.4800000000000002,0.8979591836734693,0,68.54,Healthy,2,Premium Customers
1323,23,Male,Pants,Clothing,74,Washington,M,Violet,Winter,4.0,No,Next Day Air,Yes,17,Bank Transfer,Quarterly,Young Adult,90,1332,0,17,Gold,0.675,0.6000000000000001,0.32653061224489793,0,48.8,Average,1,High-Spending Customers
1324,58,Male,Shorts,Clothing,62,New York,M,Yellow,Spring,4.6,No,Standard,Yes,15,Debit Card,Every 3 Months,Senior,90,992,0,15,Silver,0.525,0.8399999999999999,0.28571428571428564,0,46.37,Average,1,High-Spending Customers
1325,39,Male,Jewelry,Accessories,77,Indiana,S,Orange,Summer,3.8,No,Free Shipping,Yes,11,Credit Card,Fortnightly,Adult,14,924,0,11,Silver,0.7125,0.52,0.2040816326530612,0,45.02,Average,1,High-Spending Customers
1326,28,Male,Backpack,Accessories,73,Oregon,L,Gold,Summer,3.5,No,Express,Yes,1,Cash,Monthly,Young Adult,30,146,0,1,Bronze,0.6625000000000001,0.40000000000000013,0.0,0,34.5,At Risk,1,High-Spending Customers
1327,40,Male,Shoes,Footwear,50,Texas,M,Indigo,Spring,3.8,No,Free Shipping,Yes,17,Cash,Monthly,Adult,30,900,0,17,Silver,0.375,0.52,0.32653061224489793,0,35.2,At Risk,0,At-Risk Customers
1328,52,Male,Coat,Outerwear,40,Florida,M,Turquoise,Winter,2.8,No,Standard,Yes,37,Cash,Weekly,Middle-aged,7,1520,0,37,Gold,0.25,0.11999999999999988,0.7346938775510203,0,34.44,At Risk,3,Loyal Customers
1329,37,Male,Sweater,Clothing,97,Rhode Island,M,Orange,Winter,3.7,No,Standard,Yes,40,Bank Transfer,Weekly,Adult,7,3977,0,40,Premium,0.9625000000000001,0.4800000000000002,0.7959183673469387,0,71.98,Healthy,2,Premium Customers
1330,70,Male,Gloves,Accessories,63,Texas,M,Indigo,Fall,3.3,No,Express,Yes,50,PayPal,Every 3 Months,Senior,90,3213,0,50,Premium,0.5375000000000001,0.32000000000000006,1.0,0,57.9,Average,2,Premium Customers
1331,30,Male,Handbag,Accessories,65,Vermont,M,Charcoal,Fall,2.9,No,Standard,Yes,20,PayPal,Bi-Weekly,Young Adult,14,1365,0,20,Gold,0.5625,0.15999999999999992,0.38775510204081626,0,37.33,At Risk,1,High-Spending Customers
1332,38,Male,Socks,Clothing,91,Maryland,M,Lavender,Spring,3.2,No,Standard,Yes,8,PayPal,Bi-Weekly,Adult,14,819,0,8,Silver,0.8875,0.28000000000000025,0.14285714285714285,0,45.39,Average,1,High-Spending Customers
1333,66,Male,Hoodie,Clothing,60,Alaska,S,Gold,Spring,4.3,No,Store Pickup,Yes,16,Bank Transfer,Quarterly,Senior,90,1020,0,16,Silver,0.5,0.72,0.3061224489795918,0,43.58,Average,1,High-Spending Customers
1334,29,Male,Pants,Clothing,69,Idaho,M,Lavender,Winter,2.7,No,Next Day Air,Yes,9,Bank Transfer,Quarterly,Young Adult,90,690,0,9,Silver,0.6125,0.08000000000000007,0.16326530612244897,0,31.0,At Risk,0,At-Risk Customers
1335,46,Male,Coat,Outerwear,52,West Virginia,S,White,Spring,3.8,No,Store Pickup,Yes,12,Venmo,Monthly,Middle-aged,30,676,0,12,Silver,0.4,0.52,0.22448979591836735,0,33.13,At Risk,0,At-Risk Customers
1336,56,Male,Boots,Footwear,49,Nevada,M,Lavender,Fall,4.8,No,2-Day Shipping,Yes,26,Credit Card,Weekly,Middle-aged,7,1323,0,26,Silver,0.36250000000000004,0.9199999999999999,0.510204081632653,0,48.21,Average,3,Loyal Customers
1337,23,Male,Sneakers,Footwear,85,Oregon,M,Charcoal,Spring,4.8,No,Store Pickup,Yes,44,Debit Card,Fortnightly,Young Adult,14,3825,0,44,Premium,0.8125,0.9199999999999999,0.8775510204081631,0,77.23,Healthy,2,Premium Customers
1338,37,Male,Sweater,Clothing,86,Tennessee,L,Silver,Spring,3.4,No,Express,Yes,19,Credit Card,Bi-Weekly,Adult,14,1720,0,19,Gold,0.825,0.3600000000000001,0.36734693877551017,0,51.22,Average,1,High-Spending Customers
1339,56,Male,Handbag,Accessories,51,Alabama,S,Yellow,Winter,2.6,No,Standard,Yes,43,PayPal,Fortnightly,Middle-aged,14,2244,0,43,Gold,0.38750000000000007,0.040000000000000036,0.8571428571428571,0,42.01,Average,3,Loyal Customers
1340,36,Male,Belt,Accessories,56,Indiana,L,Olive,Winter,5.0,No,Next Day Air,Yes,5,Bank Transfer,Every 3 Months,Adult,90,336,0,5,Bronze,0.45000000000000007,1.0,0.08163265306122448,0,40.45,Average,1,High-Spending Customers
1341,40,Male,Belt,Accessories,72,Idaho,M,Peach,Fall,4.4,No,Next Day Air,Yes,5,Debit Card,Every 3 Months,Adult,90,432,0,5,Bronze,0.65,0.7600000000000002,0.08163265306122448,0,43.65,Average,1,High-Spending Customers
1342,26,Male,Hoodie,Clothing,27,Rhode Island,XL,Yellow,Fall,3.7,No,Standard,Yes,31,Bank Transfer,Quarterly,Young Adult,90,864,0,31,Silver,0.08750000000000002,0.4800000000000002,0.6122448979591836,0,31.47,At Risk,3,Loyal Customers
1343,57,Male,Sunglasses,Accessories,43,Arizona,XL,Yellow,Summer,3.4,No,2-Day Shipping,Yes,11,Bank Transfer,Monthly,Middle-aged,30,516,0,11,Bronze,0.2875,0.3600000000000001,0.2040816326530612,0,24.82,At Risk,0,At-Risk Customers
1344,68,Male,Sneakers,Footwear,56,Florida,M,Indigo,Spring,3.4,No,Standard,Yes,34,Bank Transfer,Monthly,Senior,30,1960,0,34,Gold,0.45000000000000007,0.3600000000000001,0.673469387755102,0,45.4,Average,3,Loyal Customers
1345,56,Male,T-shirt,Clothing,37,New York,S,Violet,Fall,4.9,No,Next Day Air,Yes,14,Cash,Annually,Middle-aged,365,555,0,14,Bronze,0.21250000000000002,0.9600000000000002,0.26530612244897955,0,35.66,At Risk,0,At-Risk Customers
1346,40,Male,Dress,Clothing,21,Nebraska,M,White,Fall,3.6,No,Standard,Yes,42,Venmo,Weekly,Adult,7,903,0,42,Silver,0.012500000000000011,0.44000000000000017,0.836734693877551,0,34.4,At Risk,3,Loyal Customers
1347,44,Male,Hoodie,Clothing,91,Mississippi,L,White,Winter,3.0,No,Free Shipping,Yes,15,Venmo,Bi-Weekly,Adult,14,1456,0,15,Gold,0.8875,0.20000000000000018,0.28571428571428564,0,48.07,Average,1,High-Spending Customers
1348,44,Male,Sweater,Clothing,95,Vermont,M,Cyan,Summer,3.9,No,2-Day Shipping,Yes,47,Bank Transfer,Monthly,Adult,30,4560,0,47,Premium,0.9375,0.56,0.9387755102040816,0,76.86,Healthy,2,Premium Customers
1349,19,Male,Belt,Accessories,54,Nebraska,XL,Purple,Spring,3.2,No,Standard,Yes,23,Credit Card,Fortnightly,Young Adult,14,1296,0,23,Silver,0.42500000000000004,0.28000000000000025,0.44897959183673464,0,36.07,At Risk,3,Loyal Customers
1350,21,Male,Socks,Clothing,36,South Carolina,XL,Black,Spring,3.2,No,Next Day Air,Yes,23,Cash,Bi-Weekly,Young Adult,14,864,0,23,Silver,0.2,0.28000000000000025,0.44897959183673464,0,27.07,At Risk,0,At-Risk Customers
1351,31,Male,Sunglasses,Accessories,71,Delaware,M,Orange,Fall,4.3,No,Next Day Air,Yes,1,Cash,Every 3 Months,Young Adult,90,142,0,1,Bronze,0.6375000000000001,0.72,0.0,0,39.9,At Risk,1,High-Spending Customers
1352,30,Male,Coat,Outerwear,31,Vermont,L,Maroon,Summer,2.8,No,2-Day Shipping,Yes,28,Bank Transfer,Quarterly,Young Adult,90,899,0,28,Silver,0.1375,0.11999999999999988,0.5510204081632653,0,24.43,At Risk,0,At-Risk Customers
1353,65,Male,Hat,Accessories,89,Indiana,XL,Orange,Spring,4.5,No,Next Day Air,Yes,37,Credit Card,Bi-Weekly,Senior,14,3382,0,37,Premium,0.8625,0.8,0.7346938775510203,0,72.54,Healthy,2,Premium Customers
1354,39,Male,Pants,Clothing,83,Oregon,M,Teal,Winter,4.1,No,Next Day Air,Yes,4,Cash,Every 3 Months,Adult,90,415,0,4,Bronze,0.7875000000000001,0.6399999999999999,0.061224489795918366,0,46.14,Average,1,High-Spending Customers
1355,64,Male,Backpack,Accessories,42,Maryland,M,Gray,Spring,3.6,No,2-Day Shipping,Yes,21,Bank Transfer,Quarterly,Senior,90,924,0,21,Silver,0.275,0.44000000000000017,0.4081632653061224,0,32.04,At Risk,0,At-Risk Customers
1356,59,Male,Shorts,Clothing,91,Florida,M,Blue,Summer,3.0,No,2-Day Shipping,Yes,50,PayPal,Bi-Weekly,Senior,14,4641,0,50,Premium,0.8875,0.20000000000000018,1.0,0,69.5,Healthy,2,Premium Customers
1357,49,Male,Jacket,Outerwear,61,Indiana,M,Cyan,Spring,4.0,No,Free Shipping,Yes,34,Bank Transfer,Annually,Middle-aged,365,2135,0,34,Gold,0.5125000000000001,0.6000000000000001,0.673469387755102,0,52.7,Average,3,Loyal Customers
1358,24,Male,Backpack,Accessories,66,Texas,S,Red,Summer,3.5,No,Next Day Air,Yes,20,Cash,Quarterly,Young Adult,90,1386,0,20,Gold,0.5750000000000001,0.40000000000000013,0.38775510204081626,0,42.63,Average,1,High-Spending Customers
1359,19,Male,Scarf,Accessories,22,Nebraska,XL,Pink,Spring,2.5,No,Store Pickup,Yes,25,Venmo,Every 3 Months,Young Adult,90,572,0,25,Bronze,0.025000000000000022,0.0,0.4897959183673469,0,15.69,At Risk,0,At-Risk Customers
1360,27,Male,Hoodie,Clothing,68,North Carolina,S,Cyan,Winter,4.3,No,Store Pickup,Yes,26,Bank Transfer,Fortnightly,Young Adult,14,1836,0,26,Gold,0.6000000000000001,0.72,0.510204081632653,0,53.71,Average,1,High-Spending Customers
1361,56,Male,Skirt,Clothing,43,Alabama,L,Black,Fall,2.8,No,Express,Yes,4,Bank Transfer,Annually,Middle-aged,365,215,0,4,Bronze,0.2875,0.11999999999999988,0.061224489795918366,0,15.74,At Risk,0,At-Risk Customers
1362,49,Male,Dress,Clothing,32,Alabama,M,Beige,Fall,3.7,No,Next Day Air,Yes,39,Debit Card,Monthly,Middle-aged,30,1280,0,39,Silver,0.15000000000000002,0.4800000000000002,0.7755102040816325,0,38.87,At Risk,3,Loyal Customers
1363,41,Male,Coat,Outerwear,46,Colorado,M,Gray,Fall,4.3,No,Express,Yes,29,Cash,Weekly,Adult,7,1380,0,29,Gold,0.32500000000000007,0.72,0.5714285714285714,0,44.54,Average,3,Loyal Customers
1364,36,Male,Blouse,Clothing,90,Wisconsin,L,Red,Summer,4.0,No,Express,Yes,47,PayPal,Quarterly,Adult,90,4320,0,47,Premium,0.875,0.6000000000000001,0.9387755102040816,0,75.16,Healthy,2,Premium Customers
1365,68,Male,Hat,Accessories,75,Delaware,L,Yellow,Fall,4.7,No,Express,Yes,5,Cash,Every 3 Months,Senior,90,450,0,5,Bronze,0.6875,0.8800000000000001,0.08163265306122448,0,47.55,Average,1,High-Spending Customers
1366,28,Male,Handbag,Accessories,69,Indiana,M,Magenta,Winter,4.5,No,Store Pickup,Yes,18,Bank Transfer,Fortnightly,Young Adult,14,1311,0,18,Silver,0.6125,0.8,0.346938775510204,0,50.91,Average,1,High-Spending Customers
1367,45,Male,Belt,Accessories,40,Iowa,M,Magenta,Fall,3.1,No,Free Shipping,Yes,10,Credit Card,Fortnightly,Middle-aged,14,440,0,10,Bronze,0.25,0.2400000000000002,0.18367346938775508,0,20.31,At Risk,0,At-Risk Customers
1368,60,Male,Belt,Accessories,63,Iowa,S,Black,Fall,3.8,No,Express,Yes,25,Cash,Quarterly,Senior,90,1638,0,25,Gold,0.5375000000000001,0.52,0.4897959183673469,0,46.59,Average,1,High-Spending Customers
1369,21,Male,Shirt,Clothing,36,Wisconsin,L,Orange,Summer,4.9,No,Express,Yes,2,Cash,Weekly,Young Adult,7,108,0,2,Bronze,0.2,0.9600000000000002,0.02040816326530612,0,27.81,At Risk,0,At-Risk Customers
1370,32,Male,Shoes,Footwear,75,Iowa,M,Green,Winter,3.2,No,Standard,Yes,48,Venmo,Fortnightly,Adult,14,3675,0,48,Premium,0.6875,0.28000000000000025,0.9591836734693877,0,61.88,Healthy,2,Premium Customers
1371,27,Male,Scarf,Accessories,67,Montana,L,Peach,Summer,3.8,No,2-Day Shipping,Yes,41,Bank Transfer,Every 3 Months,Young Adult,90,2814,0,41,Premium,0.5875,0.52,0.8163265306122448,0,58.39,Average,2,Premium Customers
1372,40,Male,Pants,Clothing,64,Mississippi,M,Charcoal,Spring,2.8,No,Store Pickup,Yes,42,Credit Card,Monthly,Adult,30,2752,0,42,Premium,0.55,0.11999999999999988,0.836734693877551,0,49.5,Average,3,Loyal Customers
1373,64,Male,Blouse,Clothing,61,Michigan,M,Gray,Fall,4.0,No,2-Day Shipping,Yes,44,PayPal,Bi-Weekly,Senior,14,2745,0,44,Premium,0.5125000000000001,0.6000000000000001,0.8775510204081631,0,58.83,Average,2,Premium Customers
1374,18,Male,Gloves,Accessories,40,Virginia,L,Turquoise,Winter,2.6,No,Store Pickup,Yes,6,Cash,Quarterly,Young Adult,90,280,0,6,Bronze,0.25,0.040000000000000036,0.10204081632653061,0,13.86,At Risk,0,At-Risk Customers
1375,22,Male,Handbag,Accessories,97,New York,M,Red,Fall,2.7,No,Free Shipping,Yes,5,Bank Transfer,Quarterly,Young Adult,90,582,0,5,Bronze,0.9625000000000001,0.08000000000000007,0.08163265306122448,0,42.55,Average,1,High-Spending Customers
1376,42,Male,Sneakers,Footwear,31,Maine,L,Brown,Spring,4.1,No,2-Day Shipping,Yes,8,Credit Card,Annually,Adult,365,279,0,8,Bronze,0.1375,0.6399999999999999,0.14285714285714285,0,22.59,At Risk,0,At-Risk Customers
1377,57,Male,Sandals,Footwear,65,New Jersey,L,Pink,Spring,5.0,No,Free Shipping,Yes,24,PayPal,Annually,Middle-aged,365,1625,0,24,Gold,0.5625,1.0,0.4693877551020408,0,56.58,Average,1,High-Spending Customers
1378,33,Male,Sunglasses,Accessories,54,Maryland,L,Olive,Spring,3.0,No,Next Day Air,Yes,42,Venmo,Monthly,Adult,30,2322,0,42,Premium,0.42500000000000004,0.20000000000000018,0.836734693877551,0,46.1,Average,3,Loyal Customers
1379,37,Male,Jacket,Outerwear,49,Kentucky,XL,Lavender,Fall,3.6,No,Free Shipping,Yes,24,Venmo,Weekly,Adult,7,1225,0,24,Silver,0.36250000000000004,0.44000000000000017,0.4693877551020408,0,37.38,At Risk,3,Loyal Customers
1380,21,Male,T-shirt,Clothing,64,Minnesota,L,Purple,Fall,2.8,No,2-Day Shipping,Yes,38,Venmo,Bi-Weekly,Young Adult,14,2496,0,38,Premium,0.55,0.11999999999999988,0.7551020408163265,0,47.05,Average,3,Loyal Customers
1381,51,Male,Sneakers,Footwear,35,Massachusetts,S,Beige,Winter,4.6,No,Standard,Yes,41,Cash,Fortnightly,Middle-aged,14,1470,0,41,Gold,0.1875,0.8399999999999999,0.8163265306122448,0,48.79,Average,3,Loyal Customers
1382,30,Male,Shoes,Footwear,86,Illinois,L,Green,Winter,2.9,No,Standard,Yes,48,Venmo,Quarterly,Young Adult,90,4214,0,48,Premium,0.825,0.15999999999999992,0.9591836734693877,0,64.98,Healthy,2,Premium Customers
1383,68,Male,Jacket,Outerwear,55,Michigan,L,Brown,Winter,4.8,No,Express,Yes,16,Bank Transfer,Quarterly,Senior,90,935,0,16,Silver,0.4375,0.9199999999999999,0.3061224489795918,0,45.08,Average,1,High-Spending Customers
1384,36,Male,Scarf,Accessories,58,Wisconsin,M,Beige,Spring,3.3,No,Express,Yes,4,Venmo,Monthly,Adult,30,290,0,4,Bronze,0.4750000000000001,0.32000000000000006,0.061224489795918366,0,27.24,At Risk,0,At-Risk Customers
1385,46,Male,Sneakers,Footwear,96,Alaska,M,Beige,Fall,4.6,No,Standard,Yes,8,Bank Transfer,Weekly,Middle-aged,7,864,0,8,Silver,0.9500000000000002,0.8399999999999999,0.14285714285714285,0,59.09,Average,1,High-Spending Customers
1386,41,Male,Jewelry,Accessories,64,Mississippi,M,Indigo,Fall,2.6,No,Store Pickup,Yes,1,Bank Transfer,Bi-Weekly,Adult,14,128,0,1,Bronze,0.55,0.040000000000000036,0.0,0,22.8,At Risk,0,At-Risk Customers
1387,68,Male,Jacket,Outerwear,56,Oregon,M,Silver,Fall,4.0,No,Next Day Air,Yes,4,Debit Card,Quarterly,Senior,90,280,0,4,Bronze,0.45000000000000007,0.6000000000000001,0.061224489795918366,0,31.84,At Risk,0,At-Risk Customers
1388,21,Male,Blouse,Clothing,85,Maryland,M,Gold,Winter,3.8,No,Standard,Yes,20,Credit Card,Monthly,Young Adult,30,1785,0,20,Gold,0.8125,0.52,0.38775510204081626,0,54.53,Average,1,High-Spending Customers
1389,62,Male,Dress,Clothing,23,Arkansas,M,Lavender,Spring,3.9,No,Express,Yes,40,Cash,Quarterly,Senior,90,943,0,40,Silver,0.03750000000000003,0.56,0.7959183673469387,0,36.58,At Risk,3,Loyal Customers
1390,59,Male,Scarf,Accessories,72,Illinois,L,Orange,Fall,2.6,No,Store Pickup,Yes,8,Debit Card,Fortnightly,Senior,14,648,0,8,Bronze,0.65,0.040000000000000036,0.14285714285714285,0,31.09,At Risk,0,At-Risk Customers
1391,25,Male,Hat,Accessories,38,Arkansas,M,Maroon,Summer,4.3,No,Standard,Yes,42,Debit Card,Weekly,Young Adult,7,1634,0,42,Gold,0.22500000000000003,0.72,0.836734693877551,0,48.5,Average,3,Loyal Customers
1392,53,Male,Blouse,Clothing,29,Mississippi,S,White,Winter,3.6,No,Express,Yes,38,Credit Card,Annually,Middle-aged,365,1131,0,38,Silver,0.11250000000000004,0.44000000000000017,0.7551020408163265,0,35.95,At Risk,3,Loyal Customers
1393,31,Male,Gloves,Accessories,46,Arkansas,M,Yellow,Spring,4.2,No,Express,Yes,34,Venmo,Every 3 Months,Young Adult,90,1610,0,34,Gold,0.32500000000000007,0.6800000000000002,0.673469387755102,0,46.8,Average,3,Loyal Customers
1394,46,Male,Gloves,Accessories,58,Idaho,L,Yellow,Spring,3.9,No,Express,Yes,14,PayPal,Fortnightly,Middle-aged,14,870,0,14,Silver,0.4750000000000001,0.56,0.26530612244897955,0,38.16,At Risk,1,High-Spending Customers
1395,26,Male,Coat,Outerwear,43,Iowa,L,Magenta,Fall,4.7,No,Next Day Air,Yes,39,Cash,Weekly,Young Adult,7,1720,0,39,Gold,0.2875,0.8800000000000001,0.7755102040816325,0,52.37,Average,3,Loyal Customers
1396,47,Male,Scarf,Accessories,32,West Virginia,L,Turquoise,Spring,2.8,No,Next Day Air,Yes,40,PayPal,Bi-Weekly,Middle-aged,14,1312,0,40,Silver,0.15000000000000002,0.11999999999999988,0.7959183673469387,0,32.28,At Risk,3,Loyal Customers
1397,37,Male,Pants,Clothing,30,Wisconsin,XL,Lavender,Winter,3.0,No,Next Day Air,Yes,49,Debit Card,Monthly,Adult,30,1500,0,49,Gold,0.125,0.20000000000000018,0.9795918367346937,0,38.39,At Risk,3,Loyal Customers
1398,55,Male,Sunglasses,Accessories,67,Massachusetts,S,Magenta,Summer,4.7,No,Store Pickup,Yes,33,PayPal,Annually,Middle-aged,365,2278,0,33,Gold,0.5875,0.8800000000000001,0.6530612244897959,0,60.69,Healthy,2,Premium Customers
1399,30,Male,Dress,Clothing,45,Texas,M,Cyan,Summer,2.5,No,Free Shipping,Yes,25,Credit Card,Weekly,Young Adult,7,1170,0,25,Silver,0.3125,0.0,0.4897959183673469,0,27.19,At Risk,0,At-Risk Customers
1400,19,Male,Hat,Accessories,81,Nebraska,M,Olive,Winter,3.1,No,Store Pickup,Yes,48,Venmo,Annually,Young Adult,365,3969,0,48,Premium,0.7625,0.2400000000000002,0.9591836734693877,0,64.08,Healthy,2,Premium Customers
1401,36,Male,Backpack,Accessories,23,Nevada,M,Red,Fall,3.6,No,Next Day Air,Yes,22,Credit Card,Every 3 Months,Adult,90,529,0,22,Bronze,0.03750000000000003,0.44000000000000017,0.4285714285714285,0,23.16,At Risk,0,At-Risk Customers
1402,23,Male,Sandals,Footwear,59,Indiana,M,Blue,Fall,3.5,No,2-Day Shipping,Yes,1,PayPal,Weekly,Young Adult,7,118,0,1,Bronze,0.48750000000000004,0.40000000000000013,0.0,0,27.5,At Risk,0,At-Risk Customers
1403,62,Male,Sunglasses,Accessories,21,North Dakota,L,White,Summer,3.1,No,Express,Yes,47,PayPal,Monthly,Senior,30,1008,0,47,Silver,0.012500000000000011,0.2400000000000002,0.9387755102040816,0,33.46,At Risk,3,Loyal Customers
1404,26,Male,Backpack,Accessories,20,Georgia,M,Peach,Spring,3.6,No,Store Pickup,Yes,20,Credit Card,Bi-Weekly,Young Adult,14,420,0,20,Bronze,0.0,0.44000000000000017,0.38775510204081626,0,20.43,At Risk,0,At-Risk Customers
1405,36,Male,Jewelry,Accessories,28,New Mexico,M,Charcoal,Winter,3.5,No,Next Day Air,Yes,10,Debit Card,Weekly,Adult,7,308,0,10,Bronze,0.10000000000000003,0.40000000000000013,0.18367346938775508,0,17.51,At Risk,0,At-Risk Customers
1406,33,Male,Socks,Clothing,100,New Hampshire,M,Peach,Winter,2.7,No,Store Pickup,Yes,39,Credit Card,Monthly,Adult,30,4000,0,39,Premium,1.0,0.08000000000000007,0.7755102040816325,0,64.87,Healthy,2,Premium Customers
1407,32,Male,Shirt,Clothing,46,Washington,L,Turquoise,Spring,3.6,No,Express,Yes,15,Debit Card,Monthly,Adult,30,736,0,15,Silver,0.32500000000000007,0.44000000000000017,0.28571428571428564,0,30.37,At Risk,0,At-Risk Customers
1408,56,Male,Handbag,Accessories,61,Nevada,XL,Charcoal,Spring,4.5,No,Express,Yes,11,Credit Card,Annually,Middle-aged,365,732,0,11,Silver,0.5125000000000001,0.8,0.2040816326530612,0,42.62,Average,1,High-Spending Customers
1409,58,Male,Blouse,Clothing,58,Maine,M,Yellow,Winter,4.1,No,Free Shipping,Yes,38,Venmo,Weekly,Senior,7,2262,0,38,Gold,0.4750000000000001,0.6399999999999999,0.7551020408163265,0,54.45,Average,3,Loyal Customers
1410,34,Male,Backpack,Accessories,50,Idaho,M,Blue,Spring,4.2,No,Standard,Yes,41,Cash,Fortnightly,Adult,14,2100,0,41,Gold,0.375,0.6800000000000002,0.8163265306122448,0,53.09,Average,3,Loyal Customers
1411,61,Male,Hat,Accessories,93,Tennessee,M,Purple,Summer,4.0,No,Store Pickup,Yes,18,Debit Card,Annually,Senior,365,1767,0,18,Gold,0.9125000000000001,0.6000000000000001,0.346938775510204,0,58.91,Average,1,High-Spending Customers
1412,48,Male,Skirt,Clothing,24,Louisiana,L,Green,Summer,2.8,No,Store Pickup,Yes,13,Venmo,Quarterly,Middle-aged,90,336,0,13,Bronze,0.050000000000000044,0.11999999999999988,0.24489795918367344,0,11.75,At Risk,0,At-Risk Customers
1413,25,Male,Shorts,Clothing,100,Michigan,M,Charcoal,Summer,2.6,No,2-Day Shipping,Yes,43,Venmo,Annually,Young Adult,365,4400,0,43,Premium,1.0,0.040000000000000036,0.8571428571428571,0,66.51,Healthy,2,Premium Customers
1414,51,Male,Blouse,Clothing,79,New Hampshire,S,Indigo,Fall,2.7,No,Store Pickup,Yes,12,Bank Transfer,Quarterly,Middle-aged,90,1027,0,12,Silver,0.7375,0.08000000000000007,0.22448979591836735,0,37.83,At Risk,1,High-Spending Customers
1415,29,Male,Socks,Clothing,51,Minnesota,M,Black,Summer,4.5,No,Store Pickup,Yes,3,Credit Card,Bi-Weekly,Young Adult,14,204,0,3,Bronze,0.38750000000000007,0.8,0.04081632653061225,0,32.72,At Risk,0,At-Risk Customers
1416,54,Male,Belt,Accessories,90,Illinois,M,Blue,Winter,3.7,No,Free Shipping,Yes,12,Credit Card,Every 3 Months,Middle-aged,90,1170,0,12,Silver,0.875,0.4800000000000002,0.22448979591836735,0,51.33,Average,1,High-Spending Customers
1417,48,Male,Boots,Footwear,56,Idaho,L,Silver,Summer,3.4,No,Free Shipping,Yes,46,Cash,Quarterly,Middle-aged,90,2632,0,46,Premium,0.45000000000000007,0.3600000000000001,0.9183673469387754,0,52.75,Average,3,Loyal Customers
1418,62,Male,Shorts,Clothing,25,Montana,S,Brown,Spring,4.6,No,Standard,Yes,21,Debit Card,Fortnightly,Senior,14,550,0,21,Bronze,0.0625,0.8399999999999999,0.4081632653061224,0,31.54,At Risk,0,At-Risk Customers
1419,18,Male,Shirt,Clothing,75,Alabama,M,Violet,Summer,4.1,No,2-Day Shipping,Yes,23,Venmo,Every 3 Months,Young Adult,90,1800,0,23,Gold,0.6875,0.6399999999999999,0.44897959183673464,0,53.77,Average,1,High-Spending Customers
1420,43,Male,Handbag,Accessories,75,Montana,M,Orange,Summer,2.6,No,Free Shipping,Yes,4,Debit Card,Quarterly,Adult,90,375,0,4,Bronze,0.6875,0.040000000000000036,0.061224489795918366,0,30.14,At Risk,0,At-Risk Customers
1421,22,Male,Jeans,Clothing,53,California,XL,Gray,Summer,4.6,No,Store Pickup,Yes,45,PayPal,Every 3 Months,Young Adult,90,2438,0,45,Premium,0.4125000000000001,0.8399999999999999,0.8979591836734693,0,60.24,Healthy,2,Premium Customers
1422,68,Male,Dress,Clothing,100,Pennsylvania,S,Gold,Spring,3.0,No,Standard,Yes,24,Bank Transfer,Fortnightly,Senior,14,2500,0,24,Premium,1.0,0.20000000000000018,0.4693877551020408,0,58.08,Average,2,Premium Customers
1423,44,Male,Dress,Clothing,27,Texas,L,Charcoal,Fall,3.4,No,Free Shipping,Yes,3,PayPal,Bi-Weekly,Adult,14,108,0,3,Bronze,0.08750000000000002,0.3600000000000001,0.04081632653061225,0,11.92,At Risk,0,At-Risk Customers
1424,51,Male,Sandals,Footwear,60,Michigan,S,Black,Fall,3.5,No,Free Shipping,Yes,12,Venmo,Every 3 Months,Middle-aged,90,780,0,12,Silver,0.5,0.40000000000000013,0.22448979591836735,0,34.73,At Risk,0,At-Risk Customers
1425,66,Male,Jacket,Outerwear,23,Connecticut,S,Indigo,Fall,3.5,No,Standard,Yes,34,Bank Transfer,Every 3 Months,Senior,90,805,0,34,Silver,0.03750000000000003,0.40000000000000013,0.673469387755102,0,29.7,At Risk,3,Loyal Customers
1426,59,Male,Coat,Outerwear,40,Wyoming,S,White,Winter,3.7,No,Next Day Air,Yes,39,Credit Card,Annually,Senior,365,1600,0,39,Gold,0.25,0.4800000000000002,0.7755102040816325,0,42.87,Average,3,Loyal Customers
1427,60,Male,Pants,Clothing,38,Michigan,M,Yellow,Summer,4.8,No,Free Shipping,Yes,35,PayPal,Every 3 Months,Senior,90,1368,0,35,Gold,0.22500000000000003,0.9199999999999999,0.693877551020408,0,48.22,Average,3,Loyal Customers
1428,31,Male,Backpack,Accessories,90,South Dakota,S,Orange,Summer,4.9,No,Store Pickup,Yes,8,Credit Card,Annually,Young Adult,365,810,0,8,Silver,0.875,0.9600000000000002,0.14285714285714285,0,58.49,Average,1,High-Spending Customers
1429,20,Male,Blouse,Clothing,97,North Dakota,S,Green,Summer,4.9,No,Express,Yes,42,PayPal,Quarterly,Young Adult,90,4171,0,42,Premium,0.9625000000000001,0.9600000000000002,0.836734693877551,0,82.8,Excellent,2,Premium Customers
1430,24,Male,Skirt,Clothing,38,Maryland,L,Gold,Fall,4.7,No,Standard,Yes,6,Credit Card,Every 3 Months,Young Adult,90,266,0,6,Bronze,0.22500000000000003,0.8800000000000001,0.10204081632653061,0,29.66,At Risk,0,At-Risk Customers
1431,48,Male,Sandals,Footwear,30,Michigan,S,Orange,Summer,4.9,No,Free Shipping,Yes,3,Credit Card,Fortnightly,Middle-aged,14,120,0,3,Bronze,0.125,0.9600000000000002,0.04081632653061225,0,25.42,At Risk,0,At-Risk Customers
1432,39,Male,Pants,Clothing,88,South Dakota,M,Cyan,Fall,2.9,No,Express,Yes,29,Venmo,Quarterly,Adult,90,2640,0,29,Premium,0.8500000000000001,0.15999999999999992,0.5714285714285714,0,54.34,Average,2,Premium Customers
1433,34,Male,Hat,Accessories,33,Florida,L,Black,Winter,4.4,No,Express,Yes,32,Debit Card,Quarterly,Adult,90,1089,0,32,Silver,0.16250000000000003,0.7600000000000002,0.6326530612244897,0,40.68,Average,3,Loyal Customers
1434,70,Male,Hoodie,Clothing,60,Minnesota,L,Yellow,Winter,3.2,No,Next Day Air,Yes,45,Debit Card,Weekly,Senior,7,2760,0,45,Premium,0.5,0.28000000000000025,0.8979591836734693,0,52.54,Average,3,Loyal Customers
1435,59,Male,Sweater,Clothing,64,New York,L,Maroon,Summer,4.6,No,Free Shipping,Yes,21,Debit Card,Bi-Weekly,Senior,14,1408,0,21,Gold,0.55,0.8399999999999999,0.4081632653061224,0,51.04,Average,1,High-Spending Customers
1436,45,Male,Scarf,Accessories,95,Oregon,XL,Black,Fall,4.0,No,Standard,Yes,41,Cash,Weekly,Middle-aged,7,3990,0,41,Premium,0.9375,0.6000000000000001,0.8163265306122448,0,73.99,Healthy,2,Premium Customers
1437,35,Male,Sneakers,Footwear,83,Minnesota,M,Gray,Winter,3.7,No,Free Shipping,Yes,23,PayPal,Fortnightly,Adult,14,1992,0,23,Gold,0.7875000000000001,0.4800000000000002,0.44897959183673464,0,54.57,Average,1,High-Spending Customers
1438,69,Male,Boots,Footwear,97,Montana,XL,Orange,Winter,4.2,No,Free Shipping,Yes,14,Cash,Annually,Senior,365,1455,0,14,Gold,0.9625000000000001,0.6800000000000002,0.26530612244897955,0,60.06,Healthy,1,High-Spending Customers
1439,58,Male,Coat,Outerwear,38,Washington,M,Cyan,Spring,2.9,No,Standard,Yes,24,Debit Card,Monthly,Senior,30,950,0,24,Silver,0.22500000000000003,0.15999999999999992,0.4693877551020408,0,26.28,At Risk,0,At-Risk Customers
1440,25,Male,Boots,Footwear,48,New Mexico,M,Magenta,Summer,4.8,No,Next Day Air,Yes,25,Cash,Fortnightly,Young Adult,14,1248,0,25,Silver,0.3500000000000001,0.9199999999999999,0.4897959183673469,0,47.09,Average,3,Loyal Customers
1441,27,Male,Sandals,Footwear,76,Arizona,M,Pink,Spring,4.4,No,Standard,Yes,13,Venmo,Monthly,Young Adult,30,1064,0,13,Silver,0.7000000000000001,0.7600000000000002,0.24489795918367344,0,50.55,Average,1,High-Spending Customers
1442,34,Male,Pants,Clothing,25,Nebraska,S,Turquoise,Summer,3.4,No,Free Shipping,Yes,3,Venmo,Every 3 Months,Adult,90,100,0,3,Bronze,0.0625,0.3600000000000001,0.04081632653061225,0,10.92,At Risk,0,At-Risk Customers
1443,53,Male,Hoodie,Clothing,92,Idaho,S,Violet,Spring,2.8,No,2-Day Shipping,Yes,42,Credit Card,Annually,Middle-aged,365,3956,0,42,Premium,0.9000000000000001,0.11999999999999988,0.836734693877551,0,63.5,Healthy,2,Premium Customers
1444,58,Male,Sandals,Footwear,47,Idaho,L,Teal,Fall,4.2,No,Next Day Air,Yes,2,Cash,Monthly,Senior,30,141,0,2,Bronze,0.3375,0.6800000000000002,0.02040816326530612,0,27.71,At Risk,0,At-Risk Customers
1445,32,Male,Sweater,Clothing,36,Vermont,L,Pink,Fall,3.8,No,Express,Yes,26,Cash,Quarterly,Adult,90,972,0,26,Silver,0.2,0.52,0.510204081632653,0,33.71,At Risk,0,At-Risk Customers
1446,64,Male,Belt,Accessories,51,Arkansas,M,Gold,Fall,3.1,No,2-Day Shipping,Yes,24,Credit Card,Annually,Senior,365,1275,0,24,Silver,0.38750000000000007,0.2400000000000002,0.4693877551020408,0,34.38,At Risk,0,At-Risk Customers
1447,63,Male,Jeans,Clothing,35,Wyoming,XL,Red,Summer,3.2,No,Express,Yes,6,Credit Card,Quarterly,Senior,90,245,0,6,Bronze,0.1875,0.28000000000000025,0.10204081632653061,0,16.16,At Risk,0,At-Risk Customers
1448,23,Male,Hoodie,Clothing,57,New Mexico,S,Beige,Summer,3.0,No,Next Day Air,Yes,25,PayPal,Monthly,Young Adult,30,1482,0,25,Gold,0.4625,0.20000000000000018,0.4897959183673469,0,37.19,At Risk,3,Loyal Customers
1449,64,Male,Boots,Footwear,95,West Virginia,M,Black,Summer,3.6,No,Free Shipping,Yes,11,Credit Card,Every 3 Months,Senior,90,1140,0,11,Silver,0.9375,0.44000000000000017,0.2040816326530612,0,52.42,Average,1,High-Spending Customers
1450,18,Male,Socks,Clothing,41,New York,L,Lavender,Winter,2.5,No,Store Pickup,Yes,20,Cash,Every 3 Months,Young Adult,90,861,0,20,Silver,0.26250000000000007,0.0,0.38775510204081626,0,22.13,At Risk,0,At-Risk Customers
1451,25,Male,Dress,Clothing,44,Illinois,S,Teal,Winter,3.4,No,Free Shipping,Yes,25,Cash,Quarterly,Young Adult,90,1144,0,25,Silver,0.30000000000000004,0.3600000000000001,0.4897959183673469,0,33.89,At Risk,0,At-Risk Customers
1452,54,Male,Jacket,Outerwear,34,Utah,M,Maroon,Fall,2.5,No,Next Day Air,Yes,35,PayPal,Quarterly,Middle-aged,90,1224,0,35,Silver,0.17500000000000004,0.0,0.693877551020408,0,27.82,At Risk,3,Loyal Customers
1453,60,Male,Jacket,Outerwear,25,Colorado,L,Blue,Spring,4.7,No,2-Day Shipping,Yes,11,Bank Transfer,Quarterly,Senior,90,300,0,11,Bronze,0.0625,0.8800000000000001,0.2040816326530612,0,26.22,At Risk,0,At-Risk Customers
1454,36,Male,Boots,Footwear,93,Virginia,S,Teal,Winter,3.2,No,2-Day Shipping,Yes,41,Bank Transfer,Fortnightly,Adult,14,3906,0,41,Premium,0.9125000000000001,0.28000000000000025,0.8163265306122448,0,66.59,Healthy,2,Premium Customers
1455,66,Male,Sneakers,Footwear,50,Georgia,L,Maroon,Winter,2.9,No,Free Shipping,Yes,17,Credit Card,Annually,Senior,365,900,0,17,Silver,0.375,0.15999999999999992,0.32653061224489793,0,28.0,At Risk,0,At-Risk Customers
1456,60,Male,Pants,Clothing,79,Alabama,L,Silver,Fall,4.9,No,Express,Yes,1,PayPal,Every 3 Months,Senior,90,158,0,1,Bronze,0.7375,0.9600000000000002,0.0,0,48.7,Average,1,High-Spending Customers
1457,59,Male,Coat,Outerwear,100,Montana,S,Olive,Spring,2.7,No,Store Pickup,Yes,30,PayPal,Every 3 Months,Senior,90,3100,0,30,Premium,1.0,0.08000000000000007,0.5918367346938774,0,59.36,Average,2,Premium Customers
1458,58,Male,Shirt,Clothing,57,Pennsylvania,S,Gray,Spring,4.7,No,Express,Yes,47,Venmo,Fortnightly,Senior,14,2736,0,47,Premium,0.4625,0.8800000000000001,0.9387755102040816,0,64.26,Healthy,2,Premium Customers
1459,35,Male,Sweater,Clothing,28,Missouri,M,Peach,Spring,2.9,No,2-Day Shipping,Yes,34,Venmo,Weekly,Adult,7,980,0,34,Silver,0.10000000000000003,0.15999999999999992,0.673469387755102,0,27.4,At Risk,3,Loyal Customers
1460,20,Male,Shoes,Footwear,35,Maine,L,Yellow,Winter,4.8,No,Express,Yes,18,Venmo,Fortnightly,Young Adult,14,665,0,18,Silver,0.1875,0.9199999999999999,0.346938775510204,0,36.31,At Risk,0,At-Risk Customers
1461,70,Male,Boots,Footwear,85,Pennsylvania,L,Violet,Fall,4.6,No,Standard,Yes,33,Venmo,Bi-Weekly,Senior,14,2890,0,33,Premium,0.8125,0.8399999999999999,0.6530612244897959,0,68.89,Healthy,2,Premium Customers
1462,54,Male,Sunglasses,Accessories,95,Oregon,S,Red,Summer,5.0,No,2-Day Shipping,Yes,42,Venmo,Quarterly,Middle-aged,90,4085,0,42,Premium,0.9375,1.0,0.836734693877551,0,82.6,Excellent,2,Premium Customers
1463,38,Male,Sneakers,Footwear,90,Utah,S,Charcoal,Summer,4.8,No,2-Day Shipping,Yes,2,Venmo,Quarterly,Adult,90,270,0,2,Bronze,0.875,0.9199999999999999,0.02040816326530612,0,54.01,Average,1,High-Spending Customers
1464,54,Male,Jewelry,Accessories,49,Oklahoma,M,Beige,Summer,4.9,No,Store Pickup,Yes,1,Bank Transfer,Monthly,Middle-aged,30,98,0,1,Bronze,0.36250000000000004,0.9600000000000002,0.0,0,33.7,At Risk,0,At-Risk Customers
1465,33,Male,Belt,Accessories,92,Montana,M,Peach,Winter,4.6,No,2-Day Shipping,Yes,23,Bank Transfer,Quarterly,Adult,90,2208,0,23,Gold,0.9000000000000001,0.8399999999999999,0.44897959183673464,0,66.27,Healthy,2,Premium Customers
1466,46,Male,Gloves,Accessories,72,Nebraska,XL,Violet,Winter,3.9,No,Store Pickup,Yes,42,Cash,Bi-Weekly,Middle-aged,14,3096,0,42,Premium,0.65,0.56,0.836734693877551,0,62.3,Healthy,2,Premium Customers
1467,58,Male,Shorts,Clothing,71,Alabama,M,Green,Summer,4.5,No,Store Pickup,Yes,3,PayPal,Annually,Senior,365,284,0,3,Bronze,0.6375000000000001,0.8,0.04081632653061225,0,42.72,Average,1,High-Spending Customers
1468,30,Male,Jewelry,Accessories,27,Ohio,XL,Olive,Winter,4.7,No,Store Pickup,Yes,16,Debit Card,Fortnightly,Young Adult,14,459,0,16,Bronze,0.08750000000000002,0.8800000000000001,0.3061224489795918,0,30.28,At Risk,0,At-Risk Customers
1469,42,Male,Gloves,Accessories,39,Arkansas,S,Silver,Fall,3.9,No,Express,Yes,46,Cash,Fortnightly,Adult,14,1833,0,46,Gold,0.23750000000000004,0.56,0.9183673469387754,0,48.25,Average,3,Loyal Customers
1470,28,Male,Jewelry,Accessories,98,Mississippi,M,Purple,Winter,4.4,No,Standard,Yes,31,PayPal,Every 3 Months,Young Adult,90,3136,0,31,Premium,0.9750000000000001,0.7600000000000002,0.6122448979591836,0,72.57,Healthy,2,Premium Customers
1471,43,Male,Sandals,Footwear,27,California,M,Silver,Spring,3.9,No,Next Day Air,Yes,15,Cash,Every 3 Months,Adult,90,432,0,15,Bronze,0.08750000000000002,0.56,0.28571428571428564,0,23.27,At Risk,0,At-Risk Customers
1472,31,Male,Jewelry,Accessories,71,Alaska,S,Gray,Spring,2.8,No,2-Day Shipping,Yes,48,Venmo,Every 3 Months,Young Adult,90,3479,0,48,Premium,0.6375000000000001,0.11999999999999988,0.9591836734693877,0,56.68,Average,2,Premium Customers
1473,39,Male,Hat,Accessories,24,Indiana,L,Turquoise,Spring,3.5,No,Store Pickup,Yes,11,Cash,Weekly,Adult,7,288,0,11,Bronze,0.050000000000000044,0.40000000000000013,0.2040816326530612,0,16.12,At Risk,0,At-Risk Customers
1474,69,Male,Shorts,Clothing,63,Wisconsin,M,Violet,Fall,4.3,No,Express,Yes,20,Credit Card,Every 3 Months,Senior,90,1323,0,20,Silver,0.5375000000000001,0.72,0.38775510204081626,0,47.53,Average,1,High-Spending Customers
1475,31,Male,Sweater,Clothing,72,New Jersey,S,Pink,Fall,3.9,No,Next Day Air,Yes,6,Credit Card,Monthly,Young Adult,30,504,0,6,Bronze,0.65,0.56,0.10204081632653061,0,40.26,Average,1,High-Spending Customers
1476,44,Male,Blouse,Clothing,61,Rhode Island,M,Teal,Spring,4.0,No,Express,Yes,24,Cash,Monthly,Adult,30,1525,0,24,Gold,0.5125000000000001,0.6000000000000001,0.4693877551020408,0,46.58,Average,1,High-Spending Customers
1477,39,Male,Hat,Accessories,56,Wyoming,M,Magenta,Fall,4.1,No,Next Day Air,Yes,18,Credit Card,Monthly,Adult,30,1064,0,18,Silver,0.45000000000000007,0.6399999999999999,0.346938775510204,0,41.21,Average,1,High-Spending Customers
1478,24,Male,Belt,Accessories,32,Oregon,XL,Silver,Summer,4.3,No,Standard,Yes,1,PayPal,Every 3 Months,Young Adult,90,64,0,1,Bronze,0.15000000000000002,0.72,0.0,0,20.4,At Risk,0,At-Risk Customers
1479,28,Male,Gloves,Accessories,23,Washington,M,Blue,Summer,4.2,No,Free Shipping,Yes,13,Venmo,Bi-Weekly,Young Adult,14,322,0,13,Bronze,0.03750000000000003,0.6800000000000002,0.24489795918367344,0,22.45,At Risk,0,At-Risk Customers
1480,48,Male,Coat,Outerwear,100,Washington,L,Black,Spring,4.0,No,Standard,Yes,2,Bank Transfer,Weekly,Middle-aged,7,300,0,2,Bronze,1.0,0.6000000000000001,0.02040816326530612,0,52.61,Average,1,High-Spending Customers
1481,39,Male,Jewelry,Accessories,74,New Hampshire,M,Gold,Fall,3.6,No,Express,Yes,26,Cash,Quarterly,Adult,90,1998,0,26,Gold,0.675,0.44000000000000017,0.510204081632653,0,51.11,Average,1,High-Spending Customers
1482,64,Male,Skirt,Clothing,33,Maryland,S,Gray,Spring,3.3,No,Standard,Yes,31,PayPal,Quarterly,Senior,90,1056,0,31,Silver,0.16250000000000003,0.32000000000000006,0.6122448979591836,0,31.27,At Risk,3,Loyal Customers
1483,28,Male,Gloves,Accessories,67,Wisconsin,S,Magenta,Spring,4.1,No,2-Day Shipping,Yes,43,Bank Transfer,Weekly,Young Adult,7,2948,0,43,Premium,0.5875,0.6399999999999999,0.8571428571428571,0,62.01,Healthy,2,Premium Customers
1484,39,Male,Jewelry,Accessories,61,Massachusetts,S,Yellow,Summer,4.7,No,Next Day Air,Yes,12,Debit Card,Bi-Weekly,Adult,14,793,0,12,Silver,0.5125000000000001,0.8800000000000001,0.22448979591836735,0,44.83,Average,1,High-Spending Customers
1485,49,Male,Shorts,Clothing,46,Nebraska,M,Teal,Summer,4.4,No,Store Pickup,Yes,22,Venmo,Every 3 Months,Middle-aged,90,1058,0,22,Silver,0.32500000000000007,0.7600000000000002,0.4285714285714285,0,41.06,Average,3,Loyal Customers
1486,22,Male,Gloves,Accessories,56,Nebraska,L,Red,Spring,3.4,No,Standard,Yes,3,Cash,Fortnightly,Young Adult,14,224,0,3,Bronze,0.45000000000000007,0.3600000000000001,0.04081632653061225,0,26.42,At Risk,0,At-Risk Customers
1487,25,Male,Sneakers,Footwear,73,Idaho,S,Yellow,Spring,5.0,No,Free Shipping,Yes,23,Venmo,Every 3 Months,Young Adult,90,1752,0,23,Gold,0.6625000000000001,1.0,0.44897959183673464,0,59.97,Average,1,High-Spending Customers
1488,40,Male,Skirt,Clothing,44,Arizona,L,Black,Summer,4.6,No,Store Pickup,Yes,26,PayPal,Annually,Adult,365,1188,0,26,Silver,0.30000000000000004,0.8399999999999999,0.510204081632653,0,44.11,Average,3,Loyal Customers
1489,23,Male,Hat,Accessories,44,Hawaii,L,Pink,Winter,4.0,No,Standard,Yes,37,Credit Card,Weekly,Young Adult,7,1672,0,37,Gold,0.30000000000000004,0.6000000000000001,0.7346938775510203,0,46.04,Average,3,Loyal Customers
1490,24,Male,Jewelry,Accessories,26,Missouri,XL,Magenta,Summer,4.1,No,Next Day Air,Yes,42,Venmo,Quarterly,Young Adult,90,1118,0,42,Silver,0.07500000000000001,0.6399999999999999,0.836734693877551,0,40.9,Average,3,Loyal Customers
1491,66,Male,Sneakers,Footwear,52,Louisiana,L,Olive,Spring,4.9,No,Express,Yes,15,Venmo,Bi-Weekly,Senior,14,832,0,15,Silver,0.4,0.9600000000000002,0.28571428571428564,0,43.77,Average,1,High-Spending Customers
1492,27,Male,Shirt,Clothing,54,Arkansas,S,Black,Summer,2.7,No,Free Shipping,Yes,10,Bank Transfer,Quarterly,Young Adult,90,594,0,10,Bronze,0.42500000000000004,0.08000000000000007,0.18367346938775508,0,24.11,At Risk,0,At-Risk Customers
1493,62,Male,Jacket,Outerwear,38,North Carolina,M,Maroon,Summer,4.5,No,Free Shipping,Yes,3,Venmo,Quarterly,Senior,90,152,0,3,Bronze,0.22500000000000003,0.8,0.04081632653061225,0,26.22,At Risk,0,At-Risk Customers
1494,70,Male,Belt,Accessories,44,North Dakota,S,Gold,Fall,2.7,No,Standard,Yes,44,Credit Card,Quarterly,Senior,90,1980,0,44,Gold,0.30000000000000004,0.08000000000000007,0.8775510204081631,0,39.93,At Risk,3,Loyal Customers
1495,43,Male,T-shirt,Clothing,76,Montana,M,Gray,Spring,3.0,No,Next Day Air,Yes,23,Bank Transfer,Fortnightly,Adult,14,1824,0,23,Gold,0.7000000000000001,0.20000000000000018,0.44897959183673464,0,45.47,Average,1,High-Spending Customers
1496,45,Male,Jewelry,Accessories,23,Rhode Island,M,Brown,Winter,4.5,No,Next Day Air,Yes,6,PayPal,Weekly,Middle-aged,7,161,0,6,Bronze,0.03750000000000003,0.8,0.10204081632653061,0,20.56,At Risk,0,At-Risk Customers
1497,63,Male,T-shirt,Clothing,98,Idaho,M,Purple,Winter,5.0,No,Standard,Yes,9,Venmo,Bi-Weekly,Senior,14,980,0,9,Silver,0.9750000000000001,1.0,0.16326530612244897,0,63.9,Healthy,1,High-Spending Customers
1498,69,Male,Jacket,Outerwear,33,Michigan,S,Magenta,Spring,3.8,No,2-Day Shipping,Yes,16,Debit Card,Every 3 Months,Senior,90,561,0,16,Bronze,0.16250000000000003,0.52,0.3061224489795918,0,26.08,At Risk,0,At-Risk Customers
1499,59,Male,Sweater,Clothing,32,Illinois,M,Teal,Summer,3.1,No,Standard,Yes,46,Venmo,Fortnightly,Senior,14,1504,0,46,Gold,0.15000000000000002,0.2400000000000002,0.9183673469387754,0,38.35,At Risk,3,Loyal Customers
1500,19,Male,Boots,Footwear,85,Georgia,S,Olive,Fall,3.4,No,Free Shipping,Yes,24,Credit Card,Every 3 Months,Young Adult,90,2125,0,24,Gold,0.8125,0.3600000000000001,0.4693877551020408,0,53.78,Average,1,High-Spending Customers
1501,63,Male,Jeans,Clothing,69,Alabama,L,Maroon,Summer,4.8,No,Next Day Air,Yes,22,Debit Card,Monthly,Senior,30,1587,0,22,Gold,0.6125,0.9199999999999999,0.4285714285714285,0,55.76,Average,1,High-Spending Customers
1502,37,Male,Jeans,Clothing,55,Alaska,XL,Silver,Spring,2.7,No,Standard,Yes,13,Debit Card,Every 3 Months,Adult,90,770,0,13,Silver,0.4375,0.08000000000000007,0.24489795918367344,0,26.45,At Risk,0,At-Risk Customers
1503,37,Male,Pants,Clothing,66,Massachusetts,M,Black,Summer,3.2,No,Store Pickup,Yes,20,Cash,Fortnightly,Adult,14,1386,0,20,Gold,0.5750000000000001,0.28000000000000025,0.38775510204081626,0,40.23,Average,1,High-Spending Customers
1504,50,Male,Jacket,Outerwear,30,Michigan,M,Maroon,Fall,3.9,No,2-Day Shipping,Yes,46,Cash,Quarterly,Middle-aged,90,1410,0,46,Gold,0.125,0.56,0.9183673469387754,0,43.75,Average,3,Loyal Customers
1505,60,Male,Jacket,Outerwear,80,Alaska,M,Teal,Winter,4.2,No,Next Day Air,Yes,10,Bank Transfer,Monthly,Senior,30,880,0,10,Silver,0.75,0.6800000000000002,0.18367346938775508,0,49.11,Average,1,High-Spending Customers
1506,46,Male,Belt,Accessories,20,North Dakota,M,Teal,Summer,3.0,No,Express,Yes,39,Cash,Monthly,Middle-aged,30,800,0,39,Silver,0.0,0.20000000000000018,0.7755102040816325,0,27.27,At Risk,3,Loyal Customers
1507,35,Male,Shirt,Clothing,30,South Carolina,L,Beige,Fall,3.0,No,2-Day Shipping,Yes,44,PayPal,Quarterly,Adult,90,1350,0,44,Gold,0.125,0.20000000000000018,0.8775510204081631,0,35.33,At Risk,3,Loyal Customers
1508,66,Male,Dress,Clothing,86,Pennsylvania,S,Maroon,Winter,3.7,No,2-Day Shipping,Yes,7,Venmo,Annually,Senior,365,688,0,7,Silver,0.825,0.4800000000000002,0.12244897959183673,0,46.27,Average,1,High-Spending Customers
1509,35,Male,Blouse,Clothing,84,Colorado,L,Beige,Spring,4.4,No,Store Pickup,Yes,3,Cash,Every 3 Months,Adult,90,336,0,3,Bronze,0.8,0.7600000000000002,0.04081632653061225,0,48.42,Average,1,High-Spending Customers
1510,20,Male,Dress,Clothing,54,New Hampshire,XL,White,Summer,4.6,No,Free Shipping,Yes,44,Debit Card,Annually,Young Adult,365,2430,0,44,Premium,0.42500000000000004,0.8399999999999999,0.8775510204081631,0,60.13,Healthy,2,Premium Customers
1511,55,Male,Blouse,Clothing,30,Maryland,XL,Gray,Fall,3.0,No,Free Shipping,Yes,31,Venmo,Annually,Middle-aged,365,960,0,31,Silver,0.125,0.20000000000000018,0.6122448979591836,0,27.37,At Risk,0,At-Risk Customers
1512,34,Male,Dress,Clothing,91,Georgia,M,Violet,Winter,3.6,No,Express,Yes,48,Credit Card,Weekly,Adult,7,4459,0,48,Premium,0.8875,0.44000000000000017,0.9591836734693877,0,73.08,Healthy,2,Premium Customers
1513,60,Male,Sneakers,Footwear,23,Wisconsin,L,Silver,Winter,3.9,No,Standard,Yes,18,PayPal,Bi-Weekly,Senior,14,437,0,18,Bronze,0.03750000000000003,0.56,0.346938775510204,0,23.11,At Risk,0,At-Risk Customers
1514,22,Male,Socks,Clothing,35,Texas,M,Red,Spring,4.1,No,Free Shipping,Yes,27,Cash,Monthly,Young Adult,30,980,0,27,Silver,0.1875,0.6399999999999999,0.5306122448979591,0,36.22,At Risk,3,Loyal Customers
1515,26,Male,Shoes,Footwear,90,Utah,L,Brown,Winter,3.9,No,2-Day Shipping,Yes,1,Venmo,Weekly,Young Adult,7,180,0,1,Bronze,0.875,0.56,0.0,0,46.2,Average,1,High-Spending Customers
1516,39,Male,Jeans,Clothing,93,Indiana,S,Turquoise,Fall,3.9,No,2-Day Shipping,Yes,34,Cash,Weekly,Adult,7,3255,0,34,Premium,0.9125000000000001,0.56,0.673469387755102,0,67.9,Healthy,2,Premium Customers
1517,20,Male,Jeans,Clothing,68,Nevada,L,Indigo,Winter,4.5,No,Express,Yes,5,Bank Transfer,Bi-Weekly,Young Adult,14,408,0,5,Bronze,0.6000000000000001,0.8,0.08163265306122448,0,42.45,Average,1,High-Spending Customers
1518,57,Male,Gloves,Accessories,41,New Hampshire,M,Violet,Spring,3.4,No,Standard,Yes,12,Cash,Quarterly,Middle-aged,90,533,0,12,Bronze,0.26250000000000007,0.3600000000000001,0.22448979591836735,0,24.43,At Risk,0,At-Risk Customers
1519,68,Male,Belt,Accessories,73,New York,M,Yellow,Winter,4.1,No,Next Day Air,Yes,14,Venmo,Fortnightly,Senior,14,1095,0,14,Silver,0.6625000000000001,0.6399999999999999,0.26530612244897955,0,47.26,Average,1,High-Spending Customers
1520,50,Male,Sunglasses,Accessories,73,Texas,L,Cyan,Fall,4.9,No,Next Day Air,Yes,40,PayPal,Weekly,Middle-aged,7,2993,0,40,Premium,0.6625000000000001,0.9600000000000002,0.7959183673469387,0,69.58,Healthy,2,Premium Customers
1521,21,Male,Hat,Accessories,66,Iowa,M,Brown,Summer,4.4,No,2-Day Shipping,Yes,39,Cash,Quarterly,Young Adult,90,2640,0,39,Premium,0.5750000000000001,0.7600000000000002,0.7755102040816325,0,61.47,Healthy,2,Premium Customers
1522,29,Male,Backpack,Accessories,59,Washington,M,White,Summer,2.7,No,2-Day Shipping,Yes,50,Bank Transfer,Weekly,Young Adult,7,3009,0,50,Premium,0.48750000000000004,0.08000000000000007,1.0,0,51.1,Average,3,Loyal Customers
1523,38,Male,Shorts,Clothing,72,Tennessee,L,Yellow,Spring,4.8,No,Free Shipping,Yes,5,Debit Card,Monthly,Adult,30,432,0,5,Bronze,0.65,0.9199999999999999,0.08163265306122448,0,46.85,Average,1,High-Spending Customers
1524,54,Male,Socks,Clothing,88,Georgia,M,White,Summer,3.3,No,2-Day Shipping,Yes,35,Debit Card,Annually,Middle-aged,365,3168,0,35,Premium,0.8500000000000001,0.32000000000000006,0.693877551020408,0,61.22,Healthy,2,Premium Customers
1525,22,Male,Socks,Clothing,76,Massachusetts,L,Pink,Summer,4.4,No,Free Shipping,Yes,6,Cash,Bi-Weekly,Young Adult,14,532,0,6,Bronze,0.7000000000000001,0.7600000000000002,0.10204081632653061,0,46.26,Average,1,High-Spending Customers
1526,29,Male,Belt,Accessories,31,Oregon,M,Indigo,Winter,4.6,No,2-Day Shipping,Yes,22,Cash,Fortnightly,Young Adult,14,713,0,22,Silver,0.1375,0.8399999999999999,0.4285714285714285,0,35.16,At Risk,0,At-Risk Customers
1527,41,Male,Jacket,Outerwear,22,Oklahoma,L,White,Summer,3.1,No,Next Day Air,Yes,27,PayPal,Monthly,Adult,30,616,0,27,Bronze,0.025000000000000022,0.2400000000000002,0.5306122448979591,0,21.72,At Risk,0,At-Risk Customers
1528,26,Male,Hat,Accessories,75,Wisconsin,L,Red,Fall,4.5,No,2-Day Shipping,Yes,33,Debit Card,Fortnightly,Young Adult,14,2550,0,33,Premium,0.6875,0.8,0.6530612244897959,0,63.09,Healthy,2,Premium Customers
1529,69,Male,T-shirt,Clothing,75,Oregon,S,Red,Spring,4.0,No,Store Pickup,Yes,47,Venmo,Bi-Weekly,Senior,14,3600,0,47,Premium,0.6875,0.6000000000000001,0.9387755102040816,0,67.66,Healthy,2,Premium Customers
1530,20,Male,Backpack,Accessories,63,Georgia,M,Lavender,Winter,3.1,No,Free Shipping,Yes,48,Credit Card,Bi-Weekly,Young Adult,14,3087,0,48,Premium,0.5375000000000001,0.2400000000000002,0.9591836734693877,0,55.08,Average,2,Premium Customers
1531,59,Male,Coat,Outerwear,21,New Mexico,M,Teal,Spring,3.9,No,Next Day Air,Yes,22,Bank Transfer,Quarterly,Senior,90,483,0,22,Bronze,0.012500000000000011,0.56,0.4285714285714285,0,24.56,At Risk,0,At-Risk Customers
1532,63,Male,Backpack,Accessories,83,Mississippi,S,Violet,Spring,4.5,No,Next Day Air,Yes,8,PayPal,Bi-Weekly,Senior,14,747,0,8,Silver,0.7875000000000001,0.8,0.14285714285714285,0,51.79,Average,1,High-Spending Customers
1533,68,Male,Jacket,Outerwear,46,Wisconsin,S,Silver,Winter,4.4,No,Next Day Air,Yes,5,PayPal,Every 3 Months,Senior,90,276,0,5,Bronze,0.32500000000000007,0.7600000000000002,0.08163265306122448,0,30.65,At Risk,0,At-Risk Customers
1534,50,Male,Shoes,Footwear,59,New Hampshire,M,Gold,Summer,3.6,No,2-Day Shipping,Yes,16,Bank Transfer,Quarterly,Middle-aged,90,1003,0,16,Silver,0.48750000000000004,0.44000000000000017,0.3061224489795918,0,37.48,At Risk,0,At-Risk Customers
1535,55,Male,Blouse,Clothing,66,Wyoming,M,Green,Summer,3.4,No,Free Shipping,Yes,26,Venmo,Fortnightly,Middle-aged,14,1782,0,26,Gold,0.5750000000000001,0.3600000000000001,0.510204081632653,0,45.51,Average,3,Loyal Customers
1536,36,Male,Sandals,Footwear,74,West Virginia,S,Turquoise,Fall,4.0,No,2-Day Shipping,Yes,8,Venmo,Monthly,Adult,30,666,0,8,Silver,0.675,0.6000000000000001,0.14285714285714285,0,43.29,Average,1,High-Spending Customers
1537,18,Male,Sunglasses,Accessories,82,Michigan,M,Indigo,Summer,2.6,No,Store Pickup,Yes,17,Cash,Quarterly,Young Adult,90,1476,0,17,Gold,0.7750000000000001,0.040000000000000036,0.32653061224489793,0,41.6,Average,1,High-Spending Customers
1538,68,Male,Shoes,Footwear,89,Alaska,L,Black,Spring,3.2,No,Next Day Air,Yes,50,Venmo,Annually,Senior,365,4539,0,50,Premium,0.8625,0.28000000000000025,1.0,0,70.1,Healthy,2,Premium Customers
1539,56,Male,Dress,Clothing,65,Illinois,L,Charcoal,Fall,3.2,No,Standard,Yes,22,Venmo,Bi-Weekly,Middle-aged,14,1495,0,22,Gold,0.5625,0.28000000000000025,0.4285714285714285,0,40.96,Average,1,High-Spending Customers
1540,32,Male,Belt,Accessories,55,Hawaii,M,Turquoise,Spring,5.0,No,2-Day Shipping,Yes,19,Cash,Every 3 Months,Adult,90,1100,0,19,Silver,0.4375,1.0,0.36734693877551017,0,48.52,Average,1,High-Spending Customers
1541,28,Male,Shorts,Clothing,95,Colorado,M,Red,Winter,2.9,No,Next Day Air,Yes,14,Bank Transfer,Monthly,Young Adult,30,1425,0,14,Gold,0.9375,0.15999999999999992,0.26530612244897955,0,48.66,Average,1,High-Spending Customers
1542,24,Male,Handbag,Accessories,77,Illinois,S,Indigo,Winter,2.9,No,Store Pickup,Yes,35,Cash,Bi-Weekly,Young Adult,14,2772,0,35,Premium,0.7125,0.15999999999999992,0.693877551020408,0,52.52,Average,2,Premium Customers
1543,59,Male,Blouse,Clothing,44,Hawaii,M,Maroon,Winter,3.5,No,Next Day Air,Yes,43,PayPal,Weekly,Senior,7,1936,0,43,Gold,0.30000000000000004,0.40000000000000013,0.8571428571428571,0,45.71,Average,3,Loyal Customers
1544,56,Male,Jeans,Clothing,89,Wisconsin,M,Indigo,Fall,4.0,No,Standard,Yes,24,Venmo,Annually,Middle-aged,365,2225,0,24,Gold,0.8625,0.6000000000000001,0.4693877551020408,0,60.58,Healthy,2,Premium Customers
1545,30,Male,Jewelry,Accessories,24,Arkansas,M,Maroon,Spring,3.9,No,Standard,Yes,17,Debit Card,Bi-Weekly,Young Adult,14,432,0,17,Bronze,0.050000000000000044,0.56,0.32653061224489793,0,23.0,At Risk,0,At-Risk Customers
1546,48,Male,Belt,Accessories,43,Delaware,M,Black,Winter,4.9,No,Store Pickup,Yes,49,Bank Transfer,Annually,Middle-aged,365,2150,0,49,Gold,0.2875,0.9600000000000002,0.9795918367346937,0,60.09,Healthy,3,Loyal Customers
1547,60,Male,Sneakers,Footwear,51,Oregon,XL,Purple,Summer,3.8,No,Express,Yes,17,Bank Transfer,Annually,Senior,365,918,0,17,Silver,0.38750000000000007,0.52,0.32653061224489793,0,35.7,At Risk,0,At-Risk Customers
1548,46,Male,Hat,Accessories,46,South Carolina,L,Teal,Summer,3.5,No,Standard,Yes,40,Cash,Quarterly,Middle-aged,90,1886,0,40,Gold,0.32500000000000007,0.40000000000000013,0.7959183673469387,0,44.88,Average,3,Loyal Customers
1549,69,Male,Dress,Clothing,32,Maryland,M,Silver,Summer,3.7,No,Store Pickup,Yes,43,Bank Transfer,Weekly,Senior,7,1408,0,43,Gold,0.15000000000000002,0.4800000000000002,0.8571428571428571,0,41.31,Average,3,Loyal Customers
1550,19,Male,Sneakers,Footwear,55,Kansas,M,Black,Spring,2.9,No,2-Day Shipping,Yes,19,Debit Card,Every 3 Months,Young Adult,90,1100,0,19,Silver,0.4375,0.15999999999999992,0.36734693877551017,0,31.72,At Risk,0,At-Risk Customers
1551,66,Male,Sunglasses,Accessories,26,Arkansas,S,Black,Summer,2.8,No,Free Shipping,Yes,40,Bank Transfer,Quarterly,Senior,90,1066,0,40,Silver,0.07500000000000001,0.11999999999999988,0.7959183673469387,0,29.28,At Risk,3,Loyal Customers
1552,64,Male,Handbag,Accessories,29,Minnesota,M,Olive,Summer,3.7,No,2-Day Shipping,Yes,13,Credit Card,Monthly,Senior,30,406,0,13,Bronze,0.11250000000000004,0.4800000000000002,0.24489795918367344,0,21.45,At Risk,0,At-Risk Customers
1553,54,Male,Blouse,Clothing,49,New Mexico,L,Purple,Spring,3.0,No,Express,Yes,20,Credit Card,Monthly,Middle-aged,30,1029,0,20,Silver,0.36250000000000004,0.20000000000000018,0.38775510204081626,0,30.13,At Risk,0,At-Risk Customers
1554,27,Male,Blouse,Clothing,45,Delaware,M,Indigo,Spring,4.8,No,Free Shipping,Yes,21,Debit Card,Quarterly,Young Adult,90,990,0,21,Silver,0.3125,0.9199999999999999,0.4081632653061224,0,43.14,Average,3,Loyal Customers
1555,64,Male,Shorts,Clothing,48,Utah,S,Lavender,Winter,2.7,No,Standard,Yes,18,Cash,Bi-Weekly,Senior,14,912,0,18,Silver,0.3500000000000001,0.08000000000000007,0.346938775510204,0,26.01,At Risk,0,At-Risk Customers
1556,43,Male,Shorts,Clothing,47,Ohio,S,Cyan,Winter,4.5,No,Free Shipping,Yes,44,Cash,Quarterly,Adult,90,2115,0,44,Gold,0.3375,0.8,0.8775510204081631,0,55.83,Average,3,Loyal Customers
1557,43,Male,Hoodie,Clothing,57,Alabama,M,Gold,Fall,2.7,No,Standard,Yes,26,Credit Card,Quarterly,Adult,90,1539,0,26,Gold,0.4625,0.08000000000000007,0.510204081632653,0,35.41,At Risk,3,Loyal Customers
1558,27,Male,Backpack,Accessories,34,South Dakota,L,Magenta,Fall,3.5,No,Next Day Air,Yes,34,PayPal,Quarterly,Young Adult,90,1190,0,34,Silver,0.17500000000000004,0.40000000000000013,0.673469387755102,0,35.2,At Risk,3,Loyal Customers
1559,35,Male,Sunglasses,Accessories,75,New Mexico,XL,Teal,Fall,3.5,No,Express,Yes,24,Credit Card,Every 3 Months,Adult,90,1875,0,24,Gold,0.6875,0.40000000000000013,0.4693877551020408,0,49.58,Average,1,High-Spending Customers
1560,43,Male,Scarf,Accessories,94,Oregon,L,Beige,Fall,4.5,No,Store Pickup,Yes,23,PayPal,Fortnightly,Adult,14,2256,0,23,Gold,0.925,0.8,0.44897959183673464,0,66.47,Healthy,2,Premium Customers
1561,57,Male,Hat,Accessories,84,Oregon,M,Teal,Winter,3.8,No,Free Shipping,Yes,3,Debit Card,Weekly,Middle-aged,7,336,0,3,Bronze,0.8,0.52,0.04081632653061225,0,43.62,Average,1,High-Spending Customers
1562,50,Male,Scarf,Accessories,38,Mississippi,M,Indigo,Summer,3.8,No,Standard,Yes,2,Bank Transfer,Quarterly,Middle-aged,90,114,0,2,Bronze,0.22500000000000003,0.52,0.02040816326530612,0,20.01,At Risk,0,At-Risk Customers
1563,37,Male,Scarf,Accessories,75,Alabama,M,Purple,Winter,3.2,No,Next Day Air,Yes,23,Venmo,Bi-Weekly,Adult,14,1800,0,23,Gold,0.6875,0.28000000000000025,0.44897959183673464,0,46.57,Average,1,High-Spending Customers
1564,68,Male,Pants,Clothing,44,Kansas,M,Teal,Fall,4.3,No,Next Day Air,Yes,8,Cash,Weekly,Senior,7,396,0,8,Bronze,0.30000000000000004,0.72,0.14285714285714285,0,30.69,At Risk,0,At-Risk Customers
1565,22,Male,Backpack,Accessories,33,California,XL,Turquoise,Summer,4.5,No,Next Day Air,Yes,30,Debit Card,Every 3 Months,Young Adult,90,1023,0,30,Silver,0.16250000000000003,0.8,0.5918367346938774,0,40.26,Average,3,Loyal Customers
1566,58,Male,Sunglasses,Accessories,93,Idaho,L,Peach,Fall,4.2,No,Free Shipping,Yes,48,PayPal,Annually,Senior,365,4557,0,48,Premium,0.9125000000000001,0.6800000000000002,0.9591836734693877,0,78.88,Healthy,2,Premium Customers
1567,48,Male,Sneakers,Footwear,99,Wyoming,S,Green,Winter,3.0,No,Free Shipping,Yes,21,Cash,Bi-Weekly,Middle-aged,14,2178,0,21,Gold,0.9875,0.20000000000000018,0.4081632653061224,0,55.74,Average,1,High-Spending Customers
1568,30,Male,Backpack,Accessories,33,Minnesota,M,Turquoise,Spring,4.1,No,Standard,Yes,9,Cash,Monthly,Young Adult,30,330,0,9,Bronze,0.16250000000000003,0.6399999999999999,0.16326530612244897,0,24.2,At Risk,0,At-Risk Customers
1569,51,Male,Sneakers,Footwear,76,Washington,L,Yellow,Spring,4.6,No,Store Pickup,Yes,8,Debit Card,Monthly,Middle-aged,30,684,0,8,Silver,0.7000000000000001,0.8399999999999999,0.14285714285714285,0,49.09,Average,1,High-Spending Customers
1570,20,Male,Skirt,Clothing,63,Hawaii,M,Orange,Summer,2.9,No,Standard,Yes,29,Debit Card,Weekly,Young Adult,7,1890,0,29,Gold,0.5375000000000001,0.15999999999999992,0.5714285714285714,0,41.84,Average,3,Loyal Customers
1571,30,Male,Pants,Clothing,41,Missouri,L,Brown,Winter,4.8,No,Next Day Air,Yes,3,Bank Transfer,Every 3 Months,Young Adult,90,164,0,3,Bronze,0.26250000000000007,0.9199999999999999,0.04081632653061225,0,30.12,At Risk,0,At-Risk Customers
1572,28,Male,Jewelry,Accessories,88,Colorado,L,Silver,Winter,4.5,No,Next Day Air,Yes,11,Bank Transfer,Fortnightly,Young Adult,14,1056,0,11,Silver,0.8500000000000001,0.8,0.2040816326530612,0,56.12,Average,1,High-Spending Customers
1573,37,Male,Skirt,Clothing,92,Washington,L,White,Summer,3.4,No,2-Day Shipping,Yes,16,Debit Card,Monthly,Adult,30,1564,0,16,Gold,0.9000000000000001,0.3600000000000001,0.3061224489795918,0,52.38,Average,1,High-Spending Customers
1574,36,Male,T-shirt,Clothing,31,North Dakota,L,Indigo,Summer,4.3,No,2-Day Shipping,Yes,25,Debit Card,Weekly,Adult,7,806,0,25,Silver,0.1375,0.72,0.4897959183673469,0,34.59,At Risk,0,At-Risk Customers
1575,18,Male,Skirt,Clothing,25,Minnesota,S,Magenta,Spring,4.2,No,Free Shipping,Yes,32,PayPal,Bi-Weekly,Young Adult,14,825,0,32,Silver,0.0625,0.6800000000000002,0.6326530612244897,0,35.08,At Risk,3,Loyal Customers
1576,52,Male,Shirt,Clothing,28,California,M,Turquoise,Spring,3.6,No,Next Day Air,Yes,28,Cash,Fortnightly,Middle-aged,14,812,0,28,Silver,0.10000000000000003,0.44000000000000017,0.5510204081632653,0,29.33,At Risk,0,At-Risk Customers
1577,56,Male,Dress,Clothing,75,Michigan,M,White,Spring,3.7,No,2-Day Shipping,Yes,36,PayPal,Monthly,Middle-aged,30,2775,0,36,Premium,0.6875,0.4800000000000002,0.7142857142857142,0,58.53,Average,2,Premium Customers
1578,68,Male,Boots,Footwear,34,Delaware,S,Olive,Spring,4.0,No,Standard,Yes,7,Venmo,Fortnightly,Senior,14,272,0,7,Bronze,0.17500000000000004,0.6000000000000001,0.12244897959183673,0,22.67,At Risk,0,At-Risk Customers
1579,62,Male,Pants,Clothing,97,California,S,Maroon,Winter,4.9,No,2-Day Shipping,Yes,2,PayPal,Quarterly,Senior,90,291,0,2,Bronze,0.9625000000000001,0.9600000000000002,0.02040816326530612,0,58.31,Average,1,High-Spending Customers
1580,35,Male,Jacket,Outerwear,80,Oklahoma,M,Violet,Summer,3.1,No,Free Shipping,Yes,6,Bank Transfer,Monthly,Adult,30,560,0,6,Bronze,0.75,0.2400000000000002,0.10204081632653061,0,37.86,At Risk,1,High-Spending Customers
1581,65,Male,Sneakers,Footwear,71,North Dakota,L,Cyan,Summer,3.7,No,Standard,Yes,30,Cash,Annually,Senior,365,2201,0,30,Gold,0.6375000000000001,0.4800000000000002,0.5918367346938774,0,52.86,Average,3,Loyal Customers
1582,69,Male,Jewelry,Accessories,77,Ohio,L,Teal,Fall,4.2,No,Free Shipping,Yes,46,Cash,Quarterly,Senior,90,3619,0,46,Premium,0.7125,0.6800000000000002,0.9183673469387754,0,69.65,Healthy,2,Premium Customers
1583,28,Male,Belt,Accessories,41,Hawaii,L,Red,Spring,2.5,No,Next Day Air,Yes,39,Cash,Monthly,Young Adult,30,1640,0,39,Gold,0.26250000000000007,0.0,0.7755102040816325,0,33.77,At Risk,3,Loyal Customers
1584,37,Male,Scarf,Accessories,92,Maryland,XL,Yellow,Summer,4.3,No,Next Day Air,Yes,8,Venmo,Annually,Adult,365,828,0,8,Silver,0.9000000000000001,0.72,0.14285714285714285,0,54.69,Average,1,High-Spending Customers
1585,41,Male,Blouse,Clothing,95,Hawaii,S,Silver,Spring,3.1,No,Store Pickup,Yes,46,Credit Card,Quarterly,Adult,90,4465,0,46,Premium,0.9375,0.2400000000000002,0.9183673469387754,0,69.85,Healthy,2,Premium Customers
1586,37,Male,Sweater,Clothing,25,Alabama,M,Charcoal,Fall,3.0,No,Next Day Air,Yes,40,Debit Card,Fortnightly,Adult,14,1025,0,40,Silver,0.0625,0.20000000000000018,0.7959183673469387,0,30.38,At Risk,3,Loyal Customers
1587,25,Male,Boots,Footwear,77,Oklahoma,M,Purple,Fall,4.0,No,Express,Yes,21,Bank Transfer,Weekly,Young Adult,7,1694,0,21,Gold,0.7125,0.6000000000000001,0.4081632653061224,0,52.74,Average,1,High-Spending Customers
1588,41,Male,Socks,Clothing,99,Alabama,M,Beige,Summer,3.5,No,Free Shipping,Yes,33,Credit Card,Fortnightly,Adult,14,3366,0,33,Premium,0.9875,0.40000000000000013,0.6530612244897959,0,67.09,Healthy,2,Premium Customers
1589,48,Male,Belt,Accessories,24,Vermont,L,Cyan,Winter,3.2,No,Next Day Air,Yes,3,Venmo,Monthly,Middle-aged,30,96,0,3,Bronze,0.050000000000000044,0.28000000000000025,0.04081632653061225,0,8.82,At Risk,0,At-Risk Customers
1590,42,Male,Sneakers,Footwear,72,Ohio,M,Silver,Summer,2.7,No,Store Pickup,Yes,48,Cash,Weekly,Adult,7,3528,0,48,Premium,0.65,0.08000000000000007,0.9591836734693877,0,56.38,Average,2,Premium Customers
1591,54,Male,Jeans,Clothing,80,Wisconsin,S,Pink,Winter,3.0,No,Free Shipping,Yes,8,PayPal,Annually,Middle-aged,365,720,0,8,Silver,0.75,0.20000000000000018,0.14285714285714285,0,38.29,At Risk,1,High-Spending Customers
1592,18,Male,Skirt,Clothing,100,South Dakota,L,Gold,Winter,2.9,No,Next Day Air,Yes,24,PayPal,Annually,Young Adult,365,2500,0,24,Premium,1.0,0.15999999999999992,0.4693877551020408,0,57.28,Average,2,Premium Customers
1593,56,Male,Shoes,Footwear,83,Iowa,M,Cyan,Summer,3.3,No,Free Shipping,Yes,10,Bank Transfer,Every 3 Months,Middle-aged,90,913,0,10,Silver,0.7875000000000001,0.32000000000000006,0.18367346938775508,0,43.41,Average,1,High-Spending Customers
1594,61,Male,Dress,Clothing,95,Maryland,M,Black,Spring,4.9,No,2-Day Shipping,Yes,25,Bank Transfer,Monthly,Senior,30,2470,0,25,Premium,0.9375,0.9600000000000002,0.4897959183673469,0,71.39,Healthy,2,Premium Customers
1595,40,Male,Handbag,Accessories,41,Colorado,XL,Charcoal,Summer,3.7,No,Store Pickup,Yes,3,Cash,Fortnightly,Adult,14,164,0,3,Bronze,0.26250000000000007,0.4800000000000002,0.04081632653061225,0,21.32,At Risk,0,At-Risk Customers
1596,34,Male,Backpack,Accessories,35,Wisconsin,S,Magenta,Spring,3.5,No,Standard,Yes,45,Debit Card,Fortnightly,Adult,14,1610,0,45,Gold,0.1875,0.40000000000000013,0.8979591836734693,0,42.44,Average,3,Loyal Customers
1597,42,Male,Jewelry,Accessories,30,Mississippi,S,Pink,Fall,4.7,No,Store Pickup,Yes,15,Debit Card,Monthly,Adult,30,480,0,15,Bronze,0.125,0.8800000000000001,0.28571428571428564,0,31.17,At Risk,0,At-Risk Customers
1598,43,Male,Hat,Accessories,21,Mississippi,XL,Maroon,Winter,2.6,No,Store Pickup,Yes,34,Bank Transfer,Quarterly,Adult,90,735,0,34,Silver,0.012500000000000011,0.040000000000000036,0.673469387755102,0,21.5,At Risk,0,At-Risk Customers
1599,47,Male,Jewelry,Accessories,85,California,M,Teal,Fall,4.1,No,Express,Yes,21,Venmo,Bi-Weekly,Middle-aged,14,1870,0,21,Gold,0.8125,0.6399999999999999,0.4081632653061224,0,57.54,Average,1,High-Spending Customers
1600,48,Male,Shirt,Clothing,54,Delaware,M,Orange,Winter,2.8,No,2-Day Shipping,Yes,22,Debit Card,Bi-Weekly,Middle-aged,14,1242,0,22,Silver,0.42500000000000004,0.11999999999999988,0.4285714285714285,0,32.26,At Risk,0,At-Risk Customers
1601,20,Male,Boots,Footwear,26,Montana,S,Yellow,Spring,4.7,No,Next Day Air,Yes,24,PayPal,Weekly,Young Adult,7,650,0,24,Bronze,0.07500000000000001,0.8800000000000001,0.4693877551020408,0,34.68,At Risk,0,At-Risk Customers
1602,65,Male,Shirt,Clothing,59,Indiana,XL,Red,Spring,2.9,No,Store Pickup,Yes,33,Credit Card,Monthly,Senior,30,2006,0,33,Gold,0.48750000000000004,0.15999999999999992,0.6530612244897959,0,42.29,Average,3,Loyal Customers
1603,54,Male,Sunglasses,Accessories,48,West Virginia,S,Charcoal,Winter,2.8,No,Free Shipping,Yes,13,Venmo,Fortnightly,Middle-aged,14,672,0,13,Silver,0.3500000000000001,0.11999999999999988,0.24489795918367344,0,23.75,At Risk,0,At-Risk Customers
1604,23,Male,Shorts,Clothing,98,Iowa,L,Black,Summer,4.3,No,Next Day Air,Yes,17,Debit Card,Bi-Weekly,Young Adult,14,1764,0,17,Gold,0.9750000000000001,0.72,0.32653061224489793,0,63.2,Healthy,1,High-Spending Customers
1605,18,Male,Sweater,Clothing,92,Maine,M,White,Summer,4.8,No,2-Day Shipping,Yes,25,Credit Card,Every 3 Months,Young Adult,90,2392,0,25,Premium,0.9000000000000001,0.9199999999999999,0.4897959183673469,0,69.09,Healthy,2,Premium Customers
1606,70,Male,Belt,Accessories,46,Connecticut,M,Lavender,Winter,3.4,No,Next Day Air,Yes,15,Credit Card,Bi-Weekly,Senior,14,736,0,15,Silver,0.32500000000000007,0.3600000000000001,0.28571428571428564,0,28.77,At Risk,0,At-Risk Customers
1607,55,Male,T-shirt,Clothing,21,Kansas,S,White,Spring,4.3,No,Standard,Yes,4,PayPal,Fortnightly,Middle-aged,14,105,0,4,Bronze,0.012500000000000011,0.72,0.061224489795918366,0,16.74,At Risk,0,At-Risk Customers
1608,49,Male,Shorts,Clothing,72,Vermont,S,Gray,Fall,2.7,No,Free Shipping,Yes,43,Debit Card,Quarterly,Middle-aged,90,3168,0,43,Premium,0.65,0.08000000000000007,0.8571428571428571,0,53.31,Average,2,Premium Customers
1609,26,Male,Sandals,Footwear,58,Nebraska,XL,Cyan,Fall,4.6,No,Next Day Air,Yes,12,Bank Transfer,Bi-Weekly,Young Adult,14,754,0,12,Silver,0.4750000000000001,0.8399999999999999,0.22448979591836735,0,42.53,Average,1,High-Spending Customers
1610,33,Male,Shirt,Clothing,93,Nevada,S,Brown,Fall,4.1,No,Standard,Yes,3,Venmo,Monthly,Adult,30,372,0,3,Bronze,0.9125000000000001,0.6399999999999999,0.04081632653061225,0,50.52,Average,1,High-Spending Customers
1611,20,Male,Socks,Clothing,31,Tennessee,L,Purple,Spring,3.4,No,2-Day Shipping,Yes,1,PayPal,Annually,Young Adult,365,62,0,1,Bronze,0.1375,0.3600000000000001,0.0,0,12.7,At Risk,0,At-Risk Customers
1612,41,Male,Pants,Clothing,26,Arkansas,L,Yellow,Winter,4.5,No,Next Day Air,Yes,6,Debit Card,Monthly,Adult,30,182,0,6,Bronze,0.07500000000000001,0.8,0.10204081632653061,0,22.06,At Risk,0,At-Risk Customers
1613,18,Male,Skirt,Clothing,68,Wisconsin,M,Indigo,Summer,4.4,No,Standard,Yes,26,Venmo,Monthly,Young Adult,30,1836,0,26,Gold,0.6000000000000001,0.7600000000000002,0.510204081632653,0,54.51,Average,1,High-Spending Customers
1614,26,Male,Jewelry,Accessories,31,Illinois,S,Black,Summer,4.0,No,Next Day Air,Yes,6,Credit Card,Fortnightly,Young Adult,14,217,0,6,Bronze,0.1375,0.6000000000000001,0.10204081632653061,0,20.56,At Risk,0,At-Risk Customers
1615,30,Male,T-shirt,Clothing,41,Kansas,S,Gray,Summer,3.4,No,Free Shipping,Yes,22,Cash,Bi-Weekly,Young Adult,14,943,0,22,Silver,0.26250000000000007,0.3600000000000001,0.4285714285714285,0,30.56,At Risk,0,At-Risk Customers
1616,64,Male,Jewelry,Accessories,62,New York,M,Indigo,Fall,3.2,No,Standard,Yes,45,Cash,Bi-Weekly,Senior,14,2852,0,45,Premium,0.525,0.28000000000000025,0.8979591836734693,0,53.54,Average,2,Premium Customers
1617,26,Male,Hat,Accessories,41,Colorado,M,Green,Spring,3.4,No,Standard,Yes,50,Cash,Quarterly,Young Adult,90,2091,0,50,Gold,0.26250000000000007,0.3600000000000001,1.0,0,47.7,Average,3,Loyal Customers
1618,43,Male,Blouse,Clothing,64,Wisconsin,M,Peach,Winter,4.3,No,Standard,Yes,50,Credit Card,Fortnightly,Adult,14,3264,0,50,Premium,0.55,0.72,1.0,0,66.4,Healthy,2,Premium Customers
1619,63,Male,Sandals,Footwear,72,Michigan,L,Purple,Summer,5.0,No,Standard,Yes,39,Debit Card,Quarterly,Senior,90,2880,0,39,Premium,0.65,1.0,0.7755102040816325,0,69.27,Healthy,2,Premium Customers
1620,57,Male,Handbag,Accessories,78,Hawaii,L,Beige,Winter,3.5,No,Store Pickup,Yes,50,Venmo,Bi-Weekly,Middle-aged,14,3978,0,50,Premium,0.7250000000000001,0.40000000000000013,1.0,0,67.0,Healthy,2,Premium Customers
1621,25,Male,Hat,Accessories,47,Virginia,M,Charcoal,Winter,3.1,No,2-Day Shipping,Yes,27,PayPal,Every 3 Months,Young Adult,90,1316,0,27,Silver,0.3375,0.2400000000000002,0.5306122448979591,0,34.22,At Risk,3,Loyal Customers
1622,68,Male,Scarf,Accessories,46,Ohio,L,Gray,Summer,3.9,No,2-Day Shipping,Yes,38,Debit Card,Fortnightly,Senior,14,1794,0,38,Gold,0.32500000000000007,0.56,0.7551020408163265,0,46.85,Average,3,Loyal Customers
1623,31,Male,Shorts,Clothing,43,Missouri,S,Brown,Winter,4.0,No,Store Pickup,Yes,37,Bank Transfer,Every 3 Months,Young Adult,90,1634,0,37,Gold,0.2875,0.6000000000000001,0.7346938775510203,0,45.54,Average,3,Loyal Customers
1624,64,Male,Backpack,Accessories,58,Indiana,M,Cyan,Summer,3.5,No,Next Day Air,Yes,50,Debit Card,Annually,Senior,365,2958,0,50,Premium,0.4750000000000001,0.40000000000000013,1.0,0,57.0,Average,2,Premium Customers
1625,38,Male,Sweater,Clothing,32,Florida,M,White,Winter,3.6,No,Free Shipping,Yes,40,PayPal,Every 3 Months,Adult,90,1312,0,40,Silver,0.15000000000000002,0.44000000000000017,0.7959183673469387,0,38.68,At Risk,3,Loyal Customers
1626,34,Male,Skirt,Clothing,45,Minnesota,L,Beige,Winter,3.0,No,Next Day Air,Yes,3,PayPal,Bi-Weekly,Adult,14,180,0,3,Bronze,0.3125,0.20000000000000018,0.04081632653061225,0,17.72,At Risk,0,At-Risk Customers
1627,32,Male,Sneakers,Footwear,35,Nevada,L,Orange,Summer,2.6,No,Next Day Air,Yes,45,Credit Card,Bi-Weekly,Adult,14,1610,0,45,Gold,0.1875,0.040000000000000036,0.8979591836734693,0,35.24,At Risk,3,Loyal Customers
1628,69,Male,Sunglasses,Accessories,21,Maine,M,Olive,Winter,2.9,No,Next Day Air,Yes,8,Credit Card,Annually,Senior,365,189,0,8,Bronze,0.012500000000000011,0.15999999999999992,0.14285714285714285,0,7.99,At Risk,0,At-Risk Customers
1629,45,Male,Dress,Clothing,64,Massachusetts,S,Teal,Winter,3.1,No,Next Day Air,Yes,7,Cash,Monthly,Middle-aged,30,512,0,7,Bronze,0.55,0.2400000000000002,0.12244897959183673,0,30.47,At Risk,0,At-Risk Customers
1630,35,Male,Blouse,Clothing,88,North Dakota,S,Silver,Spring,3.3,No,Next Day Air,Yes,13,Venmo,Quarterly,Adult,90,1232,0,13,Silver,0.8500000000000001,0.32000000000000006,0.24489795918367344,0,47.75,Average,1,High-Spending Customers
1631,63,Male,Shoes,Footwear,48,New Jersey,M,Gold,Summer,2.9,No,Store Pickup,Yes,29,Venmo,Every 3 Months,Senior,90,1440,0,29,Gold,0.3500000000000001,0.15999999999999992,0.5714285714285714,0,34.34,At Risk,3,Loyal Customers
1632,65,Male,Sweater,Clothing,36,Indiana,L,Violet,Summer,3.9,No,2-Day Shipping,Yes,7,Bank Transfer,Fortnightly,Senior,14,288,0,7,Bronze,0.2,0.56,0.12244897959183673,0,22.87,At Risk,0,At-Risk Customers
1633,35,Male,Gloves,Accessories,28,Oregon,S,White,Summer,4.7,No,2-Day Shipping,Yes,50,Debit Card,Every 3 Months,Adult,90,1428,0,50,Gold,0.10000000000000003,0.8800000000000001,1.0,0,51.6,Average,3,Loyal Customers
1634,54,Male,Socks,Clothing,80,North Dakota,M,Peach,Spring,4.4,No,2-Day Shipping,Yes,33,Debit Card,Bi-Weekly,Middle-aged,14,2720,0,33,Premium,0.75,0.7600000000000002,0.6530612244897959,0,64.79,Healthy,2,Premium Customers
1635,28,Male,Coat,Outerwear,23,South Carolina,S,Orange,Summer,3.6,No,Store Pickup,Yes,30,Cash,Every 3 Months,Young Adult,90,713,0,30,Silver,0.03750000000000003,0.44000000000000017,0.5918367346938774,0,28.06,At Risk,0,At-Risk Customers
1636,68,Male,Sunglasses,Accessories,24,North Carolina,L,Violet,Summer,3.2,No,Standard,Yes,40,Cash,Annually,Senior,365,984,0,40,Silver,0.050000000000000044,0.28000000000000025,0.7959183673469387,0,31.48,At Risk,3,Loyal Customers
1637,58,Male,Boots,Footwear,22,North Dakota,L,Green,Fall,4.0,No,Free Shipping,Yes,49,Cash,Fortnightly,Senior,14,1100,0,49,Silver,0.025000000000000022,0.6000000000000001,0.9795918367346937,0,42.39,Average,3,Loyal Customers
1638,35,Male,Dress,Clothing,21,Massachusetts,M,Peach,Spring,3.5,No,Next Day Air,Yes,32,Venmo,Fortnightly,Adult,14,693,0,32,Silver,0.012500000000000011,0.40000000000000013,0.6326530612244897,0,27.48,At Risk,0,At-Risk Customers
1639,68,Male,Jacket,Outerwear,51,Tennessee,M,Black,Spring,4.6,No,Free Shipping,Yes,18,Venmo,Weekly,Senior,7,969,0,18,Silver,0.38750000000000007,0.8399999999999999,0.346938775510204,0,42.71,Average,1,High-Spending Customers
1640,41,Male,Gloves,Accessories,65,Missouri,L,Blue,Summer,3.3,No,Free Shipping,Yes,50,PayPal,Annually,Adult,365,3315,0,50,Premium,0.5625,0.32000000000000006,1.0,0,58.9,Average,2,Premium Customers
1641,65,Male,Scarf,Accessories,51,Tennessee,S,Magenta,Spring,4.0,No,2-Day Shipping,Yes,13,PayPal,Weekly,Senior,7,714,0,13,Silver,0.38750000000000007,0.6000000000000001,0.24489795918367344,0,34.85,At Risk,0,At-Risk Customers
1642,50,Male,Hoodie,Clothing,32,Colorado,L,Violet,Summer,3.4,No,Free Shipping,Yes,1,Bank Transfer,Every 3 Months,Middle-aged,90,64,0,1,Bronze,0.15000000000000002,0.3600000000000001,0.0,0,13.2,At Risk,0,At-Risk Customers
1643,18,Male,Coat,Outerwear,70,Mississippi,M,Beige,Spring,4.2,No,Store Pickup,Yes,16,PayPal,Fortnightly,Young Adult,14,1190,0,16,Silver,0.625,0.6800000000000002,0.3061224489795918,0,47.78,Average,1,High-Spending Customers
1644,38,Male,Scarf,Accessories,77,Ohio,L,Pink,Summer,3.9,No,2-Day Shipping,Yes,6,PayPal,Monthly,Adult,30,539,0,6,Bronze,0.7125,0.56,0.10204081632653061,0,42.76,Average,1,High-Spending Customers
1645,68,Male,Coat,Outerwear,90,North Carolina,S,Beige,Summer,3.9,No,Next Day Air,Yes,21,Debit Card,Monthly,Senior,30,1980,0,21,Gold,0.875,0.56,0.4081632653061224,0,58.44,Average,1,High-Spending Customers
1646,53,Male,Scarf,Accessories,36,Ohio,L,Green,Summer,2.8,No,Standard,Yes,36,Venmo,Every 3 Months,Middle-aged,90,1332,0,36,Gold,0.2,0.11999999999999988,0.7142857142857142,0,31.83,At Risk,3,Loyal Customers
1647,58,Male,Handbag,Accessories,77,Nebraska,S,Silver,Summer,3.7,No,Standard,Yes,20,Bank Transfer,Every 3 Months,Senior,90,1617,0,20,Gold,0.7125,0.4800000000000002,0.38775510204081626,0,49.73,Average,1,High-Spending Customers
1648,34,Male,Boots,Footwear,78,Hawaii,M,Purple,Summer,4.9,No,Store Pickup,Yes,8,Debit Card,Quarterly,Adult,90,702,0,8,Silver,0.7250000000000001,0.9600000000000002,0.14285714285714285,0,52.49,Average,1,High-Spending Customers
1649,36,Male,Pants,Clothing,69,Oklahoma,M,Gray,Summer,2.6,No,Express,Yes,22,Credit Card,Monthly,Adult,30,1587,0,22,Gold,0.6125,0.040000000000000036,0.4285714285714285,0,38.16,At Risk,1,High-Spending Customers
1650,58,Male,T-shirt,Clothing,63,Wisconsin,M,White,Summer,4.9,No,Free Shipping,Yes,3,Credit Card,Quarterly,Senior,90,252,0,3,Bronze,0.5375000000000001,0.9600000000000002,0.04081632653061225,0,41.92,Average,1,High-Spending Customers
1651,60,Male,Scarf,Accessories,36,Arkansas,M,Silver,Winter,3.4,No,Next Day Air,Yes,46,Credit Card,Fortnightly,Senior,14,1692,0,46,Gold,0.2,0.3600000000000001,0.9183673469387754,0,42.75,Average,3,Loyal Customers
1652,59,Male,Coat,Outerwear,80,Texas,M,Blue,Winter,3.9,No,Standard,Yes,42,Debit Card,Monthly,Senior,30,3440,0,42,Premium,0.75,0.56,0.836734693877551,0,66.3,Healthy,2,Premium Customers
1653,65,Male,Sweater,Clothing,35,New Mexico,M,Orange,Summer,4.0,No,Next Day Air,Yes,1,Bank Transfer,Fortnightly,Senior,14,70,0,1,Bronze,0.1875,0.6000000000000001,0.0,0,19.5,At Risk,0,At-Risk Customers
1654,31,Male,Belt,Accessories,93,Colorado,L,Silver,Winter,3.0,No,2-Day Shipping,Yes,29,Debit Card,Bi-Weekly,Young Adult,14,2790,0,29,Premium,0.9125000000000001,0.20000000000000018,0.5714285714285714,0,57.64,Average,2,Premium Customers
1655,43,Male,Belt,Accessories,25,Indiana,L,Gray,Spring,2.6,No,Store Pickup,Yes,14,Credit Card,Quarterly,Adult,90,375,0,14,Bronze,0.0625,0.040000000000000036,0.26530612244897955,0,11.26,At Risk,0,At-Risk Customers
1656,37,Male,Sweater,Clothing,81,Arizona,L,Gold,Spring,3.2,No,Next Day Air,Yes,4,PayPal,Monthly,Adult,30,405,0,4,Bronze,0.7625,0.28000000000000025,0.061224489795918366,0,37.94,At Risk,1,High-Spending Customers
1657,21,Male,Blouse,Clothing,42,Indiana,L,Brown,Spring,2.6,No,2-Day Shipping,Yes,41,PayPal,Every 3 Months,Young Adult,90,1764,0,41,Gold,0.275,0.040000000000000036,0.8163265306122448,0,36.29,At Risk,3,Loyal Customers
1658,69,Male,Skirt,Clothing,36,Indiana,L,Turquoise,Spring,3.2,No,Store Pickup,Yes,4,Debit Card,Bi-Weekly,Senior,14,180,0,4,Bronze,0.2,0.28000000000000025,0.061224489795918366,0,15.44,At Risk,0,At-Risk Customers
1659,32,Male,Jewelry,Accessories,66,Alaska,S,Pink,Spring,4.1,No,Store Pickup,Yes,47,Cash,Weekly,Adult,7,3168,0,47,Premium,0.5750000000000001,0.6399999999999999,0.9387755102040816,0,63.96,Healthy,2,Premium Customers
1660,53,Male,Gloves,Accessories,37,Utah,M,Black,Fall,3.9,No,Next Day Air,Yes,44,Venmo,Annually,Middle-aged,365,1665,0,44,Gold,0.21250000000000002,0.56,0.8775510204081631,0,46.03,Average,3,Loyal Customers
1661,59,Male,T-shirt,Clothing,45,Louisiana,L,Yellow,Winter,4.1,No,Standard,Yes,37,Venmo,Monthly,Senior,30,1710,0,37,Gold,0.3125,0.6399999999999999,0.7346938775510203,0,47.34,Average,3,Loyal Customers
1662,64,Male,Gloves,Accessories,86,Iowa,S,Beige,Summer,2.7,No,2-Day Shipping,Yes,21,Debit Card,Quarterly,Senior,90,1892,0,21,Gold,0.825,0.08000000000000007,0.4081632653061224,0,46.84,Average,1,High-Spending Customers
1663,63,Male,Sunglasses,Accessories,24,New Mexico,M,Olive,Winter,4.6,No,Free Shipping,Yes,46,Debit Card,Fortnightly,Senior,14,1128,0,46,Silver,0.050000000000000044,0.8399999999999999,0.9183673469387754,0,46.35,Average,3,Loyal Customers
1664,43,Male,Shirt,Clothing,22,Maine,XL,Gold,Summer,3.5,No,Standard,Yes,1,Cash,Bi-Weekly,Adult,14,44,0,1,Bronze,0.025000000000000022,0.40000000000000013,0.0,0,9.0,At Risk,0,At-Risk Customers
1665,19,Male,Handbag,Accessories,53,Minnesota,M,Purple,Spring,5.0,No,Next Day Air,Yes,35,PayPal,Weekly,Young Adult,7,1908,0,35,Gold,0.4125000000000001,1.0,0.693877551020408,0,57.32,Average,3,Loyal Customers
1666,40,Male,Jacket,Outerwear,41,New Mexico,L,Pink,Fall,3.4,No,Next Day Air,Yes,49,Venmo,Monthly,Adult,30,2050,0,49,Gold,0.26250000000000007,0.3600000000000001,0.9795918367346937,0,47.09,Average,3,Loyal Customers
1667,51,Male,Skirt,Clothing,64,Arkansas,M,Blue,Summer,3.1,No,Store Pickup,Yes,47,PayPal,Annually,Middle-aged,365,3072,0,47,Premium,0.55,0.2400000000000002,0.9387755102040816,0,54.96,Average,2,Premium Customers
1668,51,Male,Handbag,Accessories,40,Oklahoma,L,Brown,Winter,3.4,No,2-Day Shipping,Yes,24,Bank Transfer,Every 3 Months,Middle-aged,90,1000,0,24,Silver,0.25,0.3600000000000001,0.4693877551020408,0,31.28,At Risk,0,At-Risk Customers
1669,66,Male,Blouse,Clothing,33,Utah,L,Charcoal,Summer,4.0,No,Standard,Yes,28,Debit Card,Fortnightly,Senior,14,957,0,28,Silver,0.16250000000000003,0.6000000000000001,0.5510204081632653,0,35.03,At Risk,3,Loyal Customers
1670,42,Male,T-shirt,Clothing,59,Wisconsin,L,Maroon,Winter,2.7,No,Store Pickup,Yes,22,Bank Transfer,Quarterly,Adult,90,1357,0,22,Gold,0.48750000000000004,0.08000000000000007,0.4285714285714285,0,33.96,At Risk,0,At-Risk Customers
1671,22,Male,Pants,Clothing,73,Utah,L,Cyan,Fall,3.6,No,Free Shipping,Yes,20,Cash,Weekly,Young Adult,7,1533,0,20,Gold,0.6625000000000001,0.44000000000000017,0.38775510204081626,0,46.93,Average,1,High-Spending Customers
1672,31,Male,Hoodie,Clothing,22,Utah,M,Olive,Winter,4.0,No,Free Shipping,Yes,25,Bank Transfer,Weekly,Young Adult,7,572,0,25,Bronze,0.025000000000000022,0.6000000000000001,0.4897959183673469,0,27.69,At Risk,0,At-Risk Customers
1673,18,Male,Boots,Footwear,73,South Carolina,L,Gold,Fall,3.8,No,Free Shipping,Yes,15,Venmo,Quarterly,Young Adult,90,1168,0,15,Silver,0.6625000000000001,0.52,0.28571428571428564,0,45.47,Average,1,High-Spending Customers
1674,21,Male,Blouse,Clothing,62,Hawaii,M,Violet,Fall,3.4,No,Next Day Air,Yes,49,Venmo,Bi-Weekly,Young Adult,14,3100,0,49,Premium,0.525,0.3600000000000001,0.9795918367346937,0,57.59,Average,2,Premium Customers
1675,35,Male,Coat,Outerwear,56,Alaska,M,Peach,Winter,3.2,No,Free Shipping,Yes,10,Debit Card,Fortnightly,Adult,14,616,0,10,Bronze,0.45000000000000007,0.28000000000000025,0.18367346938775508,0,29.11,At Risk,0,At-Risk Customers
1676,35,Male,Pants,Clothing,90,Colorado,M,Beige,Spring,4.7,No,Next Day Air,Yes,21,Credit Card,Annually,Adult,365,1980,0,21,Gold,0.875,0.8800000000000001,0.4081632653061224,0,64.84,Healthy,1,High-Spending Customers
1677,27,Male,Sunglasses,Accessories,44,West Virginia,M,Cyan,Winter,3.1,No,Next Day Air,Yes,34,Bank Transfer,Weekly,Young Adult,7,1540,0,34,Gold,0.30000000000000004,0.2400000000000002,0.673469387755102,0,37.0,At Risk,3,Loyal Customers
1678,65,Male,Jeans,Clothing,35,Oregon,L,Silver,Summer,3.3,No,Next Day Air,No,41,Debit Card,Weekly,Senior,7,1470,0,41,Gold,0.1875,0.32000000000000006,0.8163265306122448,0,38.39,At Risk,3,Loyal Customers
1679,41,Male,Pants,Clothing,71,Ohio,S,Magenta,Summer,4.8,No,2-Day Shipping,No,30,Venmo,Fortnightly,Adult,14,2201,0,30,Gold,0.6375000000000001,0.9199999999999999,0.5918367346938774,0,61.66,Healthy,2,Premium Customers
1680,60,Male,Dress,Clothing,52,Massachusetts,S,Black,Fall,4.5,No,Next Day Air,No,24,Debit Card,Bi-Weekly,Senior,14,1300,0,24,Silver,0.4,0.8,0.4693877551020408,0,46.08,Average,3,Loyal Customers
1681,61,Male,Shoes,Footwear,37,Louisiana,M,Olive,Summer,3.4,No,Store Pickup,No,6,Credit Card,Annually,Senior,365,259,0,6,Bronze,0.21250000000000002,0.3600000000000001,0.10204081632653061,0,18.76,At Risk,0,At-Risk Customers
1682,24,Male,Sneakers,Footwear,95,Virginia,L,Green,Winter,3.7,No,2-Day Shipping,No,14,Credit Card,Bi-Weekly,Young Adult,14,1425,0,14,Gold,0.9375,0.4800000000000002,0.26530612244897955,0,55.06,Average,1,High-Spending Customers
1683,65,Male,Socks,Clothing,97,New York,M,Yellow,Fall,4.9,No,2-Day Shipping,No,37,Credit Card,Bi-Weekly,Senior,14,3686,0,37,Premium,0.9625000000000001,0.9600000000000002,0.7346938775510203,0,79.74,Healthy,2,Premium Customers
1684,23,Male,Coat,Outerwear,57,Arkansas,S,Lavender,Spring,3.5,No,Next Day Air,No,37,Venmo,Quarterly,Young Adult,90,2166,0,37,Gold,0.4625,0.40000000000000013,0.7346938775510203,0,48.54,Average,3,Loyal Customers
1685,30,Male,Shirt,Clothing,93,New Mexico,M,Indigo,Spring,4.6,No,Standard,No,28,PayPal,Weekly,Young Adult,7,2697,0,28,Premium,0.9125000000000001,0.8399999999999999,0.5510204081632653,0,69.83,Healthy,2,Premium Customers
1686,33,Male,Blouse,Clothing,48,Minnesota,M,Pink,Winter,4.6,No,Standard,No,43,PayPal,Bi-Weekly,Adult,14,2112,0,43,Gold,0.3500000000000001,0.8399999999999999,0.8571428571428571,0,56.51,Average,3,Loyal Customers
1687,22,Male,Gloves,Accessories,75,Illinois,L,Red,Fall,4.2,No,Store Pickup,No,25,Cash,Annually,Young Adult,365,1950,0,25,Gold,0.6875,0.6800000000000002,0.4897959183673469,0,55.79,Average,1,High-Spending Customers
1688,67,Male,Skirt,Clothing,70,Georgia,S,Magenta,Winter,3.7,No,Free Shipping,No,4,PayPal,Annually,Senior,365,350,0,4,Bronze,0.625,0.4800000000000002,0.061224489795918366,0,36.44,At Risk,1,High-Spending Customers
1689,28,Male,Handbag,Accessories,26,Mississippi,S,Peach,Winter,3.0,No,Next Day Air,No,13,Venmo,Fortnightly,Young Adult,14,364,0,13,Bronze,0.07500000000000001,0.20000000000000018,0.24489795918367344,0,14.35,At Risk,0,At-Risk Customers
1690,32,Male,Shirt,Clothing,73,North Carolina,L,Turquoise,Winter,4.6,No,Store Pickup,No,32,Bank Transfer,Monthly,Adult,30,2409,0,32,Premium,0.6625000000000001,0.8399999999999999,0.6326530612244897,0,62.28,Healthy,2,Premium Customers
1691,40,Male,Coat,Outerwear,30,Nevada,M,Black,Summer,3.2,No,Free Shipping,No,1,Cash,Annually,Adult,365,60,0,1,Bronze,0.125,0.28000000000000025,0.0,0,10.6,At Risk,0,At-Risk Customers
1692,64,Male,Shoes,Footwear,61,Connecticut,L,Blue,Summer,3.5,No,Next Day Air,No,4,Cash,Annually,Senior,365,305,0,4,Bronze,0.5125000000000001,0.40000000000000013,0.061224489795918366,0,30.34,At Risk,0,At-Risk Customers
1693,56,Male,Handbag,Accessories,75,Utah,M,Beige,Winter,2.6,No,Standard,No,33,Cash,Bi-Weekly,Middle-aged,14,2550,0,33,Premium,0.6875,0.040000000000000036,0.6530612244897959,0,47.89,Average,3,Loyal Customers
1694,63,Male,Jacket,Outerwear,88,Tennessee,XL,Olive,Fall,4.9,No,Standard,No,45,Bank Transfer,Fortnightly,Senior,14,4048,0,45,Premium,0.8500000000000001,0.9600000000000002,0.8979591836734693,0,80.14,Excellent,2,Premium Customers
1695,20,Male,Shirt,Clothing,67,Mississippi,M,Turquoise,Summer,2.7,No,Express,No,20,Debit Card,Fortnightly,Young Adult,14,1407,0,20,Gold,0.5875,0.08000000000000007,0.38775510204081626,0,36.73,At Risk,1,High-Spending Customers
1696,54,Male,Hat,Accessories,95,Nebraska,S,Yellow,Fall,4.7,No,2-Day Shipping,No,1,PayPal,Fortnightly,Middle-aged,14,190,0,1,Bronze,0.9375,0.8800000000000001,0.0,0,55.1,Average,1,High-Spending Customers
1697,31,Male,Sunglasses,Accessories,69,West Virginia,S,Turquoise,Spring,4.0,No,Free Shipping,No,7,Credit Card,Bi-Weekly,Young Adult,14,552,0,7,Bronze,0.6125,0.6000000000000001,0.12244897959183673,0,40.17,Average,1,High-Spending Customers
1698,36,Male,Shirt,Clothing,87,South Carolina,L,Lavender,Fall,3.5,No,Next Day Air,No,48,Credit Card,Every 3 Months,Adult,90,4263,0,48,Premium,0.8375000000000001,0.40000000000000013,0.9591836734693877,0,70.28,Healthy,2,Premium Customers
1699,25,Male,Belt,Accessories,41,Iowa,XL,Turquoise,Winter,4.8,No,Standard,No,46,Bank Transfer,Quarterly,Young Adult,90,1927,0,46,Gold,0.26250000000000007,0.9199999999999999,0.9183673469387754,0,56.45,Average,3,Loyal Customers
1700,20,Male,Sweater,Clothing,67,North Dakota,L,Teal,Spring,4.0,No,Free Shipping,No,34,Debit Card,Annually,Young Adult,365,2345,0,34,Premium,0.5875,0.6000000000000001,0.673469387755102,0,55.7,Average,2,Premium Customers
1701,62,Male,Hoodie,Clothing,70,West Virginia,L,Black,Fall,4.1,No,Express,No,36,Bank Transfer,Monthly,Senior,30,2590,0,36,Premium,0.625,0.6399999999999999,0.7142857142857142,0,59.23,Average,2,Premium Customers
1702,69,Male,Handbag,Accessories,41,Mississippi,XL,Blue,Winter,3.8,No,Next Day Air,No,44,Debit Card,Every 3 Months,Senior,90,1845,0,44,Gold,0.26250000000000007,0.52,0.8775510204081631,0,47.23,Average,3,Loyal Customers
1703,54,Male,Jeans,Clothing,83,Alabama,XL,Yellow,Summer,5.0,No,Express,No,48,Bank Transfer,Weekly,Middle-aged,7,4067,0,48,Premium,0.7875000000000001,1.0,0.9591836734693877,0,80.28,Excellent,2,Premium Customers
1704,39,Male,Backpack,Accessories,22,California,M,Black,Spring,4.0,No,Next Day Air,No,12,Bank Transfer,Annually,Adult,365,286,0,12,Bronze,0.025000000000000022,0.6000000000000001,0.22448979591836735,0,19.73,At Risk,0,At-Risk Customers
1705,56,Male,Sneakers,Footwear,20,Idaho,M,Lavender,Summer,3.9,No,Store Pickup,No,19,Cash,Every 3 Months,Middle-aged,90,400,0,19,Bronze,0.0,0.56,0.36734693877551017,0,22.22,At Risk,0,At-Risk Customers
1706,39,Male,Jewelry,Accessories,29,South Dakota,L,Cyan,Summer,3.4,No,2-Day Shipping,No,49,Venmo,Bi-Weekly,Adult,14,1450,0,49,Gold,0.11250000000000004,0.3600000000000001,0.9795918367346937,0,41.09,Average,3,Loyal Customers
1707,37,Male,Sunglasses,Accessories,87,North Dakota,M,Brown,Spring,3.0,No,Standard,No,25,Venmo,Fortnightly,Adult,14,2262,0,25,Gold,0.8375000000000001,0.20000000000000018,0.4897959183673469,0,52.19,Average,1,High-Spending Customers
1708,25,Male,Shorts,Clothing,81,Nevada,L,Maroon,Fall,4.9,No,2-Day Shipping,No,25,Cash,Bi-Weekly,Young Adult,14,2106,0,25,Gold,0.7625,0.9600000000000002,0.4897959183673469,0,64.39,Healthy,2,Premium Customers
1709,35,Male,Boots,Footwear,58,Florida,L,Cyan,Spring,3.2,No,Express,No,1,Credit Card,Quarterly,Adult,90,116,0,1,Bronze,0.4750000000000001,0.28000000000000025,0.0,0,24.6,At Risk,0,At-Risk Customers
1710,45,Male,Skirt,Clothing,83,Indiana,M,Pink,Winter,3.8,No,Standard,No,19,Bank Transfer,Annually,Middle-aged,365,1660,0,19,Gold,0.7875000000000001,0.52,0.36734693877551017,0,52.92,Average,1,High-Spending Customers
1711,19,Male,Pants,Clothing,59,Arkansas,XL,Orange,Fall,3.8,No,Store Pickup,No,7,Credit Card,Quarterly,Young Adult,90,472,0,7,Bronze,0.48750000000000004,0.52,0.12244897959183673,0,33.57,At Risk,0,At-Risk Customers
1712,21,Male,T-shirt,Clothing,93,North Carolina,M,Lavender,Spring,4.7,No,Express,No,19,Credit Card,Monthly,Young Adult,30,1860,0,19,Gold,0.9125000000000001,0.8800000000000001,0.36734693877551017,0,65.12,Healthy,1,High-Spending Customers
1713,65,Male,T-shirt,Clothing,87,Illinois,S,Beige,Fall,3.8,No,2-Day Shipping,No,9,Cash,Fortnightly,Senior,14,870,0,9,Silver,0.8375000000000001,0.52,0.16326530612244897,0,48.8,Average,1,High-Spending Customers
1714,49,Male,Jacket,Outerwear,22,Missouri,M,Pink,Winter,4.6,No,Free Shipping,No,37,PayPal,Quarterly,Middle-aged,90,836,0,37,Silver,0.025000000000000022,0.8399999999999999,0.7346938775510203,0,39.84,At Risk,3,Loyal Customers
1715,30,Male,Jeans,Clothing,71,South Dakota,S,Charcoal,Summer,4.4,No,Standard,No,15,Cash,Monthly,Young Adult,30,1136,0,15,Silver,0.6375000000000001,0.7600000000000002,0.28571428571428564,0,49.27,Average,1,High-Spending Customers
1716,23,Male,Dress,Clothing,69,Idaho,XL,Gray,Spring,3.4,No,2-Day Shipping,No,30,PayPal,Bi-Weekly,Young Adult,14,2139,0,30,Gold,0.6125,0.3600000000000001,0.5918367346938774,0,49.46,Average,3,Loyal Customers
1717,69,Male,Blouse,Clothing,47,Connecticut,M,Cyan,Winter,4.7,No,Standard,No,30,Cash,Every 3 Months,Senior,90,1457,0,30,Gold,0.3375,0.8800000000000001,0.5918367346938774,0,48.86,Average,3,Loyal Customers
1718,29,Male,Hoodie,Clothing,50,Hawaii,L,Orange,Summer,2.9,No,Express,No,16,Debit Card,Bi-Weekly,Young Adult,14,850,0,16,Silver,0.375,0.15999999999999992,0.3061224489795918,0,27.38,At Risk,0,At-Risk Customers
1719,54,Male,T-shirt,Clothing,96,Maryland,L,Pink,Winter,3.4,No,2-Day Shipping,No,14,PayPal,Every 3 Months,Middle-aged,90,1440,0,14,Gold,0.9500000000000002,0.3600000000000001,0.26530612244897955,0,53.16,Average,1,High-Spending Customers
1720,45,Male,Sweater,Clothing,39,Maryland,M,White,Winter,3.2,No,Free Shipping,No,8,Venmo,Quarterly,Middle-aged,90,351,0,8,Bronze,0.23750000000000004,0.28000000000000025,0.14285714285714285,0,19.39,At Risk,0,At-Risk Customers
1721,25,Male,Shorts,Clothing,84,Massachusetts,S,Beige,Winter,2.8,No,Express,No,40,Debit Card,Bi-Weekly,Young Adult,14,3444,0,40,Premium,0.8,0.11999999999999988,0.7959183673469387,0,58.28,Average,2,Premium Customers
1722,34,Male,Jewelry,Accessories,28,Delaware,S,Magenta,Spring,4.3,No,Free Shipping,No,24,Credit Card,Monthly,Adult,30,700,0,24,Silver,0.10000000000000003,0.72,0.4693877551020408,0,32.48,At Risk,0,At-Risk Customers
1723,46,Male,T-shirt,Clothing,51,Massachusetts,L,Violet,Summer,3.3,No,Standard,No,14,Cash,Fortnightly,Middle-aged,14,765,0,14,Silver,0.38750000000000007,0.32000000000000006,0.26530612244897955,0,29.86,At Risk,0,At-Risk Customers
1724,70,Male,Scarf,Accessories,20,New York,XL,Gold,Spring,3.3,No,Standard,No,39,PayPal,Annually,Senior,365,800,0,39,Silver,0.0,0.32000000000000006,0.7755102040816325,0,29.67,At Risk,3,Loyal Customers
1725,42,Male,Shoes,Footwear,72,Delaware,S,Teal,Winter,3.3,No,Free Shipping,No,21,PayPal,Weekly,Adult,7,1584,0,21,Gold,0.65,0.32000000000000006,0.4081632653061224,0,44.64,Average,1,High-Spending Customers
1726,45,Male,Sunglasses,Accessories,33,Massachusetts,M,Indigo,Spring,3.0,No,Next Day Air,No,32,Venmo,Quarterly,Middle-aged,90,1089,0,32,Silver,0.16250000000000003,0.20000000000000018,0.6326530612244897,0,29.48,At Risk,3,Loyal Customers
1727,57,Male,Coat,Outerwear,28,Indiana,S,Olive,Summer,2.8,No,Express,No,45,Debit Card,Weekly,Middle-aged,7,1288,0,45,Silver,0.10000000000000003,0.11999999999999988,0.8979591836734693,0,33.34,At Risk,3,Loyal Customers
1728,49,Male,Blouse,Clothing,53,Virginia,S,Violet,Spring,4.0,No,Express,No,19,PayPal,Monthly,Middle-aged,30,1060,0,19,Silver,0.4125000000000001,0.6000000000000001,0.36734693877551017,0,39.52,At Risk,1,High-Spending Customers
1729,23,Male,Jeans,Clothing,48,Wyoming,L,Black,Fall,4.3,No,Express,No,1,Debit Card,Every 3 Months,Young Adult,90,96,0,1,Bronze,0.3500000000000001,0.72,0.0,0,28.4,At Risk,0,At-Risk Customers
1730,47,Male,Shorts,Clothing,21,Illinois,M,Brown,Winter,3.8,No,Store Pickup,No,12,Venmo,Fortnightly,Middle-aged,14,273,0,12,Bronze,0.012500000000000011,0.52,0.22448979591836735,0,17.63,At Risk,0,At-Risk Customers
1731,23,Male,Shirt,Clothing,22,Alabama,S,Silver,Fall,4.2,No,Free Shipping,No,26,Credit Card,Weekly,Young Adult,7,594,0,26,Bronze,0.025000000000000022,0.6800000000000002,0.510204081632653,0,29.91,At Risk,0,At-Risk Customers
1732,21,Male,Backpack,Accessories,87,Idaho,M,Gray,Fall,3.1,No,Next Day Air,No,12,Cash,Monthly,Young Adult,30,1131,0,12,Silver,0.8375000000000001,0.2400000000000002,0.22448979591836735,0,45.03,Average,1,High-Spending Customers
1733,45,Male,Belt,Accessories,50,Rhode Island,S,Charcoal,Winter,2.6,No,Free Shipping,No,36,Cash,Every 3 Months,Middle-aged,90,1850,0,36,Gold,0.375,0.040000000000000036,0.7142857142857142,0,37.23,At Risk,3,Loyal Customers
1734,67,Male,Blouse,Clothing,85,New York,L,Black,Summer,3.4,No,Express,No,22,Credit Card,Annually,Senior,365,1955,0,22,Gold,0.8125,0.3600000000000001,0.4285714285714285,0,52.56,Average,1,High-Spending Customers
1735,31,Male,Jeans,Clothing,98,Missouri,L,Brown,Spring,3.1,No,Next Day Air,No,16,PayPal,Quarterly,Young Adult,90,1666,0,16,Gold,0.9750000000000001,0.2400000000000002,0.3061224489795918,0,52.98,Average,1,High-Spending Customers
1736,58,Male,Dress,Clothing,34,Texas,M,Purple,Winter,3.6,No,Express,No,31,Venmo,Annually,Senior,365,1088,0,31,Silver,0.17500000000000004,0.44000000000000017,0.6122448979591836,0,34.17,At Risk,3,Loyal Customers
1737,57,Male,Shorts,Clothing,61,Tennessee,M,Purple,Summer,2.6,No,2-Day Shipping,No,43,Cash,Quarterly,Middle-aged,90,2684,0,43,Premium,0.5125000000000001,0.040000000000000036,0.8571428571428571,0,47.01,Average,3,Loyal Customers
1738,42,Male,Jewelry,Accessories,98,Ohio,L,Gray,Summer,4.2,No,Store Pickup,No,50,Venmo,Bi-Weekly,Adult,14,4998,0,50,Premium,0.9750000000000001,0.6800000000000002,1.0,0,82.6,Excellent,2,Premium Customers
1739,60,Male,Handbag,Accessories,61,Tennessee,M,Green,Spring,2.9,No,2-Day Shipping,No,37,Credit Card,Weekly,Senior,7,2318,0,37,Premium,0.5125000000000001,0.15999999999999992,0.7346938775510203,0,45.74,Average,3,Loyal Customers
1740,21,Male,Jewelry,Accessories,98,Minnesota,L,Silver,Winter,4.2,No,Express,No,23,Cash,Weekly,Young Adult,7,2352,0,23,Premium,0.9750000000000001,0.6800000000000002,0.44897959183673464,0,66.07,Healthy,2,Premium Customers
1741,69,Male,Pants,Clothing,21,Wisconsin,L,Charcoal,Fall,3.3,No,Next Day Air,No,10,Bank Transfer,Every 3 Months,Senior,90,231,0,10,Bronze,0.012500000000000011,0.32000000000000006,0.18367346938775508,0,12.41,At Risk,0,At-Risk Customers
1742,41,Male,Pants,Clothing,51,Delaware,XL,Teal,Winter,3.6,No,Next Day Air,No,20,Bank Transfer,Monthly,Adult,30,1071,0,20,Silver,0.38750000000000007,0.44000000000000017,0.38775510204081626,0,35.93,At Risk,0,At-Risk Customers
1743,51,Male,Sandals,Footwear,80,Kansas,XL,White,Spring,4.3,No,Express,No,18,Venmo,Every 3 Months,Middle-aged,90,1520,0,18,Gold,0.75,0.72,0.346938775510204,0,54.81,Average,1,High-Spending Customers
1744,23,Male,Skirt,Clothing,72,Missouri,XL,Brown,Winter,3.3,No,Standard,No,3,Bank Transfer,Weekly,Young Adult,7,288,0,3,Bronze,0.65,0.32000000000000006,0.04081632653061225,0,33.62,At Risk,1,High-Spending Customers
1745,57,Male,Sunglasses,Accessories,63,Michigan,L,Teal,Winter,3.0,No,Standard,No,23,PayPal,Weekly,Middle-aged,7,1512,0,23,Gold,0.5375000000000001,0.20000000000000018,0.44897959183673464,0,38.97,At Risk,3,Loyal Customers
1746,40,Male,Skirt,Clothing,27,West Virginia,L,Red,Winter,3.6,No,Store Pickup,No,27,Cash,Weekly,Adult,7,756,0,27,Silver,0.08750000000000002,0.44000000000000017,0.5306122448979591,0,28.22,At Risk,0,At-Risk Customers
1747,65,Male,Handbag,Accessories,44,Alabama,L,Brown,Summer,3.1,No,Store Pickup,No,44,Bank Transfer,Fortnightly,Senior,14,1980,0,44,Gold,0.30000000000000004,0.2400000000000002,0.8775510204081631,0,43.13,Average,3,Loyal Customers
1748,61,Male,Coat,Outerwear,23,New Hampshire,M,Yellow,Winter,2.9,No,Express,No,41,Venmo,Quarterly,Senior,90,966,0,41,Silver,0.03750000000000003,0.15999999999999992,0.8163265306122448,0,29.19,At Risk,3,Loyal Customers
1749,34,Male,Skirt,Clothing,93,Montana,L,Teal,Winter,3.9,No,2-Day Shipping,No,41,Bank Transfer,Annually,Adult,365,3906,0,41,Premium,0.9125000000000001,0.56,0.8163265306122448,0,72.19,Healthy,2,Premium Customers
1750,43,Male,Hoodie,Clothing,70,Wyoming,L,Pink,Fall,3.2,No,2-Day Shipping,No,36,Debit Card,Every 3 Months,Adult,90,2590,0,36,Premium,0.625,0.28000000000000025,0.7142857142857142,0,52.03,Average,2,Premium Customers
1751,31,Male,Sunglasses,Accessories,85,Missouri,M,White,Fall,3.1,No,Express,No,38,Venmo,Every 3 Months,Young Adult,90,3315,0,38,Premium,0.8125,0.2400000000000002,0.7551020408163265,0,59.95,Average,2,Premium Customers
1752,57,Male,Sweater,Clothing,40,Ohio,M,Silver,Winter,3.2,No,2-Day Shipping,No,34,Cash,Annually,Middle-aged,365,1400,0,34,Gold,0.25,0.28000000000000025,0.673469387755102,0,35.8,At Risk,3,Loyal Customers
1753,34,Male,Boots,Footwear,29,South Dakota,L,Blue,Winter,3.3,No,Store Pickup,No,14,Venmo,Quarterly,Adult,90,435,0,14,Bronze,0.11250000000000004,0.32000000000000006,0.26530612244897955,0,18.86,At Risk,0,At-Risk Customers
1754,25,Male,Skirt,Clothing,27,Colorado,L,Black,Fall,4.8,No,Next Day Air,No,23,Credit Card,Fortnightly,Young Adult,14,648,0,23,Bronze,0.08750000000000002,0.9199999999999999,0.44897959183673464,0,35.37,At Risk,0,At-Risk Customers
1755,66,Male,Dress,Clothing,93,Massachusetts,S,Beige,Fall,3.8,No,2-Day Shipping,No,18,Credit Card,Fortnightly,Senior,14,1767,0,18,Gold,0.9125000000000001,0.52,0.346938775510204,0,57.31,Average,1,High-Spending Customers
1756,56,Male,Belt,Accessories,20,Delaware,XL,Charcoal,Spring,4.6,No,Next Day Air,No,45,Cash,Monthly,Middle-aged,30,920,0,45,Silver,0.0,0.8399999999999999,0.8979591836734693,0,43.74,Average,3,Loyal Customers
1757,49,Male,Jewelry,Accessories,55,New Hampshire,S,Cyan,Fall,2.8,No,Free Shipping,No,14,Bank Transfer,Weekly,Middle-aged,7,825,0,14,Silver,0.4375,0.11999999999999988,0.26530612244897955,0,27.86,At Risk,0,At-Risk Customers
1758,19,Male,Dress,Clothing,94,Michigan,L,Yellow,Fall,3.6,No,Standard,No,48,Debit Card,Annually,Young Adult,365,4606,0,48,Premium,0.925,0.44000000000000017,0.9591836734693877,0,74.58,Healthy,2,Premium Customers
1759,27,Male,Hat,Accessories,56,Pennsylvania,M,Silver,Winter,4.3,No,Free Shipping,No,17,Venmo,Bi-Weekly,Young Adult,14,1008,0,17,Silver,0.45000000000000007,0.72,0.32653061224489793,0,42.2,Average,1,High-Spending Customers
1760,68,Male,Sweater,Clothing,58,Louisiana,L,Green,Spring,4.0,No,Next Day Air,No,1,PayPal,Weekly,Senior,7,116,0,1,Bronze,0.4750000000000001,0.6000000000000001,0.0,0,31.0,At Risk,0,At-Risk Customers
1761,20,Male,Skirt,Clothing,44,Minnesota,XL,Peach,Spring,3.5,No,Standard,No,39,PayPal,Weekly,Young Adult,7,1760,0,39,Gold,0.30000000000000004,0.40000000000000013,0.7755102040816325,0,43.27,Average,3,Loyal Customers
1762,21,Male,Hoodie,Clothing,95,Hawaii,S,Green,Fall,4.9,No,2-Day Shipping,No,24,Cash,Weekly,Young Adult,7,2375,0,24,Premium,0.9375,0.9600000000000002,0.4693877551020408,0,70.78,Healthy,2,Premium Customers
1763,36,Male,Sandals,Footwear,42,Idaho,M,Brown,Summer,3.1,No,Express,No,41,Bank Transfer,Fortnightly,Adult,14,1764,0,41,Gold,0.275,0.2400000000000002,0.8163265306122448,0,40.29,Average,3,Loyal Customers
1764,37,Male,Jewelry,Accessories,93,Vermont,M,Lavender,Winter,3.9,No,Store Pickup,No,28,PayPal,Annually,Adult,365,2697,0,28,Premium,0.9125000000000001,0.56,0.5510204081632653,0,64.23,Healthy,2,Premium Customers
1765,61,Male,Dress,Clothing,56,Delaware,M,Charcoal,Summer,3.0,No,Store Pickup,No,34,Venmo,Quarterly,Senior,90,1960,0,34,Gold,0.45000000000000007,0.20000000000000018,0.673469387755102,0,42.2,Average,3,Loyal Customers
1766,68,Male,Hoodie,Clothing,88,New Mexico,M,Orange,Spring,4.1,No,2-Day Shipping,No,41,Venmo,Quarterly,Senior,90,3696,0,41,Premium,0.8500000000000001,0.6399999999999999,0.8163265306122448,0,71.29,Healthy,2,Premium Customers
1767,60,Male,Sweater,Clothing,54,Alaska,S,Cyan,Winter,4.3,No,2-Day Shipping,No,27,Cash,Bi-Weekly,Senior,14,1512,0,27,Gold,0.42500000000000004,0.72,0.5306122448979591,0,47.32,Average,3,Loyal Customers
1768,69,Male,Jewelry,Accessories,89,Minnesota,L,Lavender,Fall,3.8,No,2-Day Shipping,No,46,Debit Card,Fortnightly,Senior,14,4183,0,46,Premium,0.8625,0.52,0.9183673469387754,0,72.45,Healthy,2,Premium Customers
1769,25,Male,Sandals,Footwear,45,Nebraska,M,Indigo,Summer,3.9,No,2-Day Shipping,No,2,PayPal,Every 3 Months,Young Adult,90,135,0,2,Bronze,0.3125,0.56,0.02040816326530612,0,24.31,At Risk,0,At-Risk Customers
1770,32,Male,Socks,Clothing,75,Alaska,L,Brown,Winter,4.3,No,Free Shipping,No,45,Cash,Monthly,Adult,30,3450,0,45,Premium,0.6875,0.72,0.8979591836734693,0,68.84,Healthy,2,Premium Customers
1771,53,Male,Backpack,Accessories,22,Michigan,M,Pink,Fall,4.3,No,Express,No,34,Bank Transfer,Weekly,Middle-aged,7,770,0,34,Silver,0.025000000000000022,0.72,0.673469387755102,0,35.6,At Risk,3,Loyal Customers
1772,46,Male,Shirt,Clothing,82,Indiana,XL,Turquoise,Fall,4.7,No,Store Pickup,No,9,Credit Card,Annually,Middle-aged,365,820,0,9,Silver,0.7750000000000001,0.8800000000000001,0.16326530612244897,0,53.5,Average,1,High-Spending Customers
1773,58,Male,Shoes,Footwear,34,Hawaii,M,Gold,Summer,3.1,No,2-Day Shipping,No,1,Bank Transfer,Annually,Senior,365,68,0,1,Bronze,0.17500000000000004,0.2400000000000002,0.0,0,11.8,At Risk,0,At-Risk Customers
1774,21,Male,Coat,Outerwear,92,West Virginia,M,Blue,Summer,2.7,No,Free Shipping,No,17,PayPal,Annually,Young Adult,365,1656,0,17,Gold,0.9000000000000001,0.08000000000000007,0.32653061224489793,0,47.4,Average,1,High-Spending Customers
1775,46,Male,Sweater,Clothing,78,New York,M,Lavender,Spring,3.7,No,Express,No,6,PayPal,Weekly,Middle-aged,7,546,0,6,Bronze,0.7250000000000001,0.4800000000000002,0.10204081632653061,0,41.66,Average,1,High-Spending Customers
1776,18,Male,Jacket,Outerwear,47,Iowa,M,Violet,Spring,3.3,No,2-Day Shipping,No,12,Cash,Bi-Weekly,Young Adult,14,611,0,12,Bronze,0.3375,0.32000000000000006,0.22448979591836735,0,26.63,At Risk,0,At-Risk Customers
1777,56,Male,Jacket,Outerwear,64,Arizona,L,Cyan,Summer,3.4,No,Free Shipping,No,10,Venmo,Every 3 Months,Middle-aged,90,704,0,10,Silver,0.55,0.3600000000000001,0.18367346938775508,0,34.71,At Risk,0,At-Risk Customers
1778,18,Male,Sneakers,Footwear,44,Minnesota,L,Purple,Winter,4.7,No,Free Shipping,No,4,Cash,Fortnightly,Young Adult,14,220,0,4,Bronze,0.30000000000000004,0.8800000000000001,0.061224489795918366,0,31.44,At Risk,0,At-Risk Customers
1779,49,Male,Belt,Accessories,94,Texas,M,Red,Winter,4.9,No,Store Pickup,No,8,Debit Card,Bi-Weekly,Middle-aged,14,846,0,8,Silver,0.925,0.9600000000000002,0.14285714285714285,0,60.49,Healthy,1,High-Spending Customers
1780,29,Male,Scarf,Accessories,62,Virginia,M,Charcoal,Winter,4.3,No,Free Shipping,No,41,Venmo,Weekly,Young Adult,7,2604,0,41,Premium,0.525,0.72,0.8163265306122448,0,59.89,Average,2,Premium Customers
1781,67,Male,Jewelry,Accessories,81,North Dakota,S,Gray,Summer,4.2,No,Next Day Air,No,49,Credit Card,Weekly,Senior,7,4050,0,49,Premium,0.7625,0.6800000000000002,0.9795918367346937,0,73.49,Healthy,2,Premium Customers
1782,31,Male,T-shirt,Clothing,33,Iowa,M,Pink,Fall,3.7,No,Express,No,49,Bank Transfer,Quarterly,Young Adult,90,1650,0,49,Gold,0.16250000000000003,0.4800000000000002,0.9795918367346937,0,45.49,Average,3,Loyal Customers
1783,52,Male,Pants,Clothing,88,Utah,M,Lavender,Fall,2.7,No,Next Day Air,No,40,Bank Transfer,Fortnightly,Middle-aged,14,3608,0,40,Premium,0.8500000000000001,0.08000000000000007,0.7959183673469387,0,59.48,Average,2,Premium Customers
1784,42,Male,Handbag,Accessories,49,Ohio,L,Lavender,Winter,3.3,No,Free Shipping,No,30,Credit Card,Monthly,Adult,30,1519,0,30,Gold,0.36250000000000004,0.32000000000000006,0.5918367346938774,0,38.66,At Risk,3,Loyal Customers
1785,32,Male,Backpack,Accessories,31,Louisiana,L,Yellow,Summer,4.8,No,Standard,No,4,Debit Card,Quarterly,Adult,90,155,0,4,Bronze,0.1375,0.9199999999999999,0.061224489795918366,0,25.74,At Risk,0,At-Risk Customers
1786,47,Male,Gloves,Accessories,29,Iowa,S,Peach,Fall,4.1,No,Next Day Air,No,22,Venmo,Monthly,Middle-aged,30,667,0,22,Silver,0.11250000000000004,0.6399999999999999,0.4285714285714285,0,30.16,At Risk,0,At-Risk Customers
1787,45,Male,Jacket,Outerwear,34,Maryland,M,Brown,Spring,4.6,No,2-Day Shipping,No,22,Venmo,Monthly,Middle-aged,30,782,0,22,Silver,0.17500000000000004,0.8399999999999999,0.4285714285714285,0,36.66,At Risk,0,At-Risk Customers
1788,20,Male,Sweater,Clothing,38,Montana,L,Gold,Fall,4.9,No,2-Day Shipping,No,10,Bank Transfer,Quarterly,Young Adult,90,418,0,10,Bronze,0.22500000000000003,0.9600000000000002,0.18367346938775508,0,33.71,At Risk,0,At-Risk Customers
1789,66,Male,Blouse,Clothing,41,Illinois,L,Pink,Summer,3.1,No,Store Pickup,No,23,Cash,Bi-Weekly,Senior,14,984,0,23,Silver,0.26250000000000007,0.2400000000000002,0.44897959183673464,0,28.77,At Risk,0,At-Risk Customers
1790,52,Male,Blouse,Clothing,34,Arizona,L,Peach,Spring,3.0,No,2-Day Shipping,No,43,Debit Card,Quarterly,Middle-aged,90,1496,0,43,Gold,0.17500000000000004,0.20000000000000018,0.8571428571428571,0,36.71,At Risk,3,Loyal Customers
1791,50,Male,Gloves,Accessories,26,North Carolina,S,Violet,Summer,3.7,No,Store Pickup,No,31,PayPal,Bi-Weekly,Middle-aged,14,832,0,31,Silver,0.07500000000000001,0.4800000000000002,0.6122448979591836,0,30.97,At Risk,3,Loyal Customers
1792,62,Male,Jeans,Clothing,98,Montana,S,Purple,Winter,4.0,No,Store Pickup,No,38,Cash,Annually,Senior,365,3822,0,38,Premium,0.9750000000000001,0.6000000000000001,0.7551020408163265,0,73.65,Healthy,2,Premium Customers
1793,38,Male,Sneakers,Footwear,59,Iowa,M,Peach,Fall,3.0,No,Express,No,22,Debit Card,Every 3 Months,Adult,90,1357,0,22,Gold,0.48750000000000004,0.20000000000000018,0.4285714285714285,0,36.36,At Risk,0,At-Risk Customers
1794,65,Male,Hat,Accessories,92,Iowa,S,White,Fall,3.8,No,Store Pickup,No,45,Cash,Every 3 Months,Senior,90,4232,0,45,Premium,0.9000000000000001,0.52,0.8979591836734693,0,73.34,Healthy,2,Premium Customers
1795,60,Male,Backpack,Accessories,40,Ohio,L,Indigo,Spring,3.7,No,Express,No,21,Debit Card,Fortnightly,Senior,14,880,0,21,Silver,0.25,0.4800000000000002,0.4081632653061224,0,31.84,At Risk,0,At-Risk Customers
1796,68,Male,Jeans,Clothing,20,Wisconsin,S,Violet,Fall,4.0,No,2-Day Shipping,No,9,Debit Card,Fortnightly,Senior,14,200,0,9,Bronze,0.0,0.6000000000000001,0.16326530612244897,0,16.9,At Risk,0,At-Risk Customers
1797,62,Male,Skirt,Clothing,35,South Carolina,S,Brown,Spring,3.1,No,Store Pickup,No,34,Venmo,Weekly,Senior,7,1225,0,34,Silver,0.1875,0.2400000000000002,0.673469387755102,0,32.5,At Risk,3,Loyal Customers
1798,62,Male,Belt,Accessories,35,Oregon,L,Maroon,Spring,3.9,No,2-Day Shipping,No,26,Venmo,Weekly,Senior,7,945,0,26,Silver,0.1875,0.56,0.510204081632653,0,34.01,At Risk,0,At-Risk Customers
1799,40,Male,Dress,Clothing,82,North Dakota,L,Magenta,Winter,3.7,No,Express,No,1,Cash,Weekly,Adult,7,164,0,1,Bronze,0.7750000000000001,0.4800000000000002,0.0,0,40.6,Average,1,High-Spending Customers
1800,32,Male,Hoodie,Clothing,48,California,M,Charcoal,Fall,3.9,No,Express,No,47,Venmo,Weekly,Adult,7,2304,0,47,Premium,0.3500000000000001,0.56,0.9387755102040816,0,53.36,Average,3,Loyal Customers
1801,22,Male,Coat,Outerwear,58,Mississippi,XL,Indigo,Winter,2.7,No,Express,No,30,Credit Card,Weekly,Young Adult,7,1798,0,30,Gold,0.4750000000000001,0.08000000000000007,0.5918367346938774,0,38.36,At Risk,3,Loyal Customers
1802,33,Male,Sweater,Clothing,57,New Jersey,M,Turquoise,Spring,3.9,No,Express,No,48,Debit Card,Fortnightly,Adult,14,2793,0,48,Premium,0.4625,0.56,0.9591836734693877,0,58.48,Average,2,Premium Customers
1803,57,Male,Shorts,Clothing,96,Rhode Island,L,Turquoise,Winter,2.6,No,Store Pickup,No,31,Venmo,Bi-Weekly,Middle-aged,14,3072,0,31,Premium,0.9500000000000002,0.040000000000000036,0.6122448979591836,0,57.17,Average,2,Premium Customers
1804,60,Male,Sneakers,Footwear,97,New Hampshire,S,Gray,Summer,3.5,No,Free Shipping,No,33,Venmo,Fortnightly,Senior,14,3298,0,33,Premium,0.9625000000000001,0.40000000000000013,0.6530612244897959,0,66.09,Healthy,2,Premium Customers
1805,30,Male,Sweater,Clothing,42,Louisiana,L,Peach,Winter,4.4,No,Next Day Air,No,39,Credit Card,Weekly,Young Adult,7,1680,0,39,Gold,0.275,0.7600000000000002,0.7755102040816325,0,49.47,Average,3,Loyal Customers
1806,41,Male,T-shirt,Clothing,62,Arizona,L,Gold,Spring,4.9,No,Store Pickup,No,46,Debit Card,Weekly,Adult,7,2914,0,46,Premium,0.525,0.9600000000000002,0.9183673469387754,0,67.75,Healthy,2,Premium Customers
1807,58,Male,Handbag,Accessories,67,Rhode Island,M,Green,Fall,3.9,No,Standard,No,24,Venmo,Annually,Senior,365,1675,0,24,Gold,0.5875,0.56,0.4693877551020408,0,48.78,Average,1,High-Spending Customers
1808,34,Male,Sneakers,Footwear,46,Vermont,L,Gold,Summer,3.5,No,Standard,No,37,Venmo,Fortnightly,Adult,14,1748,0,37,Gold,0.32500000000000007,0.40000000000000013,0.7346938775510203,0,43.04,Average,3,Loyal Customers
1809,67,Male,Jacket,Outerwear,71,Tennessee,M,Lavender,Spring,4.3,No,Next Day Air,No,7,Debit Card,Monthly,Senior,30,568,0,7,Bronze,0.6375000000000001,0.72,0.12244897959183673,0,43.57,Average,1,High-Spending Customers
1810,58,Male,Backpack,Accessories,99,Alaska,S,Blue,Fall,3.4,No,Free Shipping,No,6,Debit Card,Fortnightly,Senior,14,693,0,6,Silver,0.9875,0.3600000000000001,0.10204081632653061,0,49.76,Average,1,High-Spending Customers
1811,41,Male,Jeans,Clothing,28,Maryland,M,Magenta,Fall,2.7,No,Standard,No,16,Cash,Bi-Weekly,Adult,14,476,0,16,Bronze,0.10000000000000003,0.08000000000000007,0.3061224489795918,0,14.78,At Risk,0,At-Risk Customers
1812,42,Male,Belt,Accessories,77,Wisconsin,L,Blue,Summer,3.6,No,Standard,No,33,Bank Transfer,Annually,Adult,365,2618,0,33,Premium,0.7125,0.44000000000000017,0.6530612244897959,0,56.89,Average,2,Premium Customers
1813,50,Male,Boots,Footwear,63,Nevada,S,Blue,Summer,4.9,No,Express,No,18,PayPal,Bi-Weekly,Middle-aged,14,1197,0,18,Silver,0.5375000000000001,0.9600000000000002,0.346938775510204,0,51.11,Average,1,High-Spending Customers
1814,40,Male,Shorts,Clothing,62,Illinois,M,Olive,Spring,3.5,No,Free Shipping,No,24,PayPal,Weekly,Adult,7,1550,0,24,Gold,0.525,0.40000000000000013,0.4693877551020408,0,43.08,Average,3,Loyal Customers
1815,32,Male,Jeans,Clothing,92,Montana,M,White,Summer,3.8,No,Free Shipping,No,24,Cash,Quarterly,Adult,90,2300,0,24,Premium,0.9000000000000001,0.52,0.4693877551020408,0,60.48,Healthy,2,Premium Customers
1816,51,Male,Shoes,Footwear,72,New Mexico,L,White,Winter,4.5,No,2-Day Shipping,No,48,Credit Card,Every 3 Months,Middle-aged,90,3528,0,48,Premium,0.65,0.8,0.9591836734693877,0,70.78,Healthy,2,Premium Customers
1817,26,Male,Hat,Accessories,79,Virginia,M,Purple,Summer,4.0,No,Express,No,4,Cash,Weekly,Young Adult,7,395,0,4,Bronze,0.7375,0.6000000000000001,0.061224489795918366,0,43.34,Average,1,High-Spending Customers
1818,32,Male,T-shirt,Clothing,27,Delaware,M,White,Summer,4.7,No,Free Shipping,No,20,Cash,Weekly,Adult,7,567,0,20,Bronze,0.08750000000000002,0.8800000000000001,0.38775510204081626,0,32.73,At Risk,0,At-Risk Customers
1819,58,Male,Sunglasses,Accessories,39,North Carolina,M,White,Fall,3.8,No,Express,No,47,Debit Card,Every 3 Months,Senior,90,1872,0,47,Gold,0.23750000000000004,0.52,0.9387755102040816,0,48.06,Average,3,Loyal Customers
1820,51,Male,Socks,Clothing,86,Nevada,S,Peach,Spring,4.5,No,Next Day Air,No,50,Cash,Quarterly,Middle-aged,90,4386,0,50,Premium,0.825,0.8,1.0,0,79.0,Healthy,2,Premium Customers
1821,19,Male,Shirt,Clothing,94,Washington,XL,Gold,Fall,5.0,No,Express,No,31,PayPal,Monthly,Young Adult,30,3008,0,31,Premium,0.925,1.0,0.6122448979591836,0,75.37,Healthy,2,Premium Customers
1822,57,Male,Shorts,Clothing,53,Maine,M,Teal,Spring,2.8,No,Express,No,29,PayPal,Quarterly,Middle-aged,90,1590,0,29,Gold,0.4125000000000001,0.11999999999999988,0.5714285714285714,0,36.04,At Risk,3,Loyal Customers
1823,66,Male,Shirt,Clothing,85,Connecticut,S,Cyan,Summer,4.4,No,Standard,No,4,Cash,Annually,Senior,365,425,0,4,Bronze,0.8125,0.7600000000000002,0.061224489795918366,0,49.54,Average,1,High-Spending Customers
1824,62,Male,Socks,Clothing,50,Louisiana,L,Pink,Fall,4.7,No,Free Shipping,No,40,Bank Transfer,Bi-Weekly,Senior,14,2050,0,40,Gold,0.375,0.8800000000000001,0.7959183673469387,0,56.48,Average,3,Loyal Customers
1825,58,Male,Pants,Clothing,47,Illinois,XL,Magenta,Winter,3.8,No,Express,No,31,Cash,Monthly,Senior,30,1504,0,31,Gold,0.3375,0.52,0.6122448979591836,0,42.27,Average,3,Loyal Customers
1826,23,Male,Boots,Footwear,75,South Dakota,M,Pink,Winter,4.9,No,Next Day Air,No,41,Credit Card,Weekly,Young Adult,7,3150,0,41,Premium,0.6875,0.9600000000000002,0.8163265306122448,0,71.19,Healthy,2,Premium Customers
1827,45,Male,T-shirt,Clothing,60,Indiana,M,Turquoise,Winter,4.2,No,Express,No,44,Debit Card,Annually,Middle-aged,365,2700,0,44,Premium,0.5,0.6800000000000002,0.8775510204081631,0,59.93,Average,2,Premium Customers
1828,20,Male,T-shirt,Clothing,36,Vermont,S,Pink,Spring,4.9,No,2-Day Shipping,No,31,Bank Transfer,Weekly,Young Adult,7,1152,0,31,Silver,0.2,0.9600000000000002,0.6122448979591836,0,45.57,Average,3,Loyal Customers
1829,33,Male,Coat,Outerwear,80,New Hampshire,L,Gray,Spring,3.9,No,Express,No,45,Cash,Every 3 Months,Adult,90,3680,0,45,Premium,0.75,0.56,0.8979591836734693,0,68.14,Healthy,2,Premium Customers
1830,30,Male,Hat,Accessories,96,Oregon,M,White,Spring,4.9,No,2-Day Shipping,No,50,Credit Card,Quarterly,Young Adult,90,4896,0,50,Premium,0.9500000000000002,0.9600000000000002,1.0,0,87.2,Excellent,2,Premium Customers
1831,50,Male,Sunglasses,Accessories,80,Kansas,M,Blue,Winter,4.8,No,Express,No,7,Venmo,Annually,Middle-aged,365,640,0,7,Bronze,0.75,0.9199999999999999,0.12244897959183673,0,52.07,Average,1,High-Spending Customers
1832,62,Male,Blouse,Clothing,71,Maine,M,Cyan,Summer,3.3,No,Free Shipping,No,5,Bank Transfer,Every 3 Months,Senior,90,426,0,5,Bronze,0.6375000000000001,0.32000000000000006,0.08163265306122448,0,34.35,At Risk,1,High-Spending Customers
1833,69,Male,Jewelry,Accessories,29,Louisiana,M,Blue,Fall,4.6,No,Free Shipping,No,48,Cash,Monthly,Senior,30,1421,0,48,Gold,0.11250000000000004,0.8399999999999999,0.9591836734693877,0,50.08,Average,3,Loyal Customers
1834,34,Male,Jewelry,Accessories,53,Louisiana,M,Yellow,Spring,4.5,No,2-Day Shipping,No,19,PayPal,Fortnightly,Adult,14,1060,0,19,Silver,0.4125000000000001,0.8,0.36734693877551017,0,43.52,Average,1,High-Spending Customers
1835,49,Male,Skirt,Clothing,35,Indiana,M,Charcoal,Summer,4.1,No,2-Day Shipping,No,39,Venmo,Fortnightly,Middle-aged,14,1400,0,39,Gold,0.1875,0.6399999999999999,0.7755102040816325,0,43.57,Average,3,Loyal Customers
1836,65,Male,Scarf,Accessories,75,Kentucky,M,Lavender,Fall,3.2,No,2-Day Shipping,No,45,Credit Card,Quarterly,Senior,90,3450,0,45,Premium,0.6875,0.28000000000000025,0.8979591836734693,0,60.04,Healthy,2,Premium Customers
1837,66,Male,Pants,Clothing,52,South Carolina,M,Teal,Fall,4.2,No,2-Day Shipping,No,35,Credit Card,Monthly,Senior,30,1872,0,35,Gold,0.4,0.6800000000000002,0.693877551020408,0,50.42,Average,3,Loyal Customers
1838,41,Male,Hat,Accessories,77,Montana,M,Beige,Winter,4.8,No,Free Shipping,No,8,Venmo,Monthly,Adult,30,693,0,8,Silver,0.7125,0.9199999999999999,0.14285714285714285,0,51.19,Average,1,High-Spending Customers
1839,37,Male,Gloves,Accessories,24,Vermont,L,Blue,Fall,4.1,No,Next Day Air,No,11,Credit Card,Quarterly,Adult,90,288,0,11,Bronze,0.050000000000000044,0.6399999999999999,0.2040816326530612,0,20.92,At Risk,0,At-Risk Customers
1840,32,Male,Shirt,Clothing,78,Mississippi,XL,Purple,Winter,3.7,No,Store Pickup,No,32,Cash,Annually,Adult,365,2574,0,32,Premium,0.7250000000000001,0.4800000000000002,0.6326530612244897,0,57.58,Average,2,Premium Customers
1841,42,Male,Sandals,Footwear,98,Wyoming,M,Gold,Winter,2.6,No,Store Pickup,No,46,Bank Transfer,Every 3 Months,Adult,90,4606,0,46,Premium,0.9750000000000001,0.040000000000000036,0.9183673469387754,0,67.35,Healthy,2,Premium Customers
1842,31,Male,Socks,Clothing,57,Vermont,L,Blue,Winter,3.0,No,Standard,No,7,PayPal,Every 3 Months,Young Adult,90,456,0,7,Bronze,0.4625,0.20000000000000018,0.12244897959183673,0,26.17,At Risk,0,At-Risk Customers
1843,61,Male,Handbag,Accessories,78,Alabama,M,Black,Summer,4.4,No,Express,No,1,Debit Card,Annually,Senior,365,156,0,1,Bronze,0.7250000000000001,0.7600000000000002,0.0,0,44.2,Average,1,High-Spending Customers
1844,36,Male,Jacket,Outerwear,76,Kentucky,M,Charcoal,Fall,4.7,No,Next Day Air,No,32,Credit Card,Monthly,Adult,30,2508,0,32,Premium,0.7000000000000001,0.8800000000000001,0.6326530612244897,0,64.58,Healthy,2,Premium Customers
1845,60,Male,Shorts,Clothing,26,South Dakota,M,Purple,Spring,2.7,No,2-Day Shipping,No,31,Credit Card,Annually,Senior,365,832,0,31,Silver,0.07500000000000001,0.08000000000000007,0.6122448979591836,0,22.97,At Risk,0,At-Risk Customers
1846,51,Male,Sandals,Footwear,78,Delaware,M,Orange,Winter,2.8,No,2-Day Shipping,No,39,Bank Transfer,Quarterly,Middle-aged,90,3120,0,39,Premium,0.7250000000000001,0.11999999999999988,0.7755102040816325,0,54.67,Average,2,Premium Customers
1847,68,Male,Scarf,Accessories,53,Wisconsin,M,Yellow,Summer,2.9,No,Standard,No,9,Venmo,Quarterly,Senior,90,530,0,9,Bronze,0.4125000000000001,0.15999999999999992,0.16326530612244897,0,24.6,At Risk,0,At-Risk Customers
1848,46,Male,Sandals,Footwear,100,Arizona,XL,Cyan,Summer,4.4,No,Free Shipping,No,49,Credit Card,Weekly,Middle-aged,7,5000,0,49,Premium,1.0,0.7600000000000002,0.9795918367346937,0,84.59,Excellent,2,Premium Customers
1849,19,Male,Jeans,Clothing,73,Maine,XL,Yellow,Winter,2.7,No,Express,No,34,Cash,Every 3 Months,Young Adult,90,2555,0,34,Premium,0.6625000000000001,0.08000000000000007,0.673469387755102,0,48.3,Average,3,Loyal Customers
1850,30,Male,Skirt,Clothing,40,New Mexico,M,Maroon,Winter,4.5,No,Store Pickup,No,35,Bank Transfer,Monthly,Young Adult,30,1440,0,35,Gold,0.25,0.8,0.693877551020408,0,46.82,Average,3,Loyal Customers
1851,51,Male,Gloves,Accessories,76,Wyoming,S,Black,Winter,2.8,No,Store Pickup,No,50,Debit Card,Weekly,Middle-aged,7,3876,0,50,Premium,0.7000000000000001,0.11999999999999988,1.0,0,60.4,Healthy,2,Premium Customers
1852,28,Male,Skirt,Clothing,80,Delaware,S,Lavender,Fall,3.1,No,Free Shipping,No,4,Bank Transfer,Fortnightly,Young Adult,14,400,0,4,Bronze,0.75,0.2400000000000002,0.061224489795918366,0,36.64,At Risk,1,High-Spending Customers
1853,41,Male,Sweater,Clothing,80,Pennsylvania,XL,Violet,Winter,3.8,No,Store Pickup,No,32,Cash,Weekly,Adult,7,2640,0,32,Premium,0.75,0.52,0.6326530612244897,0,59.38,Average,2,Premium Customers
1854,29,Male,Blouse,Clothing,67,North Dakota,XL,Olive,Spring,2.9,No,Express,No,11,PayPal,Fortnightly,Young Adult,14,804,0,11,Silver,0.5875,0.15999999999999992,0.2040816326530612,0,32.82,At Risk,0,At-Risk Customers
1855,25,Male,Sweater,Clothing,61,Kentucky,M,Teal,Spring,3.8,No,Express,No,49,Credit Card,Annually,Young Adult,365,3050,0,49,Premium,0.5125000000000001,0.52,0.9795918367346937,0,60.29,Healthy,2,Premium Customers
1856,60,Male,Shirt,Clothing,76,Rhode Island,XL,Teal,Spring,4.7,No,Standard,No,9,Cash,Annually,Senior,365,760,0,9,Silver,0.7000000000000001,0.8800000000000001,0.16326530612244897,0,50.5,Average,1,High-Spending Customers
1857,63,Male,Jewelry,Accessories,55,Arizona,XL,Beige,Summer,3.2,No,Free Shipping,No,30,PayPal,Bi-Weekly,Senior,14,1705,0,30,Gold,0.4375,0.28000000000000025,0.5918367346938774,0,40.86,Average,3,Loyal Customers
1858,51,Male,T-shirt,Clothing,85,Colorado,L,Maroon,Summer,4.0,No,Next Day Air,No,33,Cash,Monthly,Middle-aged,30,2890,0,33,Premium,0.8125,0.6000000000000001,0.6530612244897959,0,64.09,Healthy,2,Premium Customers
1859,22,Male,Scarf,Accessories,69,Maine,S,Peach,Spring,4.9,No,2-Day Shipping,No,8,Debit Card,Annually,Young Adult,365,621,0,8,Bronze,0.6125,0.9600000000000002,0.14285714285714285,0,47.99,Average,1,High-Spending Customers
1860,54,Male,Belt,Accessories,26,New Jersey,L,Beige,Summer,3.7,No,Store Pickup,No,29,Debit Card,Fortnightly,Middle-aged,14,780,0,29,Silver,0.07500000000000001,0.4800000000000002,0.5714285714285714,0,29.74,At Risk,0,At-Risk Customers
1861,18,Male,T-shirt,Clothing,64,Kansas,M,Silver,Summer,4.8,No,Next Day Air,No,4,Credit Card,Monthly,Young Adult,30,320,0,4,Bronze,0.55,0.9199999999999999,0.061224489795918366,0,42.24,Average,1,High-Spending Customers
1862,29,Male,Sneakers,Footwear,60,South Dakota,S,Peach,Fall,3.6,No,Standard,No,19,Debit Card,Monthly,Young Adult,30,1200,0,19,Silver,0.5,0.44000000000000017,0.36734693877551017,0,39.82,At Risk,1,High-Spending Customers
1863,59,Male,Gloves,Accessories,36,New Hampshire,M,Turquoise,Winter,4.6,No,Express,No,10,PayPal,Fortnightly,Senior,14,396,0,10,Bronze,0.2,0.8399999999999999,0.18367346938775508,0,30.31,At Risk,0,At-Risk Customers
1864,25,Male,Sandals,Footwear,21,Connecticut,L,Orange,Spring,4.3,No,2-Day Shipping,No,39,Debit Card,Monthly,Young Adult,30,840,0,39,Silver,0.012500000000000011,0.72,0.7755102040816325,0,38.17,At Risk,3,Loyal Customers
1865,19,Male,Backpack,Accessories,72,Wyoming,S,Cyan,Fall,3.2,No,2-Day Shipping,No,21,Venmo,Quarterly,Young Adult,90,1584,0,21,Gold,0.65,0.28000000000000025,0.4081632653061224,0,43.84,Average,1,High-Spending Customers
1866,56,Male,Pants,Clothing,62,Missouri,S,Silver,Summer,3.8,No,Store Pickup,No,12,Bank Transfer,Monthly,Middle-aged,30,806,0,12,Silver,0.525,0.52,0.22448979591836735,0,38.13,At Risk,1,High-Spending Customers
1867,31,Male,T-shirt,Clothing,44,Alaska,XL,Gold,Winter,4.2,No,Standard,No,9,Credit Card,Fortnightly,Young Adult,14,440,0,9,Bronze,0.30000000000000004,0.6800000000000002,0.16326530612244897,0,30.5,At Risk,0,At-Risk Customers
1868,45,Male,Skirt,Clothing,52,Delaware,M,Brown,Fall,3.4,No,2-Day Shipping,No,20,Venmo,Quarterly,Middle-aged,90,1092,0,20,Silver,0.4,0.3600000000000001,0.38775510204081626,0,34.83,At Risk,0,At-Risk Customers
1869,23,Male,Gloves,Accessories,58,Indiana,M,Silver,Spring,4.7,No,Next Day Air,No,44,Cash,Fortnightly,Young Adult,14,2610,0,44,Premium,0.4750000000000001,0.8800000000000001,0.8775510204081631,0,62.93,Healthy,2,Premium Customers
1870,18,Male,Blouse,Clothing,77,West Virginia,S,Beige,Spring,3.9,No,2-Day Shipping,No,16,Debit Card,Every 3 Months,Young Adult,90,1309,0,16,Silver,0.7125,0.56,0.3061224489795918,0,48.88,Average,1,High-Spending Customers
1871,43,Male,Blouse,Clothing,99,Wyoming,L,Violet,Spring,4.3,No,Store Pickup,No,27,Debit Card,Fortnightly,Adult,14,2772,0,27,Premium,0.9875,0.72,0.5306122448979591,0,69.82,Healthy,2,Premium Customers
1872,56,Male,Jeans,Clothing,96,Illinois,XL,Violet,Fall,2.7,No,Standard,No,14,Cash,Every 3 Months,Middle-aged,90,1440,0,14,Gold,0.9500000000000002,0.08000000000000007,0.26530612244897955,0,47.56,Average,1,High-Spending Customers
1873,43,Male,T-shirt,Clothing,64,Alaska,M,Lavender,Summer,4.6,No,Standard,No,24,Credit Card,Monthly,Adult,30,1600,0,24,Gold,0.55,0.8399999999999999,0.4693877551020408,0,52.88,Average,1,High-Spending Customers
1874,64,Male,Sweater,Clothing,44,Wisconsin,XL,Red,Fall,2.9,No,Express,No,49,Bank Transfer,Weekly,Senior,7,2200,0,49,Gold,0.30000000000000004,0.15999999999999992,0.9795918367346937,0,44.59,Average,3,Loyal Customers
1875,67,Male,Pants,Clothing,33,Indiana,L,Purple,Fall,3.6,No,Free Shipping,No,14,Cash,Weekly,Senior,7,495,0,14,Bronze,0.16250000000000003,0.44000000000000017,0.26530612244897955,0,23.26,At Risk,0,At-Risk Customers
1876,63,Male,Boots,Footwear,71,Tennessee,M,Brown,Winter,3.9,No,Next Day Air,No,6,Credit Card,Quarterly,Senior,90,497,0,6,Bronze,0.6375000000000001,0.56,0.10204081632653061,0,39.76,At Risk,1,High-Spending Customers
1877,54,Male,Skirt,Clothing,36,Illinois,M,Gray,Fall,2.6,No,Standard,No,20,Venmo,Quarterly,Middle-aged,90,756,0,20,Silver,0.2,0.040000000000000036,0.38775510204081626,0,20.43,At Risk,0,At-Risk Customers
1878,69,Male,Gloves,Accessories,62,Pennsylvania,L,Pink,Fall,3.6,No,Express,No,3,Credit Card,Annually,Senior,365,248,0,3,Bronze,0.525,0.44000000000000017,0.04081632653061225,0,31.02,At Risk,0,At-Risk Customers
1879,34,Male,Socks,Clothing,29,Oklahoma,L,Magenta,Summer,3.4,No,Store Pickup,No,5,Credit Card,Monthly,Adult,30,174,0,5,Bronze,0.11250000000000004,0.3600000000000001,0.08163265306122448,0,14.15,At Risk,0,At-Risk Customers
1880,56,Male,T-shirt,Clothing,33,Tennessee,L,Charcoal,Spring,3.5,No,Express,No,46,Cash,Bi-Weekly,Middle-aged,14,1551,0,46,Gold,0.16250000000000003,0.40000000000000013,0.9183673469387754,0,42.05,Average,3,Loyal Customers
1881,34,Male,Blouse,Clothing,33,New Jersey,L,Yellow,Fall,3.1,No,2-Day Shipping,No,8,Debit Card,Monthly,Adult,30,297,0,8,Bronze,0.16250000000000003,0.2400000000000002,0.14285714285714285,0,15.59,At Risk,0,At-Risk Customers
1882,58,Male,Blouse,Clothing,41,New Jersey,M,Red,Winter,4.3,No,Standard,No,13,Cash,Bi-Weekly,Senior,14,574,0,13,Bronze,0.26250000000000007,0.72,0.24489795918367344,0,32.25,At Risk,0,At-Risk Customers
1883,44,Male,Scarf,Accessories,54,Tennessee,L,Blue,Winter,5.0,No,Store Pickup,No,25,Bank Transfer,Quarterly,Adult,90,1404,0,25,Gold,0.42500000000000004,1.0,0.4897959183673469,0,51.69,Average,1,High-Spending Customers
1884,25,Male,Backpack,Accessories,58,Georgia,M,Cyan,Spring,4.9,No,Store Pickup,No,39,Debit Card,Fortnightly,Young Adult,14,2320,0,39,Premium,0.4750000000000001,0.9600000000000002,0.7755102040816325,0,61.47,Healthy,2,Premium Customers
1885,27,Male,Shorts,Clothing,30,Arizona,S,Pink,Summer,4.3,No,Next Day Air,No,15,Bank Transfer,Bi-Weekly,Young Adult,14,480,0,15,Bronze,0.125,0.72,0.28571428571428564,0,27.97,At Risk,0,At-Risk Customers
1886,26,Male,Jewelry,Accessories,53,Nevada,S,Maroon,Winter,4.4,No,Standard,No,35,Cash,Monthly,Young Adult,30,1908,0,35,Gold,0.4125000000000001,0.7600000000000002,0.693877551020408,0,52.52,Average,3,Loyal Customers
1887,18,Male,Gloves,Accessories,91,Arkansas,L,Beige,Spring,4.4,No,Next Day Air,No,46,Cash,Bi-Weekly,Young Adult,14,4277,0,46,Premium,0.8875,0.7600000000000002,0.9183673469387754,0,78.25,Healthy,2,Premium Customers
1888,64,Male,Hoodie,Clothing,44,North Dakota,XL,Gold,Fall,3.5,No,Express,No,3,PayPal,Monthly,Senior,30,176,0,3,Bronze,0.30000000000000004,0.40000000000000013,0.04081632653061225,0,21.22,At Risk,0,At-Risk Customers
1889,62,Male,Hoodie,Clothing,89,South Dakota,XL,Turquoise,Winter,3.4,No,Free Shipping,No,48,Credit Card,Weekly,Senior,7,4361,0,48,Premium,0.8625,0.3600000000000001,0.9591836734693877,0,70.48,Healthy,2,Premium Customers
1890,59,Male,Skirt,Clothing,57,North Carolina,L,Peach,Spring,2.5,No,Next Day Air,No,27,Bank Transfer,Weekly,Senior,7,1596,0,27,Gold,0.4625,0.0,0.5306122448979591,0,34.42,At Risk,3,Loyal Customers
1891,36,Male,Sunglasses,Accessories,57,Hawaii,M,Lavender,Spring,3.4,No,Store Pickup,No,5,Credit Card,Weekly,Adult,7,342,0,5,Bronze,0.4625,0.3600000000000001,0.08163265306122448,0,28.15,At Risk,0,At-Risk Customers
1892,69,Male,Jewelry,Accessories,74,New Hampshire,M,Gray,Summer,2.6,No,Next Day Air,No,48,Debit Card,Quarterly,Senior,90,3626,0,48,Premium,0.675,0.040000000000000036,0.9591836734693877,0,56.58,Average,2,Premium Customers
1893,39,Male,Jacket,Outerwear,30,California,M,Blue,Fall,4.6,No,2-Day Shipping,No,12,Venmo,Weekly,Adult,7,390,0,12,Bronze,0.125,0.8399999999999999,0.22448979591836735,0,28.53,At Risk,0,At-Risk Customers
1894,28,Male,Dress,Clothing,20,Delaware,L,Red,Summer,3.7,No,Express,No,10,PayPal,Fortnightly,Young Adult,14,220,0,10,Bronze,0.0,0.4800000000000002,0.18367346938775508,0,15.11,At Risk,0,At-Risk Customers
1895,42,Male,Hoodie,Clothing,90,Arizona,M,Purple,Fall,2.5,No,Free Shipping,No,48,Debit Card,Bi-Weekly,Adult,14,4410,0,48,Premium,0.875,0.0,0.9591836734693877,0,63.78,Healthy,2,Premium Customers
1896,31,Male,Jeans,Clothing,61,Washington,L,Indigo,Fall,4.5,No,Express,No,3,Debit Card,Monthly,Young Adult,30,244,0,3,Bronze,0.5125000000000001,0.8,0.04081632653061225,0,37.72,At Risk,1,High-Spending Customers
1897,57,Male,Sandals,Footwear,51,Nevada,M,Gold,Fall,2.9,No,Standard,No,19,Venmo,Monthly,Middle-aged,30,1020,0,19,Silver,0.38750000000000007,0.15999999999999992,0.36734693877551017,0,29.72,At Risk,0,At-Risk Customers
1898,53,Male,Sunglasses,Accessories,97,Alaska,L,Teal,Winter,2.9,No,Free Shipping,No,11,Debit Card,Fortnightly,Middle-aged,14,1164,0,11,Silver,0.9625000000000001,0.15999999999999992,0.2040816326530612,0,47.82,Average,1,High-Spending Customers
1899,59,Male,Pants,Clothing,97,Texas,L,Magenta,Fall,3.5,No,Next Day Air,No,25,Venmo,Monthly,Senior,30,2522,0,25,Premium,0.9625000000000001,0.40000000000000013,0.4897959183673469,0,61.19,Healthy,2,Premium Customers
1900,32,Male,Shorts,Clothing,40,New York,L,Maroon,Winter,4.2,No,Store Pickup,No,42,PayPal,Weekly,Adult,7,1720,0,42,Gold,0.25,0.6800000000000002,0.836734693877551,0,48.7,Average,3,Loyal Customers
1901,65,Male,Jewelry,Accessories,85,Iowa,S,Blue,Summer,3.3,No,Free Shipping,No,34,Cash,Quarterly,Senior,90,2975,0,34,Premium,0.8125,0.32000000000000006,0.673469387755102,0,59.1,Average,2,Premium Customers
1902,56,Male,Socks,Clothing,76,Arizona,S,Beige,Winter,3.9,No,Store Pickup,No,50,Cash,Quarterly,Middle-aged,90,3876,0,50,Premium,0.7000000000000001,0.56,1.0,0,69.2,Healthy,2,Premium Customers
1903,31,Male,Sandals,Footwear,22,New Mexico,S,Olive,Spring,5.0,No,Store Pickup,No,21,Venmo,Monthly,Young Adult,30,484,0,21,Bronze,0.025000000000000022,1.0,0.4081632653061224,0,33.24,At Risk,0,At-Risk Customers
1904,59,Male,Pants,Clothing,63,North Carolina,M,Gold,Summer,3.3,No,Standard,No,37,Bank Transfer,Weekly,Senior,7,2394,0,37,Premium,0.5375000000000001,0.32000000000000006,0.7346938775510203,0,49.94,Average,3,Loyal Customers
1905,22,Male,T-shirt,Clothing,71,Nevada,S,Silver,Spring,4.2,No,Free Shipping,No,46,Cash,Monthly,Young Adult,30,3337,0,46,Premium,0.6375000000000001,0.6800000000000002,0.9183673469387754,0,66.65,Healthy,2,Premium Customers
1906,47,Male,Boots,Footwear,35,Idaho,M,Teal,Summer,4.9,No,2-Day Shipping,No,14,Bank Transfer,Fortnightly,Middle-aged,14,525,0,14,Bronze,0.1875,0.9600000000000002,0.26530612244897955,0,34.66,At Risk,0,At-Risk Customers
1907,23,Male,Backpack,Accessories,30,Vermont,M,Green,Spring,4.6,No,2-Day Shipping,No,24,PayPal,Fortnightly,Young Adult,14,750,0,24,Silver,0.125,0.8399999999999999,0.4693877551020408,0,35.88,At Risk,0,At-Risk Customers
1908,69,Male,Skirt,Clothing,74,New Mexico,L,Orange,Fall,4.8,No,Store Pickup,No,36,Credit Card,Every 3 Months,Senior,90,2738,0,36,Premium,0.675,0.9199999999999999,0.7142857142857142,0,66.83,Healthy,2,Premium Customers
1909,18,Male,Scarf,Accessories,71,Georgia,XL,Charcoal,Winter,2.7,No,Next Day Air,No,19,Debit Card,Bi-Weekly,Young Adult,14,1420,0,19,Gold,0.6375000000000001,0.08000000000000007,0.36734693877551017,0,38.12,At Risk,1,High-Spending Customers
1910,50,Male,Sweater,Clothing,84,Kentucky,S,Black,Spring,4.3,No,Store Pickup,No,12,Credit Card,Monthly,Middle-aged,30,1092,0,12,Silver,0.8,0.72,0.22448979591836735,0,53.13,Average,1,High-Spending Customers
1911,29,Male,Sandals,Footwear,38,New York,S,Yellow,Fall,3.8,No,Express,No,13,Debit Card,Quarterly,Young Adult,90,532,0,13,Bronze,0.22500000000000003,0.52,0.24489795918367344,0,26.75,At Risk,0,At-Risk Customers
1912,65,Male,Jewelry,Accessories,81,Arizona,M,Gray,Spring,4.9,No,Express,No,32,Debit Card,Bi-Weekly,Senior,14,2673,0,32,Premium,0.7625,0.9600000000000002,0.6326530612244897,0,68.68,Healthy,2,Premium Customers
1913,29,Male,Sweater,Clothing,56,Colorado,S,Charcoal,Winter,3.4,No,2-Day Shipping,No,5,Credit Card,Bi-Weekly,Young Adult,14,336,0,5,Bronze,0.45000000000000007,0.3600000000000001,0.08163265306122448,0,27.65,At Risk,0,At-Risk Customers
1914,49,Male,Skirt,Clothing,48,Kentucky,M,Peach,Winter,3.6,No,Express,No,29,Cash,Annually,Middle-aged,365,1440,0,29,Gold,0.3500000000000001,0.44000000000000017,0.5714285714285714,0,39.94,At Risk,3,Loyal Customers
1915,28,Male,Shorts,Clothing,97,Alaska,L,Green,Fall,3.4,No,Standard,No,40,Credit Card,Fortnightly,Young Adult,14,3977,0,40,Premium,0.9625000000000001,0.3600000000000001,0.7959183673469387,0,69.58,Healthy,2,Premium Customers
1916,51,Male,Backpack,Accessories,74,Alabama,M,Magenta,Fall,4.7,No,2-Day Shipping,No,44,Cash,Weekly,Middle-aged,7,3330,0,44,Premium,0.675,0.8800000000000001,0.8775510204081631,0,70.93,Healthy,2,Premium Customers
1917,26,Male,Hoodie,Clothing,50,Connecticut,S,Beige,Winter,3.0,No,Next Day Air,No,3,Debit Card,Bi-Weekly,Young Adult,14,200,0,3,Bronze,0.375,0.20000000000000018,0.04081632653061225,0,20.22,At Risk,0,At-Risk Customers
1918,38,Male,Skirt,Clothing,71,Hawaii,L,Black,Winter,3.4,No,Free Shipping,No,35,PayPal,Bi-Weekly,Adult,14,2556,0,35,Premium,0.6375000000000001,0.3600000000000001,0.693877551020408,0,53.52,Average,2,Premium Customers
1919,35,Male,Skirt,Clothing,33,Idaho,S,Purple,Summer,4.6,No,Standard,No,33,Debit Card,Monthly,Adult,30,1122,0,33,Silver,0.16250000000000003,0.8399999999999999,0.6530612244897959,0,42.89,Average,3,Loyal Customers
1920,34,Male,Backpack,Accessories,56,Virginia,M,Olive,Summer,3.1,No,Express,No,20,PayPal,Bi-Weekly,Adult,14,1176,0,20,Silver,0.45000000000000007,0.2400000000000002,0.38775510204081626,0,34.43,At Risk,0,At-Risk Customers
1921,51,Male,Blouse,Clothing,84,Connecticut,M,Purple,Spring,2.8,No,Standard,No,40,Cash,Every 3 Months,Middle-aged,90,3444,0,40,Premium,0.8,0.11999999999999988,0.7959183673469387,0,58.28,Average,2,Premium Customers
1922,47,Male,Shirt,Clothing,36,Michigan,M,Green,Fall,3.5,No,Store Pickup,No,13,Venmo,Annually,Middle-aged,365,504,0,13,Bronze,0.2,0.40000000000000013,0.24489795918367344,0,23.35,At Risk,0,At-Risk Customers
1923,18,Male,Gloves,Accessories,63,Kentucky,S,Peach,Summer,4.6,No,Standard,No,9,PayPal,Monthly,Young Adult,30,630,0,9,Bronze,0.5375000000000001,0.8399999999999999,0.16326530612244897,0,43.2,Average,1,High-Spending Customers
1924,64,Male,Sandals,Footwear,36,Nebraska,XL,Blue,Summer,4.3,No,Standard,No,7,Cash,Annually,Senior,365,288,0,7,Bronze,0.2,0.72,0.12244897959183673,0,26.07,At Risk,0,At-Risk Customers
1925,30,Male,Jacket,Outerwear,63,Michigan,M,Gray,Fall,4.8,No,Free Shipping,No,42,PayPal,Quarterly,Young Adult,90,2709,0,42,Premium,0.5375000000000001,0.9199999999999999,0.836734693877551,0,65.0,Healthy,2,Premium Customers
1926,59,Male,Sneakers,Footwear,32,Utah,L,Black,Winter,2.9,No,Express,No,44,Credit Card,Fortnightly,Senior,14,1440,0,44,Gold,0.15000000000000002,0.15999999999999992,0.8775510204081631,0,35.53,At Risk,3,Loyal Customers
1927,66,Male,Backpack,Accessories,93,New Mexico,M,Silver,Spring,3.0,No,Express,No,6,PayPal,Annually,Senior,365,651,0,6,Bronze,0.9125000000000001,0.20000000000000018,0.10204081632653061,0,43.56,Average,1,High-Spending Customers
1928,40,Male,Pants,Clothing,29,Florida,M,Pink,Summer,2.9,No,Standard,No,8,Cash,Every 3 Months,Adult,90,261,0,8,Bronze,0.11250000000000004,0.15999999999999992,0.14285714285714285,0,11.99,At Risk,0,At-Risk Customers
1929,25,Male,Sunglasses,Accessories,92,Mississippi,S,Lavender,Summer,3.7,No,Standard,No,10,PayPal,Weekly,Young Adult,7,1012,0,10,Silver,0.9000000000000001,0.4800000000000002,0.18367346938775508,0,51.11,Average,1,High-Spending Customers
1930,59,Male,Jeans,Clothing,33,Hawaii,L,Brown,Fall,4.7,No,Standard,No,46,Venmo,Quarterly,Senior,90,1551,0,46,Gold,0.16250000000000003,0.8800000000000001,0.9183673469387754,0,51.65,Average,3,Loyal Customers
1931,66,Male,Pants,Clothing,52,North Carolina,L,Turquoise,Spring,3.5,No,Store Pickup,No,26,Cash,Weekly,Senior,7,1404,0,26,Gold,0.4,0.40000000000000013,0.510204081632653,0,39.31,At Risk,3,Loyal Customers
1932,54,Male,Jewelry,Accessories,42,Illinois,S,Olive,Spring,2.7,No,Store Pickup,No,6,Debit Card,Every 3 Months,Middle-aged,90,294,0,6,Bronze,0.275,0.08000000000000007,0.10204081632653061,0,15.66,At Risk,0,At-Risk Customers
1933,42,Male,Hoodie,Clothing,36,Maryland,M,White,Spring,5.0,No,Free Shipping,No,47,Credit Card,Every 3 Months,Adult,90,1728,0,47,Gold,0.2,1.0,0.9387755102040816,0,56.16,Average,3,Loyal Customers
1934,48,Male,Sandals,Footwear,67,Montana,L,Violet,Summer,4.1,No,Next Day Air,No,28,Venmo,Annually,Middle-aged,365,1943,0,28,Gold,0.5875,0.6399999999999999,0.5510204081632653,0,52.83,Average,1,High-Spending Customers
1935,34,Male,Jacket,Outerwear,43,Michigan,L,Gold,Winter,2.7,No,Free Shipping,No,23,Bank Transfer,Annually,Adult,365,1032,0,23,Silver,0.2875,0.08000000000000007,0.44897959183673464,0,26.57,At Risk,0,At-Risk Customers
1936,19,Male,Blouse,Clothing,68,North Carolina,XL,Violet,Spring,4.8,No,Free Shipping,No,45,Cash,Fortnightly,Young Adult,14,3128,0,45,Premium,0.6000000000000001,0.9199999999999999,0.8979591836734693,0,69.34,Healthy,2,Premium Customers
1937,70,Male,Jewelry,Accessories,60,Minnesota,S,Teal,Summer,4.3,No,2-Day Shipping,No,44,PayPal,Every 3 Months,Senior,90,2700,0,44,Premium,0.5,0.72,0.8775510204081631,0,60.73,Healthy,2,Premium Customers
1938,43,Male,Socks,Clothing,53,Delaware,M,Olive,Summer,4.5,No,2-Day Shipping,No,11,Bank Transfer,Monthly,Adult,30,636,0,11,Bronze,0.4125000000000001,0.8,0.2040816326530612,0,38.62,At Risk,1,High-Spending Customers
1939,46,Male,Jeans,Clothing,23,Kentucky,L,Blue,Spring,3.8,No,Standard,No,39,Debit Card,Bi-Weekly,Middle-aged,14,920,0,39,Silver,0.03750000000000003,0.52,0.7755102040816325,0,35.17,At Risk,3,Loyal Customers
1940,66,Male,Gloves,Accessories,57,Ohio,L,Magenta,Winter,3.7,No,Store Pickup,No,20,PayPal,Every 3 Months,Senior,90,1197,0,20,Silver,0.4625,0.4800000000000002,0.38775510204081626,0,39.73,At Risk,1,High-Spending Customers
1941,50,Male,Hat,Accessories,89,Alaska,L,Gray,Fall,3.9,No,2-Day Shipping,No,48,PayPal,Fortnightly,Middle-aged,14,4361,0,48,Premium,0.8625,0.56,0.9591836734693877,0,74.48,Healthy,2,Premium Customers
1942,55,Male,Shoes,Footwear,99,Vermont,XL,Peach,Winter,3.3,No,Standard,No,46,Credit Card,Quarterly,Middle-aged,90,4653,0,46,Premium,0.9875,0.32000000000000006,0.9183673469387754,0,73.45,Healthy,2,Premium Customers
1943,63,Male,Pants,Clothing,28,Alabama,M,Cyan,Fall,3.4,No,Express,No,22,PayPal,Monthly,Senior,30,644,0,22,Bronze,0.10000000000000003,0.3600000000000001,0.4285714285714285,0,24.06,At Risk,0,At-Risk Customers
1944,32,Male,Socks,Clothing,53,Wisconsin,L,Violet,Summer,3.8,No,Next Day Air,No,45,Cash,Annually,Adult,365,2438,0,45,Premium,0.4125000000000001,0.52,0.8979591836734693,0,53.84,Average,3,Loyal Customers
1945,30,Male,Hoodie,Clothing,45,Arkansas,M,Gold,Winter,2.7,No,Free Shipping,No,49,Cash,Every 3 Months,Young Adult,90,2250,0,49,Gold,0.3125,0.08000000000000007,0.9795918367346937,0,43.49,Average,3,Loyal Customers
1946,35,Male,Hoodie,Clothing,38,Georgia,M,Gold,Winter,2.9,No,2-Day Shipping,No,9,Credit Card,Every 3 Months,Adult,90,380,0,9,Bronze,0.22500000000000003,0.15999999999999992,0.16326530612244897,0,17.1,At Risk,0,At-Risk Customers
1947,59,Male,Pants,Clothing,49,Louisiana,M,White,Summer,4.5,No,Standard,No,41,Credit Card,Quarterly,Senior,90,2058,0,41,Gold,0.36250000000000004,0.8,0.8163265306122448,0,54.99,Average,3,Loyal Customers
1948,59,Male,Shirt,Clothing,32,New York,M,Gray,Summer,2.6,No,Store Pickup,No,2,PayPal,Monthly,Senior,30,96,0,2,Bronze,0.15000000000000002,0.040000000000000036,0.02040816326530612,0,7.41,At Risk,0,At-Risk Customers
1949,54,Male,T-shirt,Clothing,37,Connecticut,L,Brown,Winter,3.1,No,Next Day Air,No,39,PayPal,Bi-Weekly,Middle-aged,14,1480,0,39,Gold,0.21250000000000002,0.2400000000000002,0.7755102040816325,0,36.57,At Risk,3,Loyal Customers
1950,63,Male,Dress,Clothing,80,Nebraska,L,Gray,Winter,4.7,No,Store Pickup,No,12,PayPal,Quarterly,Senior,90,1040,0,12,Silver,0.75,0.8800000000000001,0.22448979591836735,0,54.33,Average,1,High-Spending Customers
1951,43,Male,Backpack,Accessories,78,Arkansas,L,Blue,Summer,4.6,No,Free Shipping,No,26,PayPal,Every 3 Months,Adult,90,2106,0,26,Gold,0.7250000000000001,0.8399999999999999,0.510204081632653,0,61.11,Healthy,2,Premium Customers
1952,33,Male,Gloves,Accessories,53,Connecticut,L,Gold,Summer,2.7,No,Next Day Air,No,32,Bank Transfer,Bi-Weekly,Adult,14,1749,0,32,Gold,0.4125000000000001,0.08000000000000007,0.6326530612244897,0,37.08,At Risk,3,Loyal Customers
1953,57,Male,Shoes,Footwear,82,Maryland,L,Yellow,Summer,4.6,No,2-Day Shipping,No,50,Cash,Bi-Weekly,Middle-aged,14,4182,0,50,Premium,0.7750000000000001,0.8399999999999999,1.0,0,77.8,Healthy,2,Premium Customers
1954,25,Male,Skirt,Clothing,33,Colorado,XL,Green,Spring,4.8,No,Standard,No,3,PayPal,Fortnightly,Young Adult,14,132,0,3,Bronze,0.16250000000000003,0.9199999999999999,0.04081632653061225,0,26.12,At Risk,0,At-Risk Customers
1955,26,Male,Gloves,Accessories,77,Colorado,M,Pink,Winter,4.2,No,Free Shipping,No,3,Venmo,Quarterly,Young Adult,90,308,0,3,Bronze,0.7125,0.6800000000000002,0.04081632653061225,0,43.32,Average,1,High-Spending Customers
1956,50,Male,Hoodie,Clothing,56,Maine,M,Pink,Winter,4.9,No,Express,No,37,Cash,Monthly,Middle-aged,30,2128,0,37,Gold,0.45000000000000007,0.9600000000000002,0.7346938775510203,0,59.24,Average,3,Loyal Customers
1957,70,Male,Socks,Clothing,37,Oklahoma,M,Pink,Winter,4.9,No,Express,No,20,Credit Card,Fortnightly,Senior,14,777,0,20,Silver,0.21250000000000002,0.9600000000000002,0.38775510204081626,0,39.33,At Risk,0,At-Risk Customers
1958,68,Male,Gloves,Accessories,54,South Carolina,M,Cyan,Spring,4.5,No,Store Pickup,No,26,Cash,Bi-Weekly,Senior,14,1458,0,26,Gold,0.42500000000000004,0.8,0.510204081632653,0,48.31,Average,3,Loyal Customers
1959,39,Male,Shorts,Clothing,67,Nevada,M,Gray,Winter,2.7,No,Store Pickup,No,47,Cash,Quarterly,Adult,90,3216,0,47,Premium,0.5875,0.08000000000000007,0.9387755102040816,0,53.26,Average,2,Premium Customers
1960,46,Male,Shoes,Footwear,90,Colorado,M,White,Fall,3.1,No,Store Pickup,No,7,Credit Card,Every 3 Months,Middle-aged,90,720,0,7,Silver,0.875,0.2400000000000002,0.12244897959183673,0,43.47,Average,1,High-Spending Customers
1961,57,Male,Jeans,Clothing,72,Massachusetts,L,Red,Summer,3.3,No,2-Day Shipping,No,40,Credit Card,Annually,Middle-aged,365,2952,0,40,Premium,0.65,0.32000000000000006,0.7959183673469387,0,56.28,Average,2,Premium Customers
1962,47,Male,Boots,Footwear,59,Nevada,L,Black,Summer,2.6,No,Free Shipping,No,45,Debit Card,Quarterly,Middle-aged,90,2714,0,45,Premium,0.48750000000000004,0.040000000000000036,0.8979591836734693,0,47.24,Average,3,Loyal Customers
1963,40,Male,Hat,Accessories,45,Iowa,M,Silver,Fall,4.4,No,Standard,No,20,PayPal,Fortnightly,Adult,14,945,0,20,Silver,0.3125,0.7600000000000002,0.38775510204081626,0,39.33,At Risk,0,At-Risk Customers
1964,52,Male,Shorts,Clothing,30,Michigan,L,Pink,Spring,3.9,No,Standard,No,11,Credit Card,Weekly,Middle-aged,7,360,0,11,Bronze,0.125,0.56,0.2040816326530612,0,22.32,At Risk,0,At-Risk Customers
1965,40,Male,Pants,Clothing,51,West Virginia,S,Cyan,Summer,4.6,No,Express,No,50,Debit Card,Monthly,Adult,30,2601,0,50,Premium,0.38750000000000007,0.8399999999999999,1.0,0,62.3,Healthy,2,Premium Customers
1966,67,Male,Sweater,Clothing,90,Indiana,M,White,Fall,4.9,No,Express,No,25,Debit Card,Quarterly,Senior,90,2340,0,25,Premium,0.875,0.9600000000000002,0.4897959183673469,0,68.89,Healthy,2,Premium Customers
1967,67,Male,Jacket,Outerwear,95,Indiana,XL,Purple,Winter,3.7,No,Express,No,5,Credit Card,Fortnightly,Senior,14,570,0,5,Bronze,0.9375,0.4800000000000002,0.08163265306122448,0,49.55,Average,1,High-Spending Customers
1968,37,Male,Dress,Clothing,81,Georgia,L,Yellow,Fall,3.7,No,Standard,No,4,Venmo,Annually,Adult,365,405,0,4,Bronze,0.7625,0.4800000000000002,0.061224489795918366,0,41.94,Average,1,High-Spending Customers
1969,67,Male,Shirt,Clothing,70,Minnesota,S,Blue,Spring,4.2,No,Standard,No,25,Credit Card,Weekly,Senior,7,1820,0,25,Gold,0.625,0.6800000000000002,0.4897959183673469,0,53.29,Average,1,High-Spending Customers
1970,64,Male,Dress,Clothing,32,Louisiana,S,Cyan,Winter,3.5,No,Next Day Air,No,11,Bank Transfer,Fortnightly,Senior,14,384,0,11,Bronze,0.15000000000000002,0.40000000000000013,0.2040816326530612,0,20.12,At Risk,0,At-Risk Customers
1971,28,Male,Belt,Accessories,94,Maryland,M,Indigo,Spring,2.9,No,Next Day Air,No,4,Credit Card,Bi-Weekly,Young Adult,14,470,0,4,Bronze,0.925,0.15999999999999992,0.061224489795918366,0,42.04,Average,1,High-Spending Customers
1972,54,Male,Hat,Accessories,29,Pennsylvania,XL,Indigo,Spring,3.4,No,Next Day Air,No,1,Venmo,Monthly,Middle-aged,30,58,0,1,Bronze,0.11250000000000004,0.3600000000000001,0.0,0,11.7,At Risk,0,At-Risk Customers
1973,54,Male,Backpack,Accessories,31,Louisiana,M,Silver,Summer,3.3,No,Express,No,48,PayPal,Every 3 Months,Middle-aged,90,1519,0,48,Gold,0.1375,0.32000000000000006,0.9591836734693877,0,40.68,Average,3,Loyal Customers
1974,24,Male,Skirt,Clothing,20,Maryland,XL,Red,Fall,4.5,No,Standard,No,9,Venmo,Every 3 Months,Young Adult,90,200,0,9,Bronze,0.0,0.8,0.16326530612244897,0,20.9,At Risk,0,At-Risk Customers
1975,27,Male,Gloves,Accessories,44,Tennessee,M,Peach,Winter,4.6,No,2-Day Shipping,No,2,PayPal,Fortnightly,Young Adult,14,132,0,2,Bronze,0.30000000000000004,0.8399999999999999,0.02040816326530612,0,29.41,At Risk,0,At-Risk Customers
1976,53,Male,Jacket,Outerwear,77,Illinois,L,Turquoise,Fall,2.9,No,Express,No,4,Cash,Quarterly,Middle-aged,90,385,0,4,Bronze,0.7125,0.15999999999999992,0.061224489795918366,0,33.54,At Risk,1,High-Spending Customers
1977,32,Male,Handbag,Accessories,51,Wyoming,M,Pink,Spring,3.2,No,Next Day Air,No,43,PayPal,Fortnightly,Adult,14,2244,0,43,Gold,0.38750000000000007,0.28000000000000025,0.8571428571428571,0,46.81,Average,3,Loyal Customers
1978,24,Male,Sandals,Footwear,49,Florida,M,Teal,Summer,2.6,No,Free Shipping,No,32,Bank Transfer,Annually,Young Adult,365,1617,0,32,Gold,0.36250000000000004,0.040000000000000036,0.6326530612244897,0,34.28,At Risk,3,Loyal Customers
1979,45,Male,Sunglasses,Accessories,78,Massachusetts,L,Magenta,Spring,3.8,No,Store Pickup,No,1,Cash,Quarterly,Middle-aged,90,156,0,1,Bronze,0.7250000000000001,0.52,0.0,0,39.4,At Risk,1,High-Spending Customers
1980,49,Male,Jeans,Clothing,98,Tennessee,L,Blue,Spring,2.8,No,Store Pickup,No,38,Debit Card,Fortnightly,Middle-aged,14,3822,0,38,Premium,0.9750000000000001,0.11999999999999988,0.7551020408163265,0,64.05,Healthy,2,Premium Customers
1981,51,Male,Sandals,Footwear,94,Iowa,M,Green,Winter,4.4,No,Store Pickup,No,25,PayPal,Fortnightly,Middle-aged,14,2444,0,25,Premium,0.925,0.7600000000000002,0.4897959183673469,0,66.89,Healthy,2,Premium Customers
1982,69,Male,Shoes,Footwear,91,Michigan,L,Violet,Summer,4.7,No,Express,No,42,PayPal,Quarterly,Senior,90,3913,0,42,Premium,0.8875,0.8800000000000001,0.836734693877551,0,78.2,Healthy,2,Premium Customers
1983,41,Male,Sunglasses,Accessories,77,Kansas,M,Turquoise,Summer,2.7,No,2-Day Shipping,No,32,PayPal,Monthly,Adult,30,2541,0,32,Premium,0.7125,0.08000000000000007,0.6326530612244897,0,49.08,Average,2,Premium Customers
1984,59,Male,Scarf,Accessories,97,Georgia,M,Pink,Summer,2.6,No,Next Day Air,No,21,Debit Card,Quarterly,Senior,90,2134,0,21,Gold,0.9625000000000001,0.040000000000000036,0.4081632653061224,0,51.54,Average,1,High-Spending Customers
1985,26,Male,Skirt,Clothing,58,West Virginia,M,Black,Summer,3.4,No,2-Day Shipping,No,26,PayPal,Fortnightly,Young Adult,14,1566,0,26,Gold,0.4750000000000001,0.3600000000000001,0.510204081632653,0,41.51,Average,3,Loyal Customers
1986,23,Male,Gloves,Accessories,97,Tennessee,M,Gold,Spring,3.9,No,2-Day Shipping,No,6,Credit Card,Fortnightly,Young Adult,14,679,0,6,Silver,0.9625000000000001,0.56,0.10204081632653061,0,52.76,Average,1,High-Spending Customers
1987,62,Male,Coat,Outerwear,48,Arkansas,L,Green,Summer,3.4,No,2-Day Shipping,No,14,Venmo,Quarterly,Senior,90,720,0,14,Silver,0.3500000000000001,0.3600000000000001,0.26530612244897955,0,29.16,At Risk,0,At-Risk Customers
1988,69,Male,Belt,Accessories,23,Vermont,XL,White,Summer,3.4,No,Express,No,4,Cash,Quarterly,Senior,90,115,0,4,Bronze,0.03750000000000003,0.3600000000000001,0.061224489795918366,0,10.54,At Risk,0,At-Risk Customers
1989,46,Male,Pants,Clothing,79,Virginia,M,Gold,Winter,3.9,No,Free Shipping,No,26,Bank Transfer,Weekly,Middle-aged,7,2133,0,26,Gold,0.7375,0.56,0.510204081632653,0,56.01,Average,1,High-Spending Customers
1990,35,Male,Jewelry,Accessories,42,Maryland,S,Charcoal,Spring,4.0,No,Express,No,39,PayPal,Bi-Weekly,Adult,14,1680,0,39,Gold,0.275,0.6000000000000001,0.7755102040816325,0,46.27,Average,3,Loyal Customers
1991,32,Male,Backpack,Accessories,95,Connecticut,L,White,Spring,3.4,No,2-Day Shipping,No,15,PayPal,Annually,Adult,365,1520,0,15,Gold,0.9375,0.3600000000000001,0.28571428571428564,0,53.27,Average,1,High-Spending Customers
1992,46,Male,Sneakers,Footwear,29,Missouri,M,Brown,Summer,3.7,No,Next Day Air,No,1,Venmo,Every 3 Months,Middle-aged,90,58,0,1,Bronze,0.11250000000000004,0.4800000000000002,0.0,0,14.1,At Risk,0,At-Risk Customers
1993,33,Male,Hoodie,Clothing,98,New Jersey,L,Gold,Winter,4.9,No,2-Day Shipping,No,28,Venmo,Monthly,Adult,30,2842,0,28,Premium,0.9750000000000001,0.9600000000000002,0.5510204081632653,0,74.73,Healthy,2,Premium Customers
1994,32,Male,Blouse,Clothing,96,Arkansas,S,Purple,Spring,5.0,No,Express,No,17,Cash,Weekly,Adult,7,1728,0,17,Gold,0.9500000000000002,1.0,0.32653061224489793,0,67.8,Healthy,1,High-Spending Customers
1995,33,Male,Sunglasses,Accessories,66,Nevada,M,Brown,Fall,2.9,No,Next Day Air,No,24,Credit Card,Weekly,Adult,7,1650,0,24,Gold,0.5750000000000001,0.15999999999999992,0.4693877551020408,0,40.28,Average,3,Loyal Customers
1996,67,Male,Boots,Footwear,80,Missouri,S,Teal,Spring,3.0,No,Standard,No,29,Debit Card,Quarterly,Senior,90,2400,0,29,Premium,0.75,0.20000000000000018,0.5714285714285714,0,51.14,Average,2,Premium Customers
1997,67,Male,Sneakers,Footwear,27,South Dakota,L,Indigo,Summer,3.3,No,Next Day Air,No,18,Cash,Every 3 Months,Senior,90,513,0,18,Bronze,0.08750000000000002,0.32000000000000006,0.346938775510204,0,20.31,At Risk,0,At-Risk Customers
1998,42,Male,Backpack,Accessories,25,Connecticut,M,Purple,Fall,4.7,No,Express,No,10,Debit Card,Bi-Weekly,Adult,14,275,0,10,Bronze,0.0625,0.8800000000000001,0.18367346938775508,0,25.61,At Risk,0,At-Risk Customers
1999,20,Male,Pants,Clothing,45,Vermont,M,Orange,Fall,3.4,No,2-Day Shipping,No,19,Cash,Quarterly,Young Adult,90,900,0,19,Silver,0.3125,0.3600000000000001,0.36734693877551017,0,30.72,At Risk,0,At-Risk Customers
2000,39,Male,Socks,Clothing,89,Tennessee,L,Indigo,Winter,4.6,No,2-Day Shipping,No,26,Debit Card,Monthly,Adult,30,2403,0,26,Premium,0.8625,0.8399999999999999,0.510204081632653,0,66.61,Healthy,2,Premium Customers
2001,26,Male,Belt,Accessories,27,California,M,Lavender,Winter,3.6,No,2-Day Shipping,No,25,Cash,Bi-Weekly,Young Adult,14,702,0,25,Silver,0.08750000000000002,0.44000000000000017,0.4897959183673469,0,26.99,At Risk,0,At-Risk Customers
2002,51,Male,Sunglasses,Accessories,90,Wyoming,S,Purple,Winter,2.6,No,Free Shipping,No,2,Debit Card,Fortnightly,Middle-aged,14,270,0,2,Bronze,0.875,0.040000000000000036,0.02040816326530612,0,36.41,At Risk,1,High-Spending Customers
2003,31,Male,Shirt,Clothing,65,New York,M,Red,Summer,2.7,No,Express,No,19,PayPal,Every 3 Months,Young Adult,90,1300,0,19,Silver,0.5625,0.08000000000000007,0.36734693877551017,0,35.12,At Risk,0,At-Risk Customers
2004,68,Male,Sneakers,Footwear,72,Maine,S,Blue,Spring,3.1,No,Express,No,32,Cash,Quarterly,Senior,90,2376,0,32,Premium,0.65,0.2400000000000002,0.6326530612244897,0,49.78,Average,3,Loyal Customers
2005,44,Male,Shoes,Footwear,70,Georgia,L,Blue,Fall,3.2,No,2-Day Shipping,No,13,Cash,Bi-Weekly,Adult,14,980,0,13,Silver,0.625,0.28000000000000025,0.24489795918367344,0,37.95,At Risk,1,High-Spending Customers
2006,18,Male,Sandals,Footwear,82,Tennessee,M,Cyan,Winter,3.4,No,Store Pickup,No,30,PayPal,Fortnightly,Young Adult,14,2542,0,30,Premium,0.7750000000000001,0.3600000000000001,0.5918367346938774,0,55.96,Average,2,Premium Customers
2007,58,Male,Scarf,Accessories,97,New Mexico,S,Pink,Fall,4.4,No,Express,No,2,Credit Card,Annually,Senior,365,291,0,2,Bronze,0.9625000000000001,0.7600000000000002,0.02040816326530612,0,54.31,Average,1,High-Spending Customers
2008,26,Male,Shirt,Clothing,25,Virginia,M,Silver,Summer,3.2,No,2-Day Shipping,No,8,PayPal,Quarterly,Young Adult,90,225,0,8,Bronze,0.0625,0.28000000000000025,0.14285714285714285,0,12.39,At Risk,0,At-Risk Customers
2009,57,Male,Skirt,Clothing,48,Florida,M,Gray,Spring,2.5,No,Free Shipping,No,27,PayPal,Every 3 Months,Middle-aged,90,1344,0,27,Gold,0.3500000000000001,0.0,0.5306122448979591,0,29.92,At Risk,0,At-Risk Customers
2010,37,Male,Boots,Footwear,99,Alabama,M,Indigo,Summer,3.8,No,Next Day Air,No,26,Venmo,Bi-Weekly,Adult,14,2673,0,26,Premium,0.9875,0.52,0.510204081632653,0,65.21,Healthy,2,Premium Customers
2011,24,Male,Sweater,Clothing,21,Texas,M,Maroon,Summer,4.4,No,2-Day Shipping,No,3,Debit Card,Bi-Weekly,Young Adult,14,84,0,3,Bronze,0.012500000000000011,0.7600000000000002,0.04081632653061225,0,16.92,At Risk,0,At-Risk Customers
2012,57,Male,Sandals,Footwear,94,West Virginia,M,Beige,Spring,3.7,No,Express,No,4,Bank Transfer,Monthly,Middle-aged,30,470,0,4,Bronze,0.925,0.4800000000000002,0.061224489795918366,0,48.44,Average,1,High-Spending Customers
2013,48,Male,Jeans,Clothing,53,Nevada,L,Green,Fall,3.2,No,Store Pickup,No,5,Cash,Fortnightly,Middle-aged,14,318,0,5,Bronze,0.4125000000000001,0.28000000000000025,0.08163265306122448,0,24.55,At Risk,0,At-Risk Customers
2014,39,Male,Backpack,Accessories,70,Virginia,M,Peach,Winter,4.9,No,Standard,No,25,Debit Card,Quarterly,Adult,90,1820,0,25,Gold,0.625,0.9600000000000002,0.4897959183673469,0,58.89,Average,1,High-Spending Customers
2015,51,Male,Skirt,Clothing,26,Wisconsin,L,Black,Summer,3.9,No,Standard,No,47,PayPal,Bi-Weekly,Middle-aged,14,1248,0,47,Silver,0.07500000000000001,0.56,0.9387755102040816,0,42.36,Average,3,Loyal Customers
2016,57,Male,Belt,Accessories,82,Virginia,S,Pink,Summer,4.5,No,Next Day Air,No,8,Credit Card,Fortnightly,Middle-aged,14,738,0,8,Silver,0.7750000000000001,0.8,0.14285714285714285,0,51.29,Average,1,High-Spending Customers
2017,53,Male,Shoes,Footwear,47,Maine,S,Violet,Winter,3.4,No,Standard,No,20,Debit Card,Fortnightly,Middle-aged,14,987,0,20,Silver,0.3375,0.3600000000000001,0.38775510204081626,0,32.33,At Risk,0,At-Risk Customers
2018,70,Male,Socks,Clothing,32,Massachusetts,S,Green,Winter,4.1,No,Next Day Air,No,42,Bank Transfer,Every 3 Months,Senior,90,1376,0,42,Gold,0.15000000000000002,0.6399999999999999,0.836734693877551,0,43.9,Average,3,Loyal Customers
2019,60,Male,Backpack,Accessories,97,Arkansas,S,Gold,Fall,4.5,No,Store Pickup,No,20,Bank Transfer,Weekly,Senior,7,2037,0,20,Gold,0.9625000000000001,0.8,0.38775510204081626,0,66.13,Healthy,1,High-Spending Customers
2020,31,Male,Shirt,Clothing,68,Idaho,S,Red,Winter,4.7,No,Store Pickup,No,23,Cash,Fortnightly,Young Adult,14,1632,0,23,Gold,0.6000000000000001,0.8800000000000001,0.44897959183673464,0,55.07,Average,1,High-Spending Customers
2021,41,Male,Sweater,Clothing,23,Pennsylvania,M,Beige,Winter,4.8,No,Next Day Air,No,26,Cash,Quarterly,Adult,90,621,0,26,Bronze,0.03750000000000003,0.9199999999999999,0.510204081632653,0,35.21,At Risk,0,At-Risk Customers
2022,62,Male,Handbag,Accessories,33,Maine,M,Green,Winter,4.4,No,Standard,No,48,Venmo,Quarterly,Senior,90,1617,0,48,Gold,0.16250000000000003,0.7600000000000002,0.9591836734693877,0,50.48,Average,3,Loyal Customers
2023,59,Male,Jewelry,Accessories,38,Alabama,S,Black,Winter,4.0,No,Store Pickup,No,16,Cash,Bi-Weekly,Senior,14,646,0,16,Bronze,0.22500000000000003,0.6000000000000001,0.3061224489795918,0,30.18,At Risk,0,At-Risk Customers
2024,46,Male,Socks,Clothing,68,Idaho,S,Teal,Winter,4.1,No,Store Pickup,No,28,Cash,Bi-Weekly,Middle-aged,14,1972,0,28,Gold,0.6000000000000001,0.6399999999999999,0.5510204081632653,0,53.33,Average,1,High-Spending Customers
2025,62,Male,Socks,Clothing,23,Arkansas,L,Silver,Fall,3.7,No,Express,No,39,PayPal,Weekly,Senior,7,920,0,39,Silver,0.03750000000000003,0.4800000000000002,0.7755102040816325,0,34.37,At Risk,3,Loyal Customers
2026,42,Male,Shirt,Clothing,29,Delaware,M,Turquoise,Summer,3.0,No,Express,No,43,Debit Card,Fortnightly,Adult,14,1276,0,43,Silver,0.11250000000000004,0.20000000000000018,0.8571428571428571,0,34.21,At Risk,3,Loyal Customers
2027,37,Male,Scarf,Accessories,35,Maine,M,Orange,Winter,3.6,No,Express,No,45,Bank Transfer,Every 3 Months,Adult,90,1610,0,45,Gold,0.1875,0.44000000000000017,0.8979591836734693,0,43.24,Average,3,Loyal Customers
2028,50,Male,Shoes,Footwear,73,Nebraska,S,Gold,Fall,4.8,No,Standard,No,50,Credit Card,Every 3 Months,Middle-aged,90,3723,0,50,Premium,0.6625000000000001,0.9199999999999999,1.0,0,74.9,Healthy,2,Premium Customers
2029,29,Male,Shoes,Footwear,84,Ohio,XL,Purple,Fall,3.7,No,2-Day Shipping,No,10,Venmo,Bi-Weekly,Young Adult,14,924,0,10,Silver,0.8,0.4800000000000002,0.18367346938775508,0,47.11,Average,1,High-Spending Customers
2030,25,Male,Scarf,Accessories,23,Montana,M,Pink,Spring,4.6,No,Next Day Air,No,40,PayPal,Quarterly,Young Adult,90,943,0,40,Silver,0.03750000000000003,0.8399999999999999,0.7959183673469387,0,42.18,Average,3,Loyal Customers
2031,66,Male,Sunglasses,Accessories,67,New Mexico,S,Green,Summer,2.8,No,Standard,No,38,Credit Card,Monthly,Senior,30,2613,0,38,Premium,0.5875,0.11999999999999988,0.7551020408163265,0,48.55,Average,3,Loyal Customers
2032,21,Male,Socks,Clothing,51,North Carolina,L,Charcoal,Spring,4.0,No,Standard,No,2,Credit Card,Monthly,Young Adult,30,153,0,2,Bronze,0.38750000000000007,0.6000000000000001,0.02040816326530612,0,28.11,At Risk,0,At-Risk Customers
2033,46,Male,Blouse,Clothing,36,South Carolina,M,Maroon,Winter,4.2,No,Next Day Air,No,13,Cash,Annually,Middle-aged,365,504,0,13,Bronze,0.2,0.6800000000000002,0.24489795918367344,0,28.95,At Risk,0,At-Risk Customers
2034,57,Male,Jeans,Clothing,55,Illinois,L,Olive,Summer,3.6,No,Express,No,33,Venmo,Annually,Middle-aged,365,1870,0,33,Gold,0.4375,0.44000000000000017,0.6530612244897959,0,45.89,Average,3,Loyal Customers
2035,61,Male,Shorts,Clothing,30,Alabama,M,Peach,Spring,2.9,No,Store Pickup,No,27,PayPal,Monthly,Senior,30,840,0,27,Silver,0.125,0.15999999999999992,0.5306122448979591,0,24.12,At Risk,0,At-Risk Customers
2036,53,Male,T-shirt,Clothing,70,Oklahoma,S,Yellow,Summer,4.1,No,Express,No,43,Bank Transfer,Weekly,Middle-aged,7,3080,0,43,Premium,0.625,0.6399999999999999,0.8571428571428571,0,63.51,Healthy,2,Premium Customers
2037,37,Male,Blouse,Clothing,63,Minnesota,S,Lavender,Winter,3.1,No,Next Day Air,No,46,Cash,Weekly,Adult,7,2961,0,46,Premium,0.5375000000000001,0.2400000000000002,0.9183673469387754,0,53.85,Average,2,Premium Customers
2038,39,Male,Belt,Accessories,87,Illinois,S,Green,Summer,4.3,No,Express,No,7,Venmo,Bi-Weekly,Adult,14,696,0,7,Silver,0.8375000000000001,0.72,0.12244897959183673,0,51.57,Average,1,High-Spending Customers
2039,53,Male,Blouse,Clothing,70,Arkansas,L,Orange,Spring,4.4,No,Next Day Air,No,35,Credit Card,Fortnightly,Middle-aged,14,2520,0,35,Premium,0.625,0.7600000000000002,0.693877551020408,0,61.02,Healthy,2,Premium Customers
2040,35,Male,T-shirt,Clothing,51,Minnesota,M,Olive,Spring,3.1,No,Next Day Air,No,31,Debit Card,Bi-Weekly,Adult,14,1632,0,31,Gold,0.38750000000000007,0.2400000000000002,0.6122448979591836,0,38.67,At Risk,3,Loyal Customers
2041,69,Male,Jewelry,Accessories,25,South Carolina,XL,Gray,Spring,2.9,No,Free Shipping,No,42,Venmo,Quarterly,Senior,90,1075,0,42,Silver,0.0625,0.15999999999999992,0.836734693877551,0,30.8,At Risk,3,Loyal Customers
2042,66,Male,Jacket,Outerwear,32,New York,S,Lavender,Winter,3.2,No,Next Day Air,No,14,PayPal,Bi-Weekly,Senior,14,480,0,14,Bronze,0.15000000000000002,0.28000000000000025,0.26530612244897955,0,19.56,At Risk,0,At-Risk Customers
2043,19,Male,Shoes,Footwear,52,Alabama,M,Red,Spring,4.0,No,2-Day Shipping,No,35,Venmo,Monthly,Young Adult,30,1872,0,35,Gold,0.4,0.6000000000000001,0.693877551020408,0,48.82,Average,3,Loyal Customers
2044,47,Male,Gloves,Accessories,33,New York,M,Charcoal,Summer,2.7,No,Standard,No,49,PayPal,Weekly,Middle-aged,7,1650,0,49,Gold,0.16250000000000003,0.08000000000000007,0.9795918367346937,0,37.49,At Risk,3,Loyal Customers
2045,49,Male,Jeans,Clothing,68,Missouri,L,Orange,Spring,3.0,No,Free Shipping,No,17,PayPal,Fortnightly,Middle-aged,14,1224,0,17,Silver,0.6000000000000001,0.20000000000000018,0.32653061224489793,0,37.8,At Risk,1,High-Spending Customers
2046,31,Male,Jewelry,Accessories,20,Georgia,M,Red,Fall,4.4,No,Express,No,26,PayPal,Quarterly,Young Adult,90,540,0,26,Bronze,0.0,0.7600000000000002,0.510204081632653,0,30.51,At Risk,0,At-Risk Customers
2047,39,Male,Pants,Clothing,32,Oklahoma,M,Maroon,Winter,2.8,No,Free Shipping,No,30,Cash,Every 3 Months,Adult,90,992,0,30,Silver,0.15000000000000002,0.11999999999999988,0.5918367346938774,0,26.16,At Risk,0,At-Risk Customers
2048,58,Male,Jewelry,Accessories,82,Connecticut,M,Silver,Summer,3.1,No,Store Pickup,No,32,Cash,Annually,Senior,365,2706,0,32,Premium,0.7750000000000001,0.2400000000000002,0.6326530612244897,0,54.78,Average,2,Premium Customers
2049,45,Male,Sneakers,Footwear,64,Michigan,XL,Pink,Winter,3.9,No,Express,No,35,Bank Transfer,Quarterly,Middle-aged,90,2304,0,35,Premium,0.55,0.56,0.693877551020408,0,54.02,Average,3,Loyal Customers
2050,68,Male,Boots,Footwear,24,Rhode Island,L,Blue,Fall,2.7,No,Standard,No,15,Venmo,Annually,Senior,365,384,0,15,Bronze,0.050000000000000044,0.08000000000000007,0.28571428571428564,0,12.17,At Risk,0,At-Risk Customers
2051,35,Male,Hat,Accessories,96,Mississippi,M,Teal,Summer,3.4,No,Store Pickup,No,10,Debit Card,Annually,Adult,365,1056,0,10,Silver,0.9500000000000002,0.3600000000000001,0.18367346938775508,0,50.71,Average,1,High-Spending Customers
2052,65,Male,T-shirt,Clothing,94,Massachusetts,L,Black,Spring,3.8,No,Free Shipping,No,14,Credit Card,Monthly,Senior,30,1410,0,14,Gold,0.925,0.52,0.26530612244897955,0,55.36,Average,1,High-Spending Customers
2053,45,Male,Backpack,Accessories,48,New Hampshire,M,Gray,Winter,3.7,No,2-Day Shipping,No,30,Bank Transfer,Annually,Middle-aged,365,1488,0,30,Gold,0.3500000000000001,0.4800000000000002,0.5918367346938774,0,41.36,Average,3,Loyal Customers
2054,19,Male,Sunglasses,Accessories,60,Wyoming,S,Purple,Spring,4.5,No,2-Day Shipping,No,16,Credit Card,Fortnightly,Young Adult,14,1020,0,16,Silver,0.5,0.8,0.3061224489795918,0,45.18,Average,1,High-Spending Customers
2055,65,Male,Sweater,Clothing,56,New Jersey,XL,Gold,Spring,2.9,No,Express,No,14,PayPal,Annually,Senior,365,840,0,14,Silver,0.45000000000000007,0.15999999999999992,0.26530612244897955,0,29.16,At Risk,0,At-Risk Customers
2056,28,Male,Handbag,Accessories,33,Texas,M,Silver,Fall,3.4,No,2-Day Shipping,No,28,Bank Transfer,Weekly,Young Adult,7,957,0,28,Silver,0.16250000000000003,0.3600000000000001,0.5510204081632653,0,30.23,At Risk,0,At-Risk Customers
2057,55,Male,Backpack,Accessories,46,Minnesota,L,Blue,Spring,4.4,No,2-Day Shipping,No,29,PayPal,Monthly,Middle-aged,30,1380,0,29,Gold,0.32500000000000007,0.7600000000000002,0.5714285714285714,0,45.34,Average,3,Loyal Customers
2058,66,Male,Socks,Clothing,37,South Dakota,L,Yellow,Spring,4.2,No,Standard,No,5,PayPal,Every 3 Months,Senior,90,222,0,5,Bronze,0.21250000000000002,0.6800000000000002,0.08163265306122448,0,24.55,At Risk,0,At-Risk Customers
2059,29,Male,Shirt,Clothing,98,Washington,M,Brown,Winter,3.3,No,Store Pickup,No,17,Bank Transfer,Quarterly,Young Adult,90,1764,0,17,Gold,0.9750000000000001,0.32000000000000006,0.32653061224489793,0,55.2,Average,1,High-Spending Customers
2060,56,Male,Shorts,Clothing,50,California,XL,Beige,Spring,3.7,No,Express,No,50,PayPal,Weekly,Middle-aged,7,2550,0,50,Premium,0.375,0.4800000000000002,1.0,0,54.6,Average,3,Loyal Customers
2061,21,Male,Belt,Accessories,63,Wisconsin,M,Blue,Fall,3.2,No,Next Day Air,No,23,Bank Transfer,Quarterly,Young Adult,90,1512,0,23,Gold,0.5375000000000001,0.28000000000000025,0.44897959183673464,0,40.57,Average,3,Loyal Customers
2062,32,Male,Sweater,Clothing,70,Michigan,S,Magenta,Summer,2.6,No,Store Pickup,No,22,Debit Card,Annually,Adult,365,1610,0,22,Gold,0.625,0.040000000000000036,0.4285714285714285,0,38.66,At Risk,1,High-Spending Customers
2063,54,Male,Coat,Outerwear,63,South Carolina,L,Silver,Fall,2.8,No,Standard,No,15,Cash,Quarterly,Middle-aged,90,1008,0,15,Silver,0.5375000000000001,0.11999999999999988,0.28571428571428564,0,32.47,At Risk,0,At-Risk Customers
2064,61,Male,Shorts,Clothing,86,Indiana,M,Cyan,Fall,2.9,No,Standard,No,32,Cash,Monthly,Senior,30,2838,0,32,Premium,0.825,0.15999999999999992,0.6326530612244897,0,55.18,Average,2,Premium Customers
2065,31,Male,Shoes,Footwear,99,Arkansas,M,Green,Summer,4.0,No,2-Day Shipping,No,5,Bank Transfer,Monthly,Young Adult,30,594,0,5,Bronze,0.9875,0.6000000000000001,0.08163265306122448,0,53.95,Average,1,High-Spending Customers
2066,27,Male,Sneakers,Footwear,40,Oregon,M,Blue,Spring,2.9,No,Free Shipping,No,6,Bank Transfer,Bi-Weekly,Young Adult,14,280,0,6,Bronze,0.25,0.15999999999999992,0.10204081632653061,0,16.26,At Risk,0,At-Risk Customers
2067,64,Male,Sneakers,Footwear,92,Illinois,M,Olive,Fall,4.7,No,Store Pickup,No,44,Debit Card,Fortnightly,Senior,14,4140,0,44,Premium,0.9000000000000001,0.8800000000000001,0.8775510204081631,0,79.93,Healthy,2,Premium Customers
2068,60,Male,Pants,Clothing,21,Maryland,XL,Beige,Fall,3.1,No,2-Day Shipping,No,23,Cash,Fortnightly,Senior,14,504,0,23,Bronze,0.012500000000000011,0.2400000000000002,0.44897959183673464,0,18.77,At Risk,0,At-Risk Customers
2069,70,Male,Jewelry,Accessories,81,Vermont,XL,Black,Summer,3.9,No,Store Pickup,No,44,Venmo,Monthly,Senior,30,3645,0,44,Premium,0.7625,0.56,0.8775510204081631,0,68.03,Healthy,2,Premium Customers
2070,36,Male,T-shirt,Clothing,82,Texas,M,Indigo,Fall,3.4,No,Free Shipping,No,3,Debit Card,Quarterly,Adult,90,328,0,3,Bronze,0.7750000000000001,0.3600000000000001,0.04081632653061225,0,39.42,At Risk,1,High-Spending Customers
2071,56,Male,Jewelry,Accessories,88,Nebraska,XL,Red,Spring,3.1,No,Express,No,14,Cash,Monthly,Middle-aged,30,1320,0,14,Silver,0.8500000000000001,0.2400000000000002,0.26530612244897955,0,46.76,Average,1,High-Spending Customers
2072,69,Male,Jacket,Outerwear,100,South Carolina,S,Yellow,Fall,4.8,No,Store Pickup,No,37,PayPal,Quarterly,Senior,90,3800,0,37,Premium,1.0,0.9199999999999999,0.7346938775510203,0,80.44,Excellent,2,Premium Customers
2073,39,Male,Backpack,Accessories,66,Massachusetts,M,Beige,Winter,3.9,No,Next Day Air,No,22,Bank Transfer,Weekly,Adult,7,1518,0,22,Gold,0.5750000000000001,0.56,0.4285714285714285,0,47.06,Average,1,High-Spending Customers
2074,38,Male,Belt,Accessories,25,Texas,S,Green,Winter,3.5,No,Next Day Air,No,2,PayPal,Every 3 Months,Adult,90,75,0,2,Bronze,0.0625,0.40000000000000013,0.02040816326530612,0,11.11,At Risk,0,At-Risk Customers
2075,36,Male,Scarf,Accessories,53,Florida,M,White,Summer,3.1,No,Free Shipping,No,44,Debit Card,Fortnightly,Adult,14,2385,0,44,Premium,0.4125000000000001,0.2400000000000002,0.8775510204081631,0,47.63,Average,3,Loyal Customers
2076,46,Male,Sweater,Clothing,28,South Carolina,S,Turquoise,Fall,4.7,No,Express,No,49,Debit Card,Monthly,Middle-aged,30,1400,0,49,Gold,0.10000000000000003,0.8800000000000001,0.9795918367346937,0,50.99,Average,3,Loyal Customers
2077,59,Male,Gloves,Accessories,23,Florida,S,Indigo,Fall,4.6,No,Free Shipping,No,22,Debit Card,Bi-Weekly,Senior,14,529,0,22,Bronze,0.03750000000000003,0.8399999999999999,0.4285714285714285,0,31.16,At Risk,0,At-Risk Customers
2078,64,Male,Scarf,Accessories,34,Nebraska,L,Orange,Fall,3.3,No,Free Shipping,No,26,Bank Transfer,Annually,Senior,365,918,0,26,Silver,0.17500000000000004,0.32000000000000006,0.510204081632653,0,28.71,At Risk,0,At-Risk Customers
2079,49,Male,Dress,Clothing,42,Hawaii,M,Blue,Spring,3.2,No,Next Day Air,No,40,Debit Card,Weekly,Middle-aged,7,1722,0,40,Gold,0.275,0.28000000000000025,0.7959183673469387,0,40.48,Average,3,Loyal Customers
2080,32,Male,Jeans,Clothing,24,Montana,L,Violet,Summer,3.1,No,Next Day Air,No,16,PayPal,Quarterly,Adult,90,408,0,16,Bronze,0.050000000000000044,0.2400000000000002,0.3061224489795918,0,15.98,At Risk,0,At-Risk Customers
2081,29,Male,Sunglasses,Accessories,47,South Dakota,S,Gray,Fall,3.5,No,Free Shipping,No,17,Debit Card,Bi-Weekly,Young Adult,14,846,0,17,Silver,0.3375,0.40000000000000013,0.32653061224489793,0,31.3,At Risk,0,At-Risk Customers
2082,24,Male,Coat,Outerwear,78,Alabama,S,Cyan,Spring,4.3,No,Standard,No,48,Bank Transfer,Bi-Weekly,Young Adult,14,3822,0,48,Premium,0.7250000000000001,0.72,0.9591836734693877,0,72.18,Healthy,2,Premium Customers
2083,41,Male,Jeans,Clothing,89,Arkansas,M,Yellow,Summer,2.9,No,Free Shipping,No,28,Venmo,Every 3 Months,Adult,90,2581,0,28,Premium,0.8625,0.15999999999999992,0.5510204081632653,0,54.23,Average,2,Premium Customers
2084,41,Male,Scarf,Accessories,59,Mississippi,L,Orange,Fall,2.7,No,Store Pickup,No,26,Credit Card,Fortnightly,Adult,14,1593,0,26,Gold,0.48750000000000004,0.08000000000000007,0.510204081632653,0,36.41,At Risk,3,Loyal Customers
2085,32,Male,Blouse,Clothing,94,Vermont,S,Brown,Summer,4.0,No,Standard,No,43,Bank Transfer,Quarterly,Adult,90,4136,0,43,Premium,0.925,0.6000000000000001,0.8571428571428571,0,74.71,Healthy,2,Premium Customers
2086,69,Male,Jeans,Clothing,49,New York,M,Teal,Fall,4.6,No,Free Shipping,No,38,Debit Card,Weekly,Senior,7,1911,0,38,Gold,0.36250000000000004,0.8399999999999999,0.7551020408163265,0,53.95,Average,3,Loyal Customers
2087,65,Male,Dress,Clothing,89,North Dakota,L,Beige,Summer,4.7,No,2-Day Shipping,No,36,Cash,Every 3 Months,Senior,90,3293,0,36,Premium,0.8625,0.8800000000000001,0.7142857142857142,0,73.53,Healthy,2,Premium Customers
2088,54,Male,Hat,Accessories,91,Wisconsin,M,Blue,Summer,4.7,No,Standard,No,1,Credit Card,Weekly,Middle-aged,7,182,0,1,Bronze,0.8875,0.8800000000000001,0.0,0,53.1,Average,1,High-Spending Customers
2089,39,Male,Sandals,Footwear,89,California,L,Orange,Spring,4.0,No,Standard,No,49,Debit Card,Annually,Adult,365,4450,0,49,Premium,0.8625,0.6000000000000001,0.9795918367346937,0,75.89,Healthy,2,Premium Customers
2090,37,Male,Jacket,Outerwear,57,Maryland,L,Gold,Spring,3.6,No,Free Shipping,No,41,Credit Card,Every 3 Months,Adult,90,2394,0,41,Premium,0.4625,0.44000000000000017,0.8163265306122448,0,51.79,Average,3,Loyal Customers
2091,51,Male,Socks,Clothing,71,Massachusetts,S,Teal,Winter,3.4,No,Free Shipping,No,21,Debit Card,Monthly,Middle-aged,30,1562,0,21,Gold,0.6375000000000001,0.3600000000000001,0.4081632653061224,0,44.94,Average,1,High-Spending Customers
2092,26,Male,Jeans,Clothing,97,Washington,XL,Beige,Fall,3.0,No,Next Day Air,No,24,Bank Transfer,Quarterly,Young Adult,90,2425,0,24,Premium,0.9625000000000001,0.20000000000000018,0.4693877551020408,0,56.58,Average,2,Premium Customers
2093,42,Male,Sandals,Footwear,45,Minnesota,M,Silver,Fall,2.6,No,Next Day Air,No,27,Bank Transfer,Weekly,Adult,7,1260,0,27,Silver,0.3125,0.040000000000000036,0.5306122448979591,0,29.22,At Risk,0,At-Risk Customers
2094,21,Male,Dress,Clothing,91,Washington,M,Maroon,Spring,4.2,No,Store Pickup,No,4,Debit Card,Annually,Young Adult,365,455,0,4,Bronze,0.8875,0.6800000000000002,0.061224489795918366,0,50.94,Average,1,High-Spending Customers
2095,53,Male,Socks,Clothing,25,South Carolina,M,Indigo,Spring,3.4,No,Standard,No,19,Venmo,Annually,Middle-aged,365,500,0,19,Bronze,0.0625,0.3600000000000001,0.36734693877551017,0,20.72,At Risk,0,At-Risk Customers
2096,36,Male,Hoodie,Clothing,63,New Mexico,M,Gray,Fall,4.0,No,Store Pickup,No,1,Bank Transfer,Fortnightly,Adult,14,126,0,1,Bronze,0.5375000000000001,0.6000000000000001,0.0,0,33.5,At Risk,0,At-Risk Customers
2097,21,Male,Dress,Clothing,52,North Carolina,L,Blue,Summer,4.7,No,Free Shipping,No,27,Debit Card,Annually,Young Adult,365,1456,0,27,Gold,0.4,0.8800000000000001,0.5306122448979591,0,49.52,Average,3,Loyal Customers
2098,33,Male,Sneakers,Footwear,43,Iowa,S,Cyan,Winter,3.9,No,Next Day Air,No,5,Credit Card,Weekly,Adult,7,258,0,5,Bronze,0.2875,0.56,0.08163265306122448,0,25.15,At Risk,0,At-Risk Customers
2099,49,Male,T-shirt,Clothing,28,Louisiana,M,White,Summer,3.3,No,2-Day Shipping,No,20,Venmo,Quarterly,Middle-aged,90,588,0,20,Bronze,0.10000000000000003,0.32000000000000006,0.38775510204081626,0,22.03,At Risk,0,At-Risk Customers
2100,31,Male,T-shirt,Clothing,78,Oklahoma,L,Green,Summer,2.9,No,Express,No,50,PayPal,Annually,Young Adult,365,3978,0,50,Premium,0.7250000000000001,0.15999999999999992,1.0,0,62.2,Healthy,2,Premium Customers
2101,68,Male,Sweater,Clothing,31,Michigan,M,Silver,Spring,4.4,No,Free Shipping,No,36,Cash,Fortnightly,Senior,14,1147,0,36,Silver,0.1375,0.7600000000000002,0.7142857142857142,0,42.13,Average,3,Loyal Customers
2102,49,Male,Shirt,Clothing,23,Oregon,M,Blue,Winter,3.6,No,Next Day Air,No,12,Bank Transfer,Bi-Weekly,Middle-aged,14,299,0,12,Bronze,0.03750000000000003,0.44000000000000017,0.22448979591836735,0,17.03,At Risk,0,At-Risk Customers
2103,23,Male,Hat,Accessories,25,Idaho,M,Brown,Spring,4.5,No,Store Pickup,No,23,Cash,Monthly,Young Adult,30,600,0,23,Bronze,0.0625,0.8,0.44897959183673464,0,31.97,At Risk,0,At-Risk Customers
2104,30,Male,Pants,Clothing,86,Indiana,S,Red,Summer,3.7,No,Store Pickup,No,21,Venmo,Weekly,Young Adult,7,1892,0,21,Gold,0.825,0.4800000000000002,0.4081632653061224,0,54.84,Average,1,High-Spending Customers
2105,53,Male,Shoes,Footwear,88,New Mexico,M,Gold,Spring,2.8,No,Free Shipping,No,47,Venmo,Weekly,Middle-aged,7,4224,0,47,Premium,0.8500000000000001,0.11999999999999988,0.9387755102040816,0,64.56,Healthy,2,Premium Customers
2106,65,Male,Gloves,Accessories,35,South Carolina,M,Silver,Spring,4.5,No,Free Shipping,No,38,Venmo,Bi-Weekly,Senior,14,1365,0,38,Gold,0.1875,0.8,0.7551020408163265,0,46.15,Average,3,Loyal Customers
2107,60,Male,Jewelry,Accessories,34,Vermont,M,Gray,Fall,4.4,No,Standard,No,40,Credit Card,Every 3 Months,Senior,90,1394,0,40,Gold,0.17500000000000004,0.7600000000000002,0.7959183673469387,0,46.08,Average,3,Loyal Customers
2108,46,Male,Pants,Clothing,75,Delaware,M,Black,Winter,3.3,No,Standard,No,35,PayPal,Quarterly,Middle-aged,90,2700,0,35,Premium,0.6875,0.32000000000000006,0.693877551020408,0,54.72,Average,2,Premium Customers
2109,54,Male,Hoodie,Clothing,46,North Dakota,XL,Beige,Winter,4.2,No,Express,No,4,Credit Card,Quarterly,Middle-aged,90,230,0,4,Bronze,0.32500000000000007,0.6800000000000002,0.061224489795918366,0,28.44,At Risk,0,At-Risk Customers
2110,59,Male,Jewelry,Accessories,31,California,L,Peach,Fall,2.7,No,Free Shipping,No,28,Venmo,Every 3 Months,Senior,90,899,0,28,Silver,0.1375,0.08000000000000007,0.5510204081632653,0,23.63,At Risk,0,At-Risk Customers
2111,52,Male,Socks,Clothing,93,Montana,L,Cyan,Spring,3.9,No,Store Pickup,No,36,Debit Card,Every 3 Months,Middle-aged,90,3441,0,36,Premium,0.9125000000000001,0.56,0.7142857142857142,0,69.13,Healthy,2,Premium Customers
2112,41,Male,Sunglasses,Accessories,85,Missouri,XL,Pink,Spring,2.6,No,Free Shipping,No,15,Bank Transfer,Annually,Adult,365,1360,0,15,Gold,0.8125,0.040000000000000036,0.28571428571428564,0,41.87,Average,1,High-Spending Customers
2113,43,Male,Belt,Accessories,68,Tennessee,M,Lavender,Fall,4.5,No,2-Day Shipping,No,7,Cash,Fortnightly,Adult,14,544,0,7,Bronze,0.6000000000000001,0.8,0.12244897959183673,0,43.67,Average,1,High-Spending Customers
2114,63,Male,Dress,Clothing,40,Virginia,M,Brown,Spring,2.7,No,Store Pickup,No,29,PayPal,Every 3 Months,Senior,90,1200,0,29,Silver,0.25,0.08000000000000007,0.5714285714285714,0,28.74,At Risk,0,At-Risk Customers
2115,37,Male,Shirt,Clothing,51,Vermont,M,Magenta,Winter,2.9,No,Standard,No,12,Debit Card,Annually,Adult,365,663,0,12,Bronze,0.38750000000000007,0.15999999999999992,0.22448979591836735,0,25.43,At Risk,0,At-Risk Customers
2116,44,Male,Scarf,Accessories,85,Rhode Island,M,Violet,Winter,3.4,No,Store Pickup,No,16,Bank Transfer,Bi-Weekly,Adult,14,1445,0,16,Gold,0.8125,0.3600000000000001,0.3061224489795918,0,48.88,Average,1,High-Spending Customers
2117,67,Male,Jacket,Outerwear,23,Kansas,M,Teal,Summer,2.9,No,Express,No,50,Debit Card,Bi-Weekly,Senior,14,1173,0,50,Silver,0.03750000000000003,0.15999999999999992,1.0,0,34.7,At Risk,3,Loyal Customers
2118,27,Male,Dress,Clothing,28,Colorado,L,Brown,Summer,3.8,No,Free Shipping,No,11,Debit Card,Annually,Young Adult,365,336,0,11,Bronze,0.10000000000000003,0.52,0.2040816326530612,0,20.52,At Risk,0,At-Risk Customers
2119,60,Male,Socks,Clothing,44,Georgia,M,Olive,Fall,4.2,No,2-Day Shipping,No,28,Debit Card,Quarterly,Senior,90,1276,0,28,Silver,0.30000000000000004,0.6800000000000002,0.5510204081632653,0,42.13,Average,3,Loyal Customers
2120,58,Male,Jewelry,Accessories,57,Nebraska,M,Indigo,Spring,3.5,No,Store Pickup,No,36,Venmo,Bi-Weekly,Senior,14,2109,0,36,Gold,0.4625,0.40000000000000013,0.7142857142857142,0,47.93,Average,3,Loyal Customers
2121,53,Male,Scarf,Accessories,98,Missouri,S,Red,Fall,3.1,No,Next Day Air,No,38,PayPal,Quarterly,Middle-aged,90,3822,0,38,Premium,0.9750000000000001,0.2400000000000002,0.7551020408163265,0,66.45,Healthy,2,Premium Customers
2122,43,Male,Backpack,Accessories,68,Alaska,M,Olive,Winter,3.5,No,2-Day Shipping,No,32,Bank Transfer,Monthly,Adult,30,2244,0,32,Gold,0.6000000000000001,0.40000000000000013,0.6326530612244897,0,50.98,Average,3,Loyal Customers
2123,32,Male,Jacket,Outerwear,36,Virginia,L,Teal,Fall,4.0,No,Express,No,42,Debit Card,Weekly,Adult,7,1548,0,42,Gold,0.2,0.6000000000000001,0.836734693877551,0,45.1,Average,3,Loyal Customers
2124,54,Male,Coat,Outerwear,71,Nebraska,L,Cyan,Spring,3.7,No,Express,No,22,Debit Card,Bi-Weekly,Middle-aged,14,1633,0,22,Gold,0.6375000000000001,0.4800000000000002,0.4285714285714285,0,47.96,Average,1,High-Spending Customers
2125,47,Male,Skirt,Clothing,60,Rhode Island,M,Teal,Fall,4.2,No,Next Day Air,No,22,Venmo,Quarterly,Middle-aged,90,1380,0,22,Gold,0.5,0.6800000000000002,0.4285714285714285,0,46.46,Average,1,High-Spending Customers
2126,57,Male,Coat,Outerwear,87,New Hampshire,M,Beige,Fall,4.8,No,Store Pickup,No,31,PayPal,Quarterly,Middle-aged,90,2784,0,31,Premium,0.8375000000000001,0.9199999999999999,0.6122448979591836,0,70.27,Healthy,2,Premium Customers
2127,63,Male,Shoes,Footwear,38,Alabama,XL,Magenta,Winter,4.1,No,Express,No,28,Credit Card,Monthly,Senior,30,1102,0,28,Silver,0.22500000000000003,0.6399999999999999,0.5510204081632653,0,38.33,At Risk,3,Loyal Customers
2128,70,Male,Boots,Footwear,45,North Carolina,M,Indigo,Spring,4.5,No,2-Day Shipping,No,40,Debit Card,Weekly,Senior,7,1845,0,40,Gold,0.3125,0.8,0.7959183673469387,0,52.38,Average,3,Loyal Customers
2129,62,Male,Coat,Outerwear,47,New Mexico,L,Cyan,Fall,2.7,No,2-Day Shipping,No,21,PayPal,Weekly,Senior,7,1034,0,21,Silver,0.3375,0.08000000000000007,0.4081632653061224,0,27.34,At Risk,0,At-Risk Customers
2130,40,Male,Skirt,Clothing,57,Minnesota,L,Orange,Fall,2.8,No,Store Pickup,No,12,PayPal,Every 3 Months,Adult,90,741,0,12,Silver,0.4625,0.11999999999999988,0.22448979591836735,0,27.63,At Risk,0,At-Risk Customers
2131,25,Male,Backpack,Accessories,68,Arizona,L,Violet,Summer,3.7,No,Free Shipping,No,33,Credit Card,Annually,Young Adult,365,2312,0,33,Premium,0.6000000000000001,0.4800000000000002,0.6530612244897959,0,53.19,Average,3,Loyal Customers
2132,19,Male,Shorts,Clothing,52,Montana,M,Red,Fall,3.6,No,Express,No,9,Bank Transfer,Fortnightly,Young Adult,14,520,0,9,Bronze,0.4,0.44000000000000017,0.16326530612244897,0,29.7,At Risk,0,At-Risk Customers
2133,25,Male,Skirt,Clothing,87,Vermont,M,Magenta,Fall,4.7,No,2-Day Shipping,No,15,Debit Card,Weekly,Young Adult,7,1392,0,15,Gold,0.8375000000000001,0.8800000000000001,0.28571428571428564,0,59.67,Average,1,High-Spending Customers
2134,21,Male,Hat,Accessories,34,Maine,M,Olive,Summer,3.8,No,Standard,No,13,Bank Transfer,Annually,Young Adult,365,476,0,13,Bronze,0.17500000000000004,0.52,0.24489795918367344,0,24.75,At Risk,0,At-Risk Customers
2135,55,Male,Sandals,Footwear,41,Virginia,XL,Maroon,Winter,2.9,No,Standard,No,35,Credit Card,Fortnightly,Middle-aged,14,1476,0,35,Gold,0.26250000000000007,0.15999999999999992,0.693877551020408,0,34.52,At Risk,3,Loyal Customers
2136,34,Male,Sunglasses,Accessories,94,California,S,Yellow,Winter,4.6,No,Next Day Air,No,1,Debit Card,Every 3 Months,Adult,90,188,0,1,Bronze,0.925,0.8399999999999999,0.0,0,53.8,Average,1,High-Spending Customers
2137,47,Male,Sunglasses,Accessories,93,New York,M,Red,Summer,2.8,No,Standard,No,25,Bank Transfer,Fortnightly,Middle-aged,14,2418,0,25,Premium,0.9125000000000001,0.11999999999999988,0.4897959183673469,0,53.59,Average,2,Premium Customers
2138,27,Male,Socks,Clothing,51,Indiana,XL,Purple,Winter,4.6,No,2-Day Shipping,No,20,Credit Card,Every 3 Months,Young Adult,90,1071,0,20,Silver,0.38750000000000007,0.8399999999999999,0.38775510204081626,0,43.93,Average,1,High-Spending Customers
2139,67,Male,Sweater,Clothing,42,Mississippi,M,Teal,Fall,2.8,No,Next Day Air,No,36,Venmo,Quarterly,Senior,90,1554,0,36,Gold,0.275,0.11999999999999988,0.7142857142857142,0,34.83,At Risk,3,Loyal Customers
2140,40,Male,Boots,Footwear,95,New York,M,Red,Winter,3.0,No,Free Shipping,No,33,Cash,Weekly,Adult,7,3230,0,33,Premium,0.9375,0.20000000000000018,0.6530612244897959,0,61.09,Healthy,2,Premium Customers
2141,53,Male,Handbag,Accessories,90,New Mexico,M,Brown,Fall,3.7,No,Standard,No,36,Cash,Fortnightly,Middle-aged,14,3330,0,36,Premium,0.875,0.4800000000000002,0.7142857142857142,0,66.03,Healthy,2,Premium Customers
2142,24,Male,Dress,Clothing,98,Kentucky,M,Peach,Winter,4.1,No,2-Day Shipping,No,32,PayPal,Annually,Young Adult,365,3234,0,32,Premium,0.9750000000000001,0.6399999999999999,0.6326530612244897,0,70.78,Healthy,2,Premium Customers
2143,47,Male,Hat,Accessories,39,North Dakota,M,Maroon,Winter,4.3,No,Next Day Air,No,21,Venmo,Quarterly,Middle-aged,90,858,0,21,Silver,0.23750000000000004,0.72,0.4081632653061224,0,36.14,At Risk,0,At-Risk Customers
2144,53,Male,Sandals,Footwear,66,Arkansas,L,Red,Fall,3.8,No,Next Day Air,No,48,Venmo,Bi-Weekly,Middle-aged,14,3234,0,48,Premium,0.5750000000000001,0.52,0.9591836734693877,0,62.18,Healthy,2,Premium Customers
2145,47,Male,Shoes,Footwear,23,Maryland,L,Orange,Winter,3.7,No,Free Shipping,No,25,PayPal,Quarterly,Middle-aged,90,598,0,25,Bronze,0.03750000000000003,0.4800000000000002,0.4897959183673469,0,25.79,At Risk,0,At-Risk Customers
2146,38,Male,Skirt,Clothing,73,Connecticut,S,White,Winter,4.8,No,Standard,No,32,PayPal,Annually,Adult,365,2409,0,32,Premium,0.6625000000000001,0.9199999999999999,0.6326530612244897,0,63.88,Healthy,2,Premium Customers
2147,48,Male,Sunglasses,Accessories,23,Utah,XL,White,Summer,4.6,No,Standard,No,45,PayPal,Every 3 Months,Middle-aged,90,1058,0,45,Silver,0.03750000000000003,0.8399999999999999,0.8979591836734693,0,45.24,Average,3,Loyal Customers
2148,47,Male,Skirt,Clothing,43,Missouri,S,Charcoal,Fall,4.8,No,Standard,No,4,Cash,Fortnightly,Middle-aged,14,215,0,4,Bronze,0.2875,0.9199999999999999,0.061224489795918366,0,31.74,At Risk,0,At-Risk Customers
2149,19,Male,T-shirt,Clothing,45,Nebraska,XL,Turquoise,Winter,4.6,No,2-Day Shipping,No,19,PayPal,Bi-Weekly,Young Adult,14,900,0,19,Silver,0.3125,0.8399999999999999,0.36734693877551017,0,40.32,Average,0,At-Risk Customers
2150,38,Male,Sandals,Footwear,21,Hawaii,L,Orange,Winter,4.0,No,Standard,No,1,Bank Transfer,Weekly,Adult,7,42,0,1,Bronze,0.012500000000000011,0.6000000000000001,0.0,0,12.5,At Risk,0,At-Risk Customers
2151,57,Male,Shirt,Clothing,40,Illinois,M,Orange,Spring,2.6,No,2-Day Shipping,No,12,Cash,Weekly,Middle-aged,7,520,0,12,Bronze,0.25,0.040000000000000036,0.22448979591836735,0,17.53,At Risk,0,At-Risk Customers
2152,70,Male,Jeans,Clothing,58,Vermont,L,Brown,Fall,2.6,No,2-Day Shipping,No,18,Venmo,Monthly,Senior,30,1102,0,18,Silver,0.4750000000000001,0.040000000000000036,0.346938775510204,0,30.21,At Risk,0,At-Risk Customers
2153,38,Male,Shorts,Clothing,48,New Jersey,L,Magenta,Summer,4.5,No,Next Day Air,No,43,Bank Transfer,Bi-Weekly,Adult,14,2112,0,43,Gold,0.3500000000000001,0.8,0.8571428571428571,0,55.71,Average,3,Loyal Customers
2154,35,Male,Shirt,Clothing,94,Kentucky,M,Violet,Fall,4.2,No,Free Shipping,No,31,PayPal,Annually,Adult,365,3008,0,31,Premium,0.925,0.6800000000000002,0.6122448979591836,0,68.97,Healthy,2,Premium Customers
2155,46,Male,Scarf,Accessories,74,Wyoming,M,Violet,Spring,3.4,No,Store Pickup,No,33,Cash,Every 3 Months,Middle-aged,90,2516,0,33,Premium,0.675,0.3600000000000001,0.6530612244897959,0,53.79,Average,2,Premium Customers
2156,32,Male,Handbag,Accessories,51,Hawaii,L,Yellow,Fall,3.7,No,Store Pickup,No,46,PayPal,Monthly,Adult,30,2397,0,46,Premium,0.38750000000000007,0.4800000000000002,0.9183673469387754,0,52.65,Average,3,Loyal Customers
2157,38,Male,Skirt,Clothing,83,Missouri,M,Maroon,Winter,3.6,No,Next Day Air,No,41,Debit Card,Bi-Weekly,Adult,14,3486,0,41,Premium,0.7875000000000001,0.44000000000000017,0.8163265306122448,0,64.79,Healthy,2,Premium Customers
2158,41,Male,Handbag,Accessories,68,Mississippi,L,Turquoise,Winter,4.0,No,Next Day Air,No,41,Venmo,Fortnightly,Adult,14,2856,0,41,Premium,0.6000000000000001,0.6000000000000001,0.8163265306122448,0,60.49,Healthy,2,Premium Customers
2159,19,Male,Gloves,Accessories,84,Massachusetts,XL,Olive,Spring,4.6,No,Standard,No,9,Bank Transfer,Fortnightly,Young Adult,14,840,0,9,Silver,0.8,0.8399999999999999,0.16326530612244897,0,53.7,Average,1,High-Spending Customers
2160,18,Male,Shirt,Clothing,58,Louisiana,M,Peach,Fall,3.0,No,Free Shipping,No,34,Cash,Annually,Young Adult,365,2030,0,34,Gold,0.4750000000000001,0.20000000000000018,0.673469387755102,0,43.2,Average,3,Loyal Customers
2161,45,Male,Blouse,Clothing,92,West Virginia,L,Charcoal,Winter,3.3,No,Express,No,21,PayPal,Annually,Middle-aged,365,2024,0,21,Gold,0.9000000000000001,0.32000000000000006,0.4081632653061224,0,54.64,Average,1,High-Spending Customers
2162,23,Male,Dress,Clothing,69,Washington,S,Peach,Summer,3.8,No,Express,No,5,Debit Card,Fortnightly,Young Adult,14,414,0,5,Bronze,0.6125,0.52,0.08163265306122448,0,37.35,At Risk,1,High-Spending Customers
2163,60,Male,Shorts,Clothing,48,Oregon,S,Black,Summer,2.7,No,Free Shipping,No,32,PayPal,Weekly,Senior,7,1584,0,32,Gold,0.3500000000000001,0.08000000000000007,0.6326530612244897,0,34.58,At Risk,3,Loyal Customers
2164,52,Male,Shoes,Footwear,60,New York,L,Gray,Spring,4.5,No,Express,No,44,Bank Transfer,Monthly,Middle-aged,30,2700,0,44,Premium,0.5,0.8,0.8775510204081631,0,62.33,Healthy,2,Premium Customers
2165,42,Male,Sandals,Footwear,20,Iowa,S,Olive,Winter,4.8,No,Next Day Air,No,46,PayPal,Bi-Weekly,Adult,14,940,0,46,Silver,0.0,0.9199999999999999,0.9183673469387754,0,45.95,Average,3,Loyal Customers
2166,29,Male,Pants,Clothing,55,Idaho,M,Turquoise,Summer,4.2,No,Express,No,42,Credit Card,Every 3 Months,Young Adult,90,2365,0,42,Premium,0.4375,0.6800000000000002,0.836734693877551,0,56.2,Average,3,Loyal Customers
2167,31,Male,Jacket,Outerwear,88,New Jersey,S,Purple,Spring,3.5,No,Express,No,50,Credit Card,Bi-Weekly,Young Adult,14,4488,0,50,Premium,0.8500000000000001,0.40000000000000013,1.0,0,72.0,Healthy,2,Premium Customers
2168,30,Male,Skirt,Clothing,48,Ohio,L,Green,Winter,4.9,No,Standard,No,33,Venmo,Fortnightly,Young Adult,14,1632,0,33,Gold,0.3500000000000001,0.9600000000000002,0.6530612244897959,0,52.79,Average,3,Loyal Customers
2169,23,Male,Handbag,Accessories,74,Connecticut,M,Beige,Spring,4.1,No,Next Day Air,No,32,Cash,Quarterly,Young Adult,90,2442,0,32,Premium,0.675,0.6399999999999999,0.6326530612244897,0,58.78,Average,2,Premium Customers
2170,31,Male,Coat,Outerwear,42,Florida,M,Brown,Fall,2.9,No,Next Day Air,No,32,Bank Transfer,Bi-Weekly,Young Adult,14,1386,0,32,Gold,0.275,0.15999999999999992,0.6326530612244897,0,33.18,At Risk,3,Loyal Customers
2171,40,Male,Sweater,Clothing,32,South Carolina,M,Turquoise,Fall,4.0,No,Next Day Air,No,37,Venmo,Every 3 Months,Adult,90,1216,0,37,Silver,0.15000000000000002,0.6000000000000001,0.7346938775510203,0,40.04,Average,3,Loyal Customers
2172,39,Male,Shorts,Clothing,98,Missouri,M,Yellow,Summer,4.6,No,Store Pickup,No,9,Cash,Fortnightly,Adult,14,980,0,9,Silver,0.9750000000000001,0.8399999999999999,0.16326530612244897,0,60.7,Healthy,1,High-Spending Customers
2173,28,Male,Skirt,Clothing,89,Rhode Island,S,Lavender,Fall,2.8,No,Store Pickup,No,6,PayPal,Fortnightly,Young Adult,14,623,0,6,Bronze,0.8625,0.11999999999999988,0.10204081632653061,0,39.96,At Risk,1,High-Spending Customers
2174,23,Male,Gloves,Accessories,97,Delaware,S,Cyan,Summer,5.0,No,2-Day Shipping,No,36,Venmo,Quarterly,Young Adult,90,3589,0,36,Premium,0.9625000000000001,1.0,0.7142857142857142,0,79.93,Healthy,2,Premium Customers
2175,42,Male,Backpack,Accessories,49,Colorado,S,Olive,Spring,2.9,No,Store Pickup,No,1,Cash,Annually,Adult,365,98,0,1,Bronze,0.36250000000000004,0.15999999999999992,0.0,0,17.7,At Risk,0,At-Risk Customers
2176,68,Male,Dress,Clothing,50,Nebraska,M,Silver,Spring,3.3,No,Free Shipping,No,48,Credit Card,Fortnightly,Senior,14,2450,0,48,Premium,0.375,0.32000000000000006,0.9591836734693877,0,50.18,Average,3,Loyal Customers
2177,24,Male,Belt,Accessories,91,Vermont,S,Red,Winter,3.4,No,2-Day Shipping,No,44,Debit Card,Quarterly,Young Adult,90,4095,0,44,Premium,0.8875,0.3600000000000001,0.8775510204081631,0,69.03,Healthy,2,Premium Customers
2178,24,Male,Gloves,Accessories,93,Montana,XL,Green,Winter,3.0,No,Express,No,9,PayPal,Bi-Weekly,Young Adult,14,930,0,9,Silver,0.9125000000000001,0.20000000000000018,0.16326530612244897,0,45.4,Average,1,High-Spending Customers
2179,21,Male,Jewelry,Accessories,98,Florida,M,Gold,Summer,4.7,No,Standard,No,32,Venmo,Annually,Young Adult,365,3234,0,32,Premium,0.9750000000000001,0.8800000000000001,0.6326530612244897,0,75.58,Healthy,2,Premium Customers
2180,49,Male,Socks,Clothing,82,Delaware,L,Lavender,Fall,2.9,No,Next Day Air,No,14,PayPal,Monthly,Middle-aged,30,1230,0,14,Silver,0.7750000000000001,0.15999999999999992,0.26530612244897955,0,42.16,Average,1,High-Spending Customers
2181,41,Male,Coat,Outerwear,37,Connecticut,M,Yellow,Summer,4.1,No,Store Pickup,No,43,Cash,Quarterly,Adult,90,1628,0,43,Gold,0.21250000000000002,0.6399999999999999,0.8571428571428571,0,47.01,Average,3,Loyal Customers
2182,22,Male,Handbag,Accessories,63,Hawaii,M,Black,Fall,3.2,No,Free Shipping,No,32,Bank Transfer,Bi-Weekly,Young Adult,14,2079,0,32,Gold,0.5375000000000001,0.28000000000000025,0.6326530612244897,0,46.08,Average,3,Loyal Customers
2183,42,Male,Blouse,Clothing,99,New Mexico,M,Maroon,Winter,2.7,No,Store Pickup,No,26,Venmo,Bi-Weekly,Adult,14,2673,0,26,Premium,0.9875,0.08000000000000007,0.510204081632653,0,56.41,Average,2,Premium Customers
2184,30,Male,Shorts,Clothing,37,Kansas,M,Maroon,Spring,4.7,No,Store Pickup,No,2,Cash,Monthly,Young Adult,30,111,0,2,Bronze,0.21250000000000002,0.8800000000000001,0.02040816326530612,0,26.71,At Risk,0,At-Risk Customers
2185,38,Male,Shoes,Footwear,34,Nevada,S,Gold,Spring,3.2,No,Free Shipping,No,16,PayPal,Every 3 Months,Adult,90,578,0,16,Bronze,0.17500000000000004,0.28000000000000025,0.3061224489795918,0,21.78,At Risk,0,At-Risk Customers
2186,40,Male,Shorts,Clothing,32,North Carolina,M,Violet,Winter,2.5,No,Express,No,50,Debit Card,Every 3 Months,Adult,90,1632,0,50,Gold,0.15000000000000002,0.0,1.0,0,36.0,At Risk,3,Loyal Customers
2187,55,Male,Sandals,Footwear,23,New Mexico,XL,Teal,Winter,4.3,No,Next Day Air,No,6,PayPal,Every 3 Months,Middle-aged,90,161,0,6,Bronze,0.03750000000000003,0.72,0.10204081632653061,0,18.96,At Risk,0,At-Risk Customers
2188,37,Male,Blouse,Clothing,78,Idaho,M,Violet,Spring,4.4,No,Free Shipping,No,20,PayPal,Annually,Adult,365,1638,0,20,Gold,0.7250000000000001,0.7600000000000002,0.38775510204081626,0,55.83,Average,1,High-Spending Customers
2189,41,Male,Coat,Outerwear,54,California,M,Brown,Winter,4.7,No,Next Day Air,No,9,Credit Card,Weekly,Adult,7,540,0,9,Bronze,0.42500000000000004,0.8800000000000001,0.16326530612244897,0,39.5,At Risk,1,High-Spending Customers
2190,38,Male,Blouse,Clothing,94,Wisconsin,XL,Brown,Fall,4.0,No,Express,No,47,Credit Card,Bi-Weekly,Adult,14,4512,0,47,Premium,0.925,0.6000000000000001,0.9387755102040816,0,77.16,Healthy,2,Premium Customers
2191,42,Male,Belt,Accessories,75,Alaska,S,Maroon,Spring,4.6,No,Express,No,33,Credit Card,Annually,Adult,365,2550,0,33,Premium,0.6875,0.8399999999999999,0.6530612244897959,0,63.89,Healthy,2,Premium Customers
2192,26,Male,Blouse,Clothing,69,Pennsylvania,S,Maroon,Summer,3.8,No,Next Day Air,No,46,Cash,Bi-Weekly,Young Adult,14,3243,0,46,Premium,0.6125,0.52,0.9183673469387754,0,62.45,Healthy,2,Premium Customers
2193,41,Male,Scarf,Accessories,35,Virginia,L,Yellow,Winter,3.2,No,Next Day Air,No,9,Credit Card,Monthly,Adult,30,350,0,9,Bronze,0.1875,0.28000000000000025,0.16326530612244897,0,18.0,At Risk,0,At-Risk Customers
2194,27,Male,Shirt,Clothing,78,California,L,Turquoise,Spring,5.0,No,Express,No,8,PayPal,Monthly,Young Adult,30,702,0,8,Silver,0.7250000000000001,1.0,0.14285714285714285,0,53.29,Average,1,High-Spending Customers
2195,61,Male,Socks,Clothing,29,Kentucky,M,Silver,Summer,3.5,No,Standard,No,48,Bank Transfer,Quarterly,Senior,90,1421,0,48,Gold,0.11250000000000004,0.40000000000000013,0.9591836734693877,0,41.28,Average,3,Loyal Customers
2196,58,Male,Jeans,Clothing,62,New York,M,Brown,Fall,3.7,No,Next Day Air,No,2,Cash,Monthly,Senior,30,186,0,2,Bronze,0.525,0.4800000000000002,0.02040816326530612,0,31.21,At Risk,0,At-Risk Customers
2197,25,Male,Dress,Clothing,58,Vermont,M,Gray,Spring,4.8,No,Next Day Air,No,31,PayPal,Weekly,Young Adult,7,1856,0,31,Gold,0.4750000000000001,0.9199999999999999,0.6122448979591836,0,55.77,Average,3,Loyal Customers
2198,33,Male,Boots,Footwear,88,Pennsylvania,M,Indigo,Summer,3.7,No,2-Day Shipping,No,40,Venmo,Monthly,Adult,30,3608,0,40,Premium,0.8500000000000001,0.4800000000000002,0.7959183673469387,0,67.48,Healthy,2,Premium Customers
2199,57,Male,Scarf,Accessories,80,New York,L,Turquoise,Summer,3.5,No,Free Shipping,No,35,Venmo,Monthly,Middle-aged,30,2880,0,35,Premium,0.75,0.40000000000000013,0.693877551020408,0,58.82,Average,2,Premium Customers
2200,39,Male,Scarf,Accessories,47,North Carolina,M,Maroon,Summer,4.9,No,Store Pickup,No,40,Debit Card,Monthly,Adult,30,1927,0,40,Gold,0.3375,0.9600000000000002,0.7959183673469387,0,56.58,Average,3,Loyal Customers
2201,60,Male,Gloves,Accessories,51,Wyoming,L,Charcoal,Summer,4.7,No,Next Day Air,No,27,Debit Card,Every 3 Months,Senior,90,1428,0,27,Gold,0.38750000000000007,0.8800000000000001,0.5306122448979591,0,49.02,Average,3,Loyal Customers
2202,39,Male,Pants,Clothing,25,Ohio,L,Peach,Spring,4.9,No,2-Day Shipping,No,10,Venmo,Annually,Adult,365,275,0,10,Bronze,0.0625,0.9600000000000002,0.18367346938775508,0,27.21,At Risk,0,At-Risk Customers
2203,42,Male,Dress,Clothing,36,Alabama,M,Red,Summer,4.3,No,Next Day Air,No,23,Credit Card,Weekly,Adult,7,864,0,23,Silver,0.2,0.72,0.44897959183673464,0,35.87,At Risk,0,At-Risk Customers
2204,53,Male,Dress,Clothing,79,Rhode Island,M,Indigo,Winter,3.1,No,Free Shipping,No,32,Cash,Quarterly,Middle-aged,90,2607,0,32,Premium,0.7375,0.2400000000000002,0.6326530612244897,0,53.28,Average,2,Premium Customers
2205,20,Male,Jeans,Clothing,41,Oregon,S,Lavender,Winter,3.4,No,2-Day Shipping,No,6,Debit Card,Monthly,Young Adult,30,287,0,6,Bronze,0.26250000000000007,0.3600000000000001,0.10204081632653061,0,20.76,At Risk,0,At-Risk Customers
2206,46,Male,Sweater,Clothing,68,North Dakota,XL,Red,Fall,2.7,No,Express,No,27,PayPal,Weekly,Middle-aged,7,1904,0,27,Gold,0.6000000000000001,0.08000000000000007,0.5306122448979591,0,41.52,Average,3,Loyal Customers
2207,46,Male,Sandals,Footwear,51,Illinois,L,Green,Spring,2.6,No,Store Pickup,No,25,Bank Transfer,Fortnightly,Middle-aged,14,1326,0,25,Silver,0.38750000000000007,0.040000000000000036,0.4897959183673469,0,30.99,At Risk,0,At-Risk Customers
2208,69,Male,Handbag,Accessories,38,New Mexico,M,Gray,Fall,2.9,No,Next Day Air,No,11,Credit Card,Annually,Senior,365,456,0,11,Bronze,0.22500000000000003,0.15999999999999992,0.2040816326530612,0,18.32,At Risk,0,At-Risk Customers
2209,28,Male,Scarf,Accessories,46,Colorado,XL,Violet,Summer,2.7,No,2-Day Shipping,No,23,PayPal,Monthly,Young Adult,30,1104,0,23,Silver,0.32500000000000007,0.08000000000000007,0.44897959183673464,0,28.07,At Risk,0,At-Risk Customers
2210,42,Male,Sandals,Footwear,20,Utah,XL,Beige,Summer,4.5,No,2-Day Shipping,No,44,Bank Transfer,Quarterly,Adult,90,900,0,44,Silver,0.0,0.8,0.8775510204081631,0,42.33,Average,3,Loyal Customers
2211,30,Male,Sunglasses,Accessories,25,Virginia,M,Orange,Summer,3.1,No,Store Pickup,No,35,PayPal,Fortnightly,Young Adult,14,900,0,35,Silver,0.0625,0.2400000000000002,0.693877551020408,0,28.12,At Risk,3,Loyal Customers
2212,50,Male,Sweater,Clothing,89,Maine,L,Purple,Winter,3.2,No,Free Shipping,No,45,Debit Card,Every 3 Months,Middle-aged,90,4094,0,45,Premium,0.8625,0.28000000000000025,0.8979591836734693,0,67.04,Healthy,2,Premium Customers
2213,59,Male,Pants,Clothing,77,Nebraska,M,Brown,Winter,3.3,No,Next Day Air,No,22,Bank Transfer,Quarterly,Senior,90,1771,0,22,Gold,0.7125,0.32000000000000006,0.4285714285714285,0,47.76,Average,1,High-Spending Customers
2214,54,Male,Hat,Accessories,94,Hawaii,M,Maroon,Fall,2.9,No,Express,No,18,Debit Card,Quarterly,Middle-aged,90,1786,0,18,Gold,0.925,0.15999999999999992,0.346938775510204,0,50.61,Average,1,High-Spending Customers
2215,50,Male,Belt,Accessories,100,Idaho,L,Gold,Fall,4.1,No,Standard,No,20,Debit Card,Weekly,Middle-aged,7,2100,0,20,Gold,1.0,0.6399999999999999,0.38775510204081626,0,64.43,Healthy,1,High-Spending Customers
2216,25,Male,Sandals,Footwear,96,West Virginia,M,Indigo,Winter,2.7,No,Express,No,28,Credit Card,Fortnightly,Young Adult,14,2784,0,28,Premium,0.9500000000000002,0.08000000000000007,0.5510204081632653,0,56.13,Average,2,Premium Customers
2217,41,Male,Pants,Clothing,36,Vermont,XL,Silver,Winter,4.0,No,Store Pickup,No,15,Venmo,Bi-Weekly,Adult,14,576,0,15,Bronze,0.2,0.6000000000000001,0.28571428571428564,0,28.57,At Risk,0,At-Risk Customers
2218,35,Male,Jewelry,Accessories,27,Indiana,XL,Red,Fall,2.6,No,Store Pickup,No,42,Bank Transfer,Fortnightly,Adult,14,1161,0,42,Silver,0.08750000000000002,0.040000000000000036,0.836734693877551,0,29.4,At Risk,3,Loyal Customers
2219,67,Male,Sunglasses,Accessories,67,Idaho,M,Magenta,Winter,3.5,No,Store Pickup,No,20,Debit Card,Quarterly,Senior,90,1407,0,20,Gold,0.5875,0.40000000000000013,0.38775510204081626,0,43.13,Average,1,High-Spending Customers
2220,33,Male,Blouse,Clothing,91,Minnesota,S,Purple,Fall,2.8,No,Store Pickup,No,16,Bank Transfer,Fortnightly,Adult,14,1547,0,16,Gold,0.8875,0.11999999999999988,0.3061224489795918,0,47.08,Average,1,High-Spending Customers
2221,19,Male,Belt,Accessories,62,Wyoming,XL,Beige,Fall,4.5,No,Store Pickup,No,47,Cash,Annually,Young Adult,365,2976,0,47,Premium,0.525,0.8,0.9387755102040816,0,65.16,Healthy,2,Premium Customers
2222,25,Male,Shorts,Clothing,88,Kansas,XL,White,Fall,3.0,No,Free Shipping,No,34,Credit Card,Annually,Young Adult,365,3080,0,34,Premium,0.8500000000000001,0.20000000000000018,0.673469387755102,0,58.2,Average,2,Premium Customers
2223,32,Male,Pants,Clothing,66,Georgia,M,Teal,Summer,4.4,No,Store Pickup,No,30,Credit Card,Weekly,Adult,7,2046,0,30,Gold,0.5750000000000001,0.7600000000000002,0.5918367346938774,0,55.96,Average,3,Loyal Customers
2224,30,Male,Sandals,Footwear,65,Kansas,M,Gray,Fall,4.7,No,Next Day Air,No,5,PayPal,Quarterly,Young Adult,90,390,0,5,Bronze,0.5625,0.8800000000000001,0.08163265306122448,0,42.55,Average,1,High-Spending Customers
2225,18,Male,Gloves,Accessories,25,Nebraska,L,Charcoal,Winter,4.3,No,Standard,No,38,Cash,Quarterly,Young Adult,90,975,0,38,Silver,0.0625,0.72,0.7551020408163265,0,39.55,At Risk,3,Loyal Customers
2226,38,Male,Belt,Accessories,64,Washington,S,Olive,Spring,4.8,No,Free Shipping,No,18,Credit Card,Annually,Adult,365,1216,0,18,Silver,0.55,0.9199999999999999,0.346938775510204,0,50.81,Average,1,High-Spending Customers
2227,22,Male,Shirt,Clothing,72,Missouri,L,Blue,Spring,4.8,No,Store Pickup,No,28,Cash,Annually,Young Adult,365,2088,0,28,Gold,0.65,0.9199999999999999,0.5510204081632653,0,60.93,Healthy,2,Premium Customers
2228,40,Male,Scarf,Accessories,74,Washington,S,Gray,Summer,4.4,No,Next Day Air,No,42,Credit Card,Fortnightly,Adult,14,3182,0,42,Premium,0.675,0.7600000000000002,0.836734693877551,0,67.3,Healthy,2,Premium Customers
2229,54,Male,Gloves,Accessories,50,Kansas,M,Green,Fall,3.7,No,Free Shipping,No,5,Credit Card,Weekly,Middle-aged,7,300,0,5,Bronze,0.375,0.4800000000000002,0.08163265306122448,0,27.05,At Risk,0,At-Risk Customers
2230,70,Male,Pants,Clothing,97,Minnesota,M,Silver,Fall,3.9,No,Express,No,50,Venmo,Monthly,Senior,30,4947,0,50,Premium,0.9625000000000001,0.56,1.0,0,79.7,Healthy,2,Premium Customers
2231,52,Male,Sneakers,Footwear,36,Colorado,S,Teal,Spring,3.8,No,Express,No,33,Venmo,Fortnightly,Middle-aged,14,1224,0,33,Silver,0.2,0.52,0.6530612244897959,0,37.99,At Risk,3,Loyal Customers
2232,34,Male,Jacket,Outerwear,49,Utah,M,Beige,Fall,4.1,No,Store Pickup,No,1,Credit Card,Weekly,Adult,7,98,0,1,Bronze,0.36250000000000004,0.6399999999999999,0.0,0,27.3,At Risk,0,At-Risk Customers
2233,65,Male,Shoes,Footwear,64,North Carolina,L,Lavender,Spring,4.0,No,Store Pickup,No,14,Cash,Fortnightly,Senior,14,960,0,14,Silver,0.55,0.6000000000000001,0.26530612244897955,0,41.96,Average,1,High-Spending Customers
2234,38,Male,Blouse,Clothing,31,Florida,XL,Gray,Summer,4.5,No,Express,No,48,Credit Card,Monthly,Adult,30,1519,0,48,Gold,0.1375,0.8,0.9591836734693877,0,50.28,Average,3,Loyal Customers
2235,35,Male,Boots,Footwear,66,New Hampshire,S,Yellow,Winter,4.0,No,Express,No,26,Cash,Weekly,Adult,7,1782,0,26,Gold,0.5750000000000001,0.6000000000000001,0.510204081632653,0,50.31,Average,1,High-Spending Customers
2236,40,Male,Socks,Clothing,82,Illinois,M,Gray,Spring,4.5,No,2-Day Shipping,No,44,Credit Card,Annually,Adult,365,3690,0,44,Premium,0.7750000000000001,0.8,0.8775510204081631,0,73.33,Healthy,2,Premium Customers
2237,23,Male,T-shirt,Clothing,88,Louisiana,M,Yellow,Winter,2.7,No,Standard,No,18,Debit Card,Fortnightly,Young Adult,14,1672,0,18,Gold,0.8500000000000001,0.08000000000000007,0.346938775510204,0,46.01,Average,1,High-Spending Customers
2238,45,Male,Sandals,Footwear,34,Alabama,S,Black,Summer,3.8,No,Next Day Air,No,31,Venmo,Every 3 Months,Middle-aged,90,1088,0,31,Silver,0.17500000000000004,0.52,0.6122448979591836,0,35.77,At Risk,3,Loyal Customers
2239,40,Male,Sneakers,Footwear,84,Florida,L,Beige,Winter,3.8,No,Standard,No,18,Debit Card,Weekly,Adult,7,1596,0,18,Gold,0.8,0.52,0.346938775510204,0,52.81,Average,1,High-Spending Customers
2240,42,Male,Jewelry,Accessories,96,Alabama,L,Indigo,Summer,3.8,No,2-Day Shipping,No,41,Credit Card,Every 3 Months,Adult,90,4032,0,41,Premium,0.9500000000000002,0.52,0.8163265306122448,0,72.89,Healthy,2,Premium Customers
2241,57,Male,Sandals,Footwear,71,California,L,Green,Winter,4.3,No,Next Day Air,No,18,Debit Card,Every 3 Months,Middle-aged,90,1349,0,18,Gold,0.6375000000000001,0.72,0.346938775510204,0,50.31,Average,1,High-Spending Customers
2242,18,Male,Jacket,Outerwear,77,Maryland,M,Purple,Summer,3.5,No,Free Shipping,No,3,Bank Transfer,Bi-Weekly,Young Adult,14,308,0,3,Bronze,0.7125,0.40000000000000013,0.04081632653061225,0,37.72,At Risk,1,High-Spending Customers
2243,18,Male,Skirt,Clothing,66,Nevada,M,Orange,Spring,3.8,No,Next Day Air,No,5,Credit Card,Bi-Weekly,Young Adult,14,396,0,5,Bronze,0.5750000000000001,0.52,0.08163265306122448,0,35.85,At Risk,1,High-Spending Customers
2244,56,Male,Shirt,Clothing,21,Massachusetts,M,Teal,Winter,3.7,No,2-Day Shipping,No,13,Debit Card,Annually,Middle-aged,365,294,0,13,Bronze,0.012500000000000011,0.4800000000000002,0.24489795918367344,0,17.45,At Risk,0,At-Risk Customers
2245,35,Male,Shorts,Clothing,37,South Carolina,M,Gold,Summer,4.8,No,2-Day Shipping,No,22,PayPal,Annually,Adult,365,851,0,22,Silver,0.21250000000000002,0.9199999999999999,0.4285714285714285,0,39.76,At Risk,0,At-Risk Customers
2246,49,Male,Socks,Clothing,90,Delaware,L,Gray,Fall,4.9,No,Free Shipping,No,45,PayPal,Fortnightly,Middle-aged,14,4140,0,45,Premium,0.875,0.9600000000000002,0.8979591836734693,0,81.14,Excellent,2,Premium Customers
2247,49,Male,Jacket,Outerwear,96,Hawaii,M,Cyan,Fall,4.3,No,Store Pickup,No,39,PayPal,Every 3 Months,Middle-aged,90,3840,0,39,Premium,0.9500000000000002,0.72,0.7755102040816325,0,75.67,Healthy,2,Premium Customers
2248,34,Male,Jewelry,Accessories,37,Florida,L,Teal,Summer,4.4,No,Next Day Air,No,18,Venmo,Annually,Adult,365,703,0,18,Silver,0.21250000000000002,0.7600000000000002,0.346938775510204,0,34.11,At Risk,0,At-Risk Customers
2249,63,Male,T-shirt,Clothing,66,Rhode Island,M,Violet,Winter,3.4,No,Free Shipping,No,19,PayPal,Fortnightly,Senior,14,1320,0,19,Silver,0.5750000000000001,0.3600000000000001,0.36734693877551017,0,41.22,Average,1,High-Spending Customers
2250,42,Male,Gloves,Accessories,45,Wyoming,XL,Indigo,Spring,4.3,No,Next Day Air,No,29,Debit Card,Weekly,Adult,7,1350,0,29,Gold,0.3125,0.72,0.5714285714285714,0,44.04,Average,3,Loyal Customers
2251,41,Male,Shoes,Footwear,89,Colorado,L,Pink,Summer,4.6,No,Store Pickup,No,19,Credit Card,Weekly,Adult,7,1780,0,19,Gold,0.8625,0.8399999999999999,0.36734693877551017,0,62.32,Healthy,1,High-Spending Customers
2252,26,Male,Shoes,Footwear,94,Virginia,L,Gold,Fall,3.8,No,Free Shipping,No,22,Debit Card,Monthly,Young Adult,30,2162,0,22,Gold,0.925,0.52,0.4285714285714285,0,60.26,Healthy,1,High-Spending Customers
2253,48,Male,Shoes,Footwear,96,Nebraska,S,Maroon,Summer,3.9,No,Express,No,21,Bank Transfer,Annually,Middle-aged,365,2112,0,21,Gold,0.9500000000000002,0.56,0.4081632653061224,0,61.44,Healthy,1,High-Spending Customers
2254,62,Male,Hoodie,Clothing,31,Oklahoma,M,Brown,Spring,2.6,No,Store Pickup,No,22,PayPal,Monthly,Senior,30,713,0,22,Silver,0.1375,0.040000000000000036,0.4285714285714285,0,19.16,At Risk,0,At-Risk Customers
2255,24,Male,Belt,Accessories,79,North Dakota,M,Gold,Winter,4.2,No,Store Pickup,No,44,PayPal,Every 3 Months,Young Adult,90,3555,0,44,Premium,0.7375,0.6800000000000002,0.8775510204081631,0,69.43,Healthy,2,Premium Customers
2256,48,Male,Coat,Outerwear,39,Michigan,L,Teal,Spring,4.6,No,Store Pickup,No,42,Bank Transfer,Quarterly,Middle-aged,90,1677,0,42,Gold,0.23750000000000004,0.8399999999999999,0.836734693877551,0,51.4,Average,3,Loyal Customers
2257,31,Male,Blouse,Clothing,22,California,M,Turquoise,Fall,5.0,No,Standard,No,33,Credit Card,Quarterly,Young Adult,90,748,0,33,Silver,0.025000000000000022,1.0,0.6530612244897959,0,40.59,Average,3,Loyal Customers
2258,41,Male,Skirt,Clothing,32,Tennessee,L,Olive,Fall,4.2,No,Standard,No,6,Bank Transfer,Annually,Adult,365,224,0,6,Bronze,0.15000000000000002,0.6800000000000002,0.10204081632653061,0,22.66,At Risk,0,At-Risk Customers
2259,24,Male,T-shirt,Clothing,71,Ohio,L,Cyan,Winter,4.3,No,Store Pickup,No,44,Credit Card,Every 3 Months,Young Adult,90,3195,0,44,Premium,0.6375000000000001,0.72,0.8775510204081631,0,66.23,Healthy,2,Premium Customers
2260,60,Male,Jeans,Clothing,96,Florida,XL,Beige,Spring,3.3,No,Free Shipping,No,24,Cash,Annually,Senior,365,2400,0,24,Premium,0.9500000000000002,0.32000000000000006,0.4693877551020408,0,58.48,Average,2,Premium Customers
2261,38,Male,Scarf,Accessories,82,Missouri,M,Blue,Fall,4.9,No,Express,No,16,PayPal,Quarterly,Adult,90,1394,0,16,Gold,0.7750000000000001,0.9600000000000002,0.3061224489795918,0,59.38,Average,1,High-Spending Customers
2262,58,Male,Backpack,Accessories,76,South Carolina,L,Gold,Spring,4.4,No,Standard,No,12,Bank Transfer,Fortnightly,Senior,14,988,0,12,Silver,0.7000000000000001,0.7600000000000002,0.22448979591836735,0,49.93,Average,1,High-Spending Customers
2263,53,Male,Backpack,Accessories,22,Arizona,M,Green,Winter,3.1,No,2-Day Shipping,No,50,PayPal,Monthly,Middle-aged,30,1122,0,50,Silver,0.025000000000000022,0.2400000000000002,1.0,0,35.8,At Risk,3,Loyal Customers
2264,44,Male,Scarf,Accessories,40,Indiana,XL,Green,Winter,3.5,No,Store Pickup,No,42,Cash,Quarterly,Adult,90,1720,0,42,Gold,0.25,0.40000000000000013,0.836734693877551,0,43.1,Average,3,Loyal Customers
2265,51,Male,Hat,Accessories,92,North Dakota,M,Turquoise,Summer,3.9,No,2-Day Shipping,No,50,PayPal,Monthly,Middle-aged,30,4692,0,50,Premium,0.9000000000000001,0.56,1.0,0,77.2,Healthy,2,Premium Customers
2266,36,Male,Coat,Outerwear,94,Montana,XL,Yellow,Fall,3.9,No,Store Pickup,No,10,PayPal,Quarterly,Adult,90,1034,0,10,Silver,0.925,0.56,0.18367346938775508,0,53.71,Average,1,High-Spending Customers
2267,20,Male,Dress,Clothing,44,Missouri,M,Yellow,Fall,4.3,No,Store Pickup,No,32,Debit Card,Weekly,Young Adult,7,1452,0,32,Gold,0.30000000000000004,0.72,0.6326530612244897,0,45.38,Average,3,Loyal Customers
2268,32,Male,Gloves,Accessories,49,Kentucky,S,Blue,Spring,3.8,No,Express,No,37,Venmo,Weekly,Adult,7,1862,0,37,Gold,0.36250000000000004,0.52,0.7346938775510203,0,46.94,Average,3,Loyal Customers
2269,66,Male,Sweater,Clothing,26,Georgia,L,Charcoal,Spring,2.7,No,2-Day Shipping,No,15,Bank Transfer,Monthly,Senior,30,416,0,15,Bronze,0.07500000000000001,0.08000000000000007,0.28571428571428564,0,13.17,At Risk,0,At-Risk Customers
2270,49,Male,Skirt,Clothing,38,Kentucky,M,Yellow,Fall,4.4,No,Store Pickup,No,27,Credit Card,Annually,Middle-aged,365,1064,0,27,Silver,0.22500000000000003,0.7600000000000002,0.5306122448979591,0,40.12,Average,3,Loyal Customers
2271,27,Male,Blouse,Clothing,72,Georgia,L,Purple,Spring,3.5,No,Express,No,7,Venmo,Weekly,Young Adult,7,576,0,7,Bronze,0.65,0.40000000000000013,0.12244897959183673,0,37.67,At Risk,1,High-Spending Customers
2272,29,Male,Dress,Clothing,99,Alaska,M,Green,Summer,3.4,No,Free Shipping,No,49,PayPal,Quarterly,Young Adult,90,4950,0,49,Premium,0.9875,0.3600000000000001,0.9795918367346937,0,76.09,Healthy,2,Premium Customers
2273,29,Male,Jacket,Outerwear,38,Maine,L,Charcoal,Spring,4.0,No,Standard,No,44,PayPal,Monthly,Young Adult,30,1710,0,44,Gold,0.22500000000000003,0.6000000000000001,0.8775510204081631,0,47.33,Average,3,Loyal Customers
2274,55,Male,Coat,Outerwear,96,New Mexico,L,Silver,Winter,4.8,No,Express,No,13,PayPal,Bi-Weekly,Middle-aged,14,1344,0,13,Gold,0.9500000000000002,0.9199999999999999,0.24489795918367344,0,63.75,Healthy,1,High-Spending Customers
2275,57,Male,Dress,Clothing,27,New York,L,Turquoise,Spring,4.5,No,Next Day Air,No,38,PayPal,Fortnightly,Middle-aged,14,1053,0,38,Silver,0.08750000000000002,0.8,0.7551020408163265,0,42.15,Average,3,Loyal Customers
2276,29,Male,Shorts,Clothing,24,Oklahoma,M,Gray,Winter,4.4,No,Standard,No,10,Debit Card,Weekly,Young Adult,7,264,0,10,Bronze,0.050000000000000044,0.7600000000000002,0.18367346938775508,0,22.71,At Risk,0,At-Risk Customers
2277,31,Male,Jeans,Clothing,82,Wyoming,L,Red,Summer,4.1,No,2-Day Shipping,No,25,Debit Card,Weekly,Young Adult,7,2132,0,25,Gold,0.7750000000000001,0.6399999999999999,0.4897959183673469,0,58.49,Average,1,High-Spending Customers
2278,25,Male,Hat,Accessories,56,Alabama,M,Beige,Summer,4.6,No,Next Day Air,No,18,Credit Card,Quarterly,Young Adult,90,1064,0,18,Silver,0.45000000000000007,0.8399999999999999,0.346938775510204,0,45.21,Average,1,High-Spending Customers
2279,61,Male,Gloves,Accessories,25,Maryland,M,Maroon,Fall,3.8,No,Store Pickup,No,6,Cash,Every 3 Months,Senior,90,175,0,6,Bronze,0.0625,0.52,0.10204081632653061,0,15.96,At Risk,0,At-Risk Customers
2280,53,Male,Sneakers,Footwear,67,West Virginia,L,Indigo,Spring,2.9,No,Free Shipping,No,35,Bank Transfer,Quarterly,Middle-aged,90,2412,0,35,Premium,0.5875,0.15999999999999992,0.693877551020408,0,47.52,Average,3,Loyal Customers
2281,22,Male,Shoes,Footwear,21,Kentucky,M,Red,Summer,2.8,No,Standard,No,31,Credit Card,Fortnightly,Young Adult,14,672,0,31,Silver,0.012500000000000011,0.11999999999999988,0.6122448979591836,0,21.27,At Risk,0,At-Risk Customers
2282,28,Male,Hoodie,Clothing,27,Kansas,XL,Maroon,Summer,3.0,No,Store Pickup,No,41,Bank Transfer,Annually,Young Adult,365,1134,0,41,Silver,0.08750000000000002,0.20000000000000018,0.8163265306122448,0,31.99,At Risk,3,Loyal Customers
2283,18,Male,Sneakers,Footwear,97,Idaho,S,Red,Fall,4.2,No,2-Day Shipping,No,8,Credit Card,Annually,Young Adult,365,873,0,8,Silver,0.9625000000000001,0.6800000000000002,0.14285714285714285,0,56.39,Average,1,High-Spending Customers
2284,44,Male,Handbag,Accessories,45,Ohio,S,Black,Winter,4.1,No,Free Shipping,No,34,Credit Card,Fortnightly,Adult,14,1575,0,34,Gold,0.3125,0.6399999999999999,0.673469387755102,0,45.5,Average,3,Loyal Customers
2285,32,Male,Blouse,Clothing,63,Iowa,XL,Black,Fall,4.1,No,Express,No,20,Venmo,Annually,Adult,365,1323,0,20,Silver,0.5375000000000001,0.6399999999999999,0.38775510204081626,0,45.93,Average,1,High-Spending Customers
2286,34,Male,Belt,Accessories,100,Michigan,L,Pink,Summer,4.6,No,2-Day Shipping,No,38,PayPal,Every 3 Months,Adult,90,3900,0,38,Premium,1.0,0.8399999999999999,0.7551020408163265,0,79.45,Healthy,2,Premium Customers
2287,67,Male,Socks,Clothing,38,South Dakota,L,Blue,Spring,2.5,No,Store Pickup,No,35,Venmo,Quarterly,Senior,90,1368,0,35,Gold,0.22500000000000003,0.0,0.693877551020408,0,29.82,At Risk,3,Loyal Customers
2288,66,Male,Blouse,Clothing,45,Nebraska,L,Green,Summer,3.0,No,Store Pickup,No,6,Debit Card,Annually,Senior,365,315,0,6,Bronze,0.3125,0.20000000000000018,0.10204081632653061,0,19.56,At Risk,0,At-Risk Customers
2289,28,Male,Jewelry,Accessories,91,California,M,Orange,Fall,3.8,No,Next Day Air,No,50,PayPal,Weekly,Young Adult,7,4641,0,50,Premium,0.8875,0.52,1.0,0,75.9,Healthy,2,Premium Customers
2290,70,Male,Shorts,Clothing,82,Nevada,M,Orange,Fall,4.1,No,Free Shipping,No,47,Venmo,Weekly,Senior,7,3936,0,47,Premium,0.7750000000000001,0.6399999999999999,0.9387755102040816,0,71.96,Healthy,2,Premium Customers
2291,37,Male,Boots,Footwear,48,Kansas,L,Magenta,Winter,3.3,No,Standard,No,23,PayPal,Quarterly,Adult,90,1152,0,23,Silver,0.3500000000000001,0.32000000000000006,0.44897959183673464,0,33.87,At Risk,0,At-Risk Customers
2292,28,Male,Coat,Outerwear,30,Ohio,M,Indigo,Spring,5.0,No,2-Day Shipping,No,13,Credit Card,Quarterly,Young Adult,90,420,0,13,Bronze,0.125,1.0,0.24489795918367344,0,32.35,At Risk,0,At-Risk Customers
2293,43,Male,T-shirt,Clothing,34,Vermont,S,Beige,Spring,3.8,No,Next Day Air,No,31,Debit Card,Monthly,Adult,30,1088,0,31,Silver,0.17500000000000004,0.52,0.6122448979591836,0,35.77,At Risk,3,Loyal Customers
2294,37,Male,Sweater,Clothing,68,Georgia,L,Green,Fall,3.3,No,Express,No,16,Debit Card,Every 3 Months,Adult,90,1156,0,16,Silver,0.6000000000000001,0.32000000000000006,0.3061224489795918,0,39.58,At Risk,1,High-Spending Customers
2295,54,Male,Sunglasses,Accessories,95,Maryland,M,Red,Winter,5.0,No,Express,No,40,Debit Card,Annually,Middle-aged,365,3895,0,40,Premium,0.9375,1.0,0.7959183673469387,0,81.38,Excellent,2,Premium Customers
2296,50,Male,Hat,Accessories,22,Connecticut,L,Beige,Spring,2.9,No,2-Day Shipping,No,45,PayPal,Quarterly,Middle-aged,90,1012,0,45,Silver,0.025000000000000022,0.15999999999999992,0.8979591836734693,0,31.14,At Risk,3,Loyal Customers
2297,46,Male,Gloves,Accessories,88,Washington,M,Green,Fall,2.5,No,Next Day Air,No,50,Venmo,Every 3 Months,Middle-aged,90,4488,0,50,Premium,0.8500000000000001,0.0,1.0,0,64.0,Healthy,2,Premium Customers
2298,60,Male,Socks,Clothing,83,California,M,Orange,Summer,4.7,No,Standard,No,1,Bank Transfer,Quarterly,Senior,90,166,0,1,Bronze,0.7875000000000001,0.8800000000000001,0.0,0,49.1,Average,1,High-Spending Customers
2299,40,Male,Handbag,Accessories,87,Montana,L,Cyan,Spring,2.9,No,2-Day Shipping,No,10,Cash,Every 3 Months,Adult,90,957,0,10,Silver,0.8375000000000001,0.15999999999999992,0.18367346938775508,0,42.21,Average,1,High-Spending Customers
2300,64,Male,Coat,Outerwear,57,Idaho,M,Violet,Summer,3.7,No,Store Pickup,No,48,Credit Card,Every 3 Months,Senior,90,2793,0,48,Premium,0.4625,0.4800000000000002,0.9591836734693877,0,56.88,Average,2,Premium Customers
2301,18,Male,Coat,Outerwear,88,Pennsylvania,XL,Lavender,Summer,4.4,No,2-Day Shipping,No,38,Credit Card,Monthly,Young Adult,30,3432,0,38,Premium,0.8500000000000001,0.7600000000000002,0.7551020408163265,0,71.85,Healthy,2,Premium Customers
2302,37,Male,Pants,Clothing,20,Maine,L,Turquoise,Winter,2.9,No,Next Day Air,No,21,Debit Card,Annually,Adult,365,440,0,21,Bronze,0.0,0.15999999999999992,0.4081632653061224,0,15.44,At Risk,0,At-Risk Customers
2303,36,Male,Belt,Accessories,39,Montana,L,Pink,Summer,3.6,No,Store Pickup,No,38,Venmo,Monthly,Adult,30,1521,0,38,Gold,0.23750000000000004,0.44000000000000017,0.7551020408163265,0,40.95,Average,3,Loyal Customers
2304,51,Male,Sunglasses,Accessories,71,New Jersey,S,Beige,Spring,4.8,No,2-Day Shipping,No,31,Credit Card,Fortnightly,Middle-aged,14,2272,0,31,Gold,0.6375000000000001,0.9199999999999999,0.6122448979591836,0,62.27,Healthy,2,Premium Customers
2305,26,Male,Hoodie,Clothing,73,Louisiana,L,Silver,Winter,4.7,No,Free Shipping,No,9,Debit Card,Fortnightly,Young Adult,14,730,0,9,Silver,0.6625000000000001,0.8800000000000001,0.16326530612244897,0,49.0,Average,1,High-Spending Customers
2306,68,Male,Handbag,Accessories,63,Maine,M,Gold,Summer,2.6,No,Free Shipping,No,47,Cash,Weekly,Senior,7,3024,0,47,Premium,0.5375000000000001,0.040000000000000036,0.9387755102040816,0,50.46,Average,3,Loyal Customers
2307,27,Male,Gloves,Accessories,78,Florida,L,Silver,Winter,3.4,No,Standard,No,8,Cash,Bi-Weekly,Young Adult,14,702,0,8,Silver,0.7250000000000001,0.3600000000000001,0.14285714285714285,0,40.49,Average,1,High-Spending Customers
2308,28,Male,Skirt,Clothing,96,Missouri,L,Green,Fall,3.5,No,Next Day Air,No,30,Debit Card,Annually,Young Adult,365,2976,0,30,Premium,0.9500000000000002,0.40000000000000013,0.5918367346938774,0,63.76,Healthy,2,Premium Customers
2309,49,Male,Sunglasses,Accessories,81,North Dakota,M,Teal,Winter,3.4,No,2-Day Shipping,No,22,Bank Transfer,Quarterly,Middle-aged,90,1863,0,22,Gold,0.7625,0.3600000000000001,0.4285714285714285,0,50.56,Average,1,High-Spending Customers
2310,70,Male,Dress,Clothing,95,Connecticut,S,Gold,Fall,5.0,No,2-Day Shipping,No,3,Bank Transfer,Quarterly,Senior,90,380,0,3,Bronze,0.9375,1.0,0.04081632653061225,0,58.72,Average,1,High-Spending Customers
2311,30,Male,Gloves,Accessories,68,Virginia,M,Cyan,Spring,4.6,No,Standard,No,15,PayPal,Monthly,Young Adult,30,1088,0,15,Silver,0.6000000000000001,0.8399999999999999,0.28571428571428564,0,49.37,Average,1,High-Spending Customers
2312,27,Male,Sneakers,Footwear,28,Montana,L,Gold,Spring,4.8,No,2-Day Shipping,No,10,Bank Transfer,Every 3 Months,Young Adult,90,308,0,10,Bronze,0.10000000000000003,0.9199999999999999,0.18367346938775508,0,27.91,At Risk,0,At-Risk Customers
2313,19,Male,T-shirt,Clothing,30,Vermont,L,Violet,Summer,3.7,No,Free Shipping,No,19,Cash,Every 3 Months,Young Adult,90,600,0,19,Bronze,0.125,0.4800000000000002,0.36734693877551017,0,25.62,At Risk,0,At-Risk Customers
2314,64,Male,Dress,Clothing,31,Georgia,M,Black,Summer,4.7,No,Next Day Air,No,36,Bank Transfer,Fortnightly,Senior,14,1147,0,36,Silver,0.1375,0.8800000000000001,0.7142857142857142,0,44.53,Average,3,Loyal Customers
2315,42,Male,Handbag,Accessories,95,Virginia,XL,Brown,Winter,4.4,No,Express,No,12,Bank Transfer,Every 3 Months,Adult,90,1235,0,12,Silver,0.9375,0.7600000000000002,0.22448979591836735,0,59.43,Average,1,High-Spending Customers
2316,69,Male,Socks,Clothing,79,Vermont,M,Indigo,Winter,3.5,No,2-Day Shipping,No,49,Debit Card,Quarterly,Senior,90,3950,0,49,Premium,0.7375,0.40000000000000013,0.9795918367346937,0,66.89,Healthy,2,Premium Customers
2317,28,Male,Sneakers,Footwear,39,Montana,L,Yellow,Winter,3.8,No,Standard,No,7,Debit Card,Annually,Young Adult,365,312,0,7,Bronze,0.23750000000000004,0.52,0.12244897959183673,0,23.57,At Risk,0,At-Risk Customers
2318,47,Male,Jacket,Outerwear,34,New Jersey,M,Purple,Summer,4.7,No,Next Day Air,No,28,Bank Transfer,Monthly,Middle-aged,30,986,0,28,Silver,0.17500000000000004,0.8800000000000001,0.5510204081632653,0,41.13,Average,3,Loyal Customers
2319,69,Male,Hoodie,Clothing,28,Wyoming,L,White,Spring,3.1,No,Store Pickup,No,30,Credit Card,Annually,Senior,365,868,0,30,Silver,0.10000000000000003,0.2400000000000002,0.5918367346938774,0,26.56,At Risk,0,At-Risk Customers
2320,56,Male,Sandals,Footwear,38,Maine,XL,Turquoise,Winter,5.0,No,Free Shipping,No,29,PayPal,Monthly,Middle-aged,30,1140,0,29,Silver,0.22500000000000003,1.0,0.5714285714285714,0,46.14,Average,3,Loyal Customers
2321,28,Male,Shoes,Footwear,55,New Mexico,M,Olive,Spring,3.7,No,Free Shipping,No,9,Debit Card,Every 3 Months,Young Adult,90,550,0,9,Bronze,0.4375,0.4800000000000002,0.16326530612244897,0,32.0,At Risk,0,At-Risk Customers
2322,50,Male,Sandals,Footwear,31,Colorado,M,Beige,Winter,3.0,No,Next Day Air,No,27,Debit Card,Fortnightly,Middle-aged,14,868,0,27,Silver,0.1375,0.20000000000000018,0.5306122448979591,0,25.42,At Risk,0,At-Risk Customers
2323,39,Male,Coat,Outerwear,84,Connecticut,S,Lavender,Spring,4.5,No,Store Pickup,No,21,Venmo,Fortnightly,Adult,14,1848,0,21,Gold,0.8,0.8,0.4081632653061224,0,60.24,Healthy,1,High-Spending Customers
2324,35,Male,Gloves,Accessories,93,Maryland,L,White,Winter,4.7,No,Express,No,36,Credit Card,Monthly,Adult,30,3441,0,36,Premium,0.9125000000000001,0.8800000000000001,0.7142857142857142,0,75.53,Healthy,2,Premium Customers
2325,59,Male,Coat,Outerwear,28,Oregon,L,Brown,Winter,3.5,No,Free Shipping,No,19,Debit Card,Annually,Senior,365,560,0,19,Bronze,0.10000000000000003,0.40000000000000013,0.36734693877551017,0,23.02,At Risk,0,At-Risk Customers
2326,44,Male,Boots,Footwear,55,New York,M,Charcoal,Summer,4.4,No,2-Day Shipping,No,47,Cash,Weekly,Adult,7,2640,0,47,Premium,0.4375,0.7600000000000002,0.9387755102040816,0,60.86,Healthy,2,Premium Customers
2327,66,Male,Skirt,Clothing,63,Oklahoma,L,Maroon,Winter,2.6,No,Standard,No,38,Bank Transfer,Annually,Senior,365,2457,0,38,Premium,0.5375000000000001,0.040000000000000036,0.7551020408163265,0,44.95,Average,3,Loyal Customers
2328,20,Male,Skirt,Clothing,94,Alabama,M,Red,Winter,4.2,No,2-Day Shipping,No,22,Venmo,Bi-Weekly,Young Adult,14,2162,0,22,Gold,0.925,0.6800000000000002,0.4285714285714285,0,63.46,Healthy,1,High-Spending Customers
2329,45,Male,Pants,Clothing,36,North Dakota,M,Maroon,Fall,2.6,No,Express,No,29,Venmo,Bi-Weekly,Middle-aged,14,1080,0,29,Silver,0.2,0.040000000000000036,0.5714285714285714,0,25.94,At Risk,0,At-Risk Customers
2330,49,Male,Hat,Accessories,97,Nebraska,S,Teal,Spring,4.8,No,Free Shipping,No,42,Bank Transfer,Annually,Middle-aged,365,4171,0,42,Premium,0.9625000000000001,0.9199999999999999,0.836734693877551,0,82.0,Excellent,2,Premium Customers
2331,60,Male,Backpack,Accessories,63,Arizona,L,Orange,Summer,2.9,No,Store Pickup,No,47,PayPal,Every 3 Months,Senior,90,3024,0,47,Premium,0.5375000000000001,0.15999999999999992,0.9387755102040816,0,52.86,Average,2,Premium Customers
2332,61,Male,Scarf,Accessories,77,Illinois,S,Olive,Spring,4.3,No,2-Day Shipping,No,10,Credit Card,Bi-Weekly,Senior,14,847,0,10,Silver,0.7125,0.72,0.18367346938775508,0,48.41,Average,1,High-Spending Customers
2333,36,Male,Scarf,Accessories,53,South Carolina,XL,Olive,Fall,2.6,No,Store Pickup,No,10,Venmo,Monthly,Adult,30,583,0,10,Bronze,0.4125000000000001,0.040000000000000036,0.18367346938775508,0,22.81,At Risk,0,At-Risk Customers
2334,33,Male,Shirt,Clothing,77,Kansas,M,Beige,Spring,3.8,No,Next Day Air,No,1,PayPal,Every 3 Months,Adult,90,154,0,1,Bronze,0.7125,0.52,0.0,0,38.9,At Risk,1,High-Spending Customers
2335,49,Male,Boots,Footwear,79,Kansas,L,Green,Summer,4.2,No,Standard,No,7,Credit Card,Monthly,Middle-aged,30,632,0,7,Bronze,0.7375,0.6800000000000002,0.12244897959183673,0,46.77,Average,1,High-Spending Customers
2336,31,Male,Coat,Outerwear,37,Idaho,M,Black,Summer,3.9,No,Store Pickup,No,10,Venmo,Fortnightly,Young Adult,14,407,0,10,Bronze,0.21250000000000002,0.56,0.18367346938775508,0,25.21,At Risk,0,At-Risk Customers
2337,19,Male,Belt,Accessories,94,California,M,Green,Winter,3.1,No,Free Shipping,No,11,Credit Card,Weekly,Young Adult,7,1128,0,11,Silver,0.925,0.2400000000000002,0.2040816326530612,0,47.92,Average,1,High-Spending Customers
2338,39,Male,Boots,Footwear,76,North Dakota,S,Violet,Fall,3.6,No,Store Pickup,No,5,Cash,Annually,Adult,365,456,0,5,Bronze,0.7000000000000001,0.44000000000000017,0.08163265306122448,0,39.25,At Risk,1,High-Spending Customers
2339,66,Male,Sneakers,Footwear,68,Georgia,S,Silver,Fall,4.0,No,Express,No,21,PayPal,Quarterly,Senior,90,1496,0,21,Gold,0.6000000000000001,0.6000000000000001,0.4081632653061224,0,48.24,Average,1,High-Spending Customers
2340,25,Male,Shirt,Clothing,65,Illinois,L,Maroon,Spring,3.4,No,Next Day Air,No,24,Bank Transfer,Quarterly,Young Adult,90,1625,0,24,Gold,0.5625,0.3600000000000001,0.4693877551020408,0,43.78,Average,1,High-Spending Customers
2341,63,Male,Blouse,Clothing,24,Delaware,M,Cyan,Summer,2.6,No,Standard,No,37,Credit Card,Fortnightly,Senior,14,912,0,37,Silver,0.050000000000000044,0.040000000000000036,0.7346938775510203,0,24.84,At Risk,3,Loyal Customers
2342,56,Male,Jacket,Outerwear,31,Connecticut,L,Teal,Summer,4.5,No,Express,No,22,Venmo,Every 3 Months,Middle-aged,90,713,0,22,Silver,0.1375,0.8,0.4285714285714285,0,34.36,At Risk,0,At-Risk Customers
2343,20,Male,Skirt,Clothing,89,Tennessee,M,Olive,Fall,4.9,No,Standard,No,16,Debit Card,Fortnightly,Young Adult,14,1513,0,16,Gold,0.8625,0.9600000000000002,0.3061224489795918,0,62.88,Healthy,1,High-Spending Customers
2344,58,Male,Socks,Clothing,49,Maryland,M,Red,Summer,4.4,No,2-Day Shipping,No,44,PayPal,Monthly,Senior,30,2205,0,44,Gold,0.36250000000000004,0.7600000000000002,0.8775510204081631,0,56.03,Average,3,Loyal Customers
2345,34,Male,Sandals,Footwear,92,Rhode Island,XL,Lavender,Fall,3.5,No,Express,No,14,Venmo,Bi-Weekly,Adult,14,1380,0,14,Gold,0.9000000000000001,0.40000000000000013,0.26530612244897955,0,51.96,Average,1,High-Spending Customers
2346,28,Male,T-shirt,Clothing,32,New York,S,Orange,Winter,3.3,No,Express,No,23,Bank Transfer,Every 3 Months,Young Adult,90,768,0,23,Silver,0.15000000000000002,0.32000000000000006,0.44897959183673464,0,25.87,At Risk,0,At-Risk Customers
2347,22,Male,Jacket,Outerwear,67,New Mexico,L,Brown,Winter,3.1,No,Standard,No,46,Debit Card,Fortnightly,Young Adult,14,3149,0,46,Premium,0.5875,0.2400000000000002,0.9183673469387754,0,55.85,Average,2,Premium Customers
2348,37,Male,Belt,Accessories,64,California,S,Gray,Fall,4.2,No,Express,No,46,Cash,Every 3 Months,Adult,90,3008,0,46,Premium,0.55,0.6800000000000002,0.9183673469387754,0,63.15,Healthy,2,Premium Customers
2349,54,Male,Shoes,Footwear,84,Maine,M,Orange,Spring,4.9,No,Next Day Air,No,16,PayPal,Every 3 Months,Middle-aged,90,1428,0,16,Gold,0.8,0.9600000000000002,0.3061224489795918,0,60.38,Healthy,1,High-Spending Customers
2350,65,Male,Blouse,Clothing,34,New York,M,Orange,Fall,3.9,No,Standard,No,40,Credit Card,Every 3 Months,Senior,90,1394,0,40,Gold,0.17500000000000004,0.56,0.7959183673469387,0,42.08,Average,3,Loyal Customers
2351,57,Male,Shoes,Footwear,26,Hawaii,M,Turquoise,Winter,4.2,No,Free Shipping,No,21,Cash,Annually,Middle-aged,365,572,0,21,Bronze,0.07500000000000001,0.6800000000000002,0.4081632653061224,0,28.84,At Risk,0,At-Risk Customers
2352,38,Male,Sweater,Clothing,50,New Hampshire,S,Cyan,Fall,4.9,No,Store Pickup,No,25,PayPal,Bi-Weekly,Adult,14,1300,0,25,Silver,0.375,0.9600000000000002,0.4897959183673469,0,48.89,Average,3,Loyal Customers
2353,70,Male,Boots,Footwear,46,Nebraska,M,Yellow,Fall,2.8,No,Store Pickup,No,25,Bank Transfer,Quarterly,Senior,90,1196,0,25,Silver,0.32500000000000007,0.11999999999999988,0.4897959183673469,0,30.09,At Risk,0,At-Risk Customers
2354,56,Male,Handbag,Accessories,71,Montana,M,White,Fall,4.1,No,Standard,No,25,Debit Card,Every 3 Months,Middle-aged,90,1846,0,25,Gold,0.6375000000000001,0.6399999999999999,0.4897959183673469,0,52.99,Average,1,High-Spending Customers
2355,56,Male,Blouse,Clothing,78,Wisconsin,M,Blue,Summer,4.8,No,Next Day Air,No,27,Venmo,Monthly,Middle-aged,30,2184,0,27,Gold,0.7250000000000001,0.9199999999999999,0.5306122448979591,0,63.32,Healthy,2,Premium Customers
2356,22,Male,Skirt,Clothing,35,Tennessee,S,Purple,Winter,4.1,No,Next Day Air,No,12,Cash,Monthly,Young Adult,30,455,0,12,Bronze,0.1875,0.6399999999999999,0.22448979591836735,0,27.03,At Risk,0,At-Risk Customers
2357,57,Male,Backpack,Accessories,58,Montana,M,Gray,Summer,3.0,No,Free Shipping,No,27,Debit Card,Quarterly,Middle-aged,90,1624,0,27,Gold,0.4750000000000001,0.20000000000000018,0.5306122448979591,0,38.92,At Risk,3,Loyal Customers
2358,53,Male,Shirt,Clothing,67,Michigan,L,Cyan,Fall,4.2,No,2-Day Shipping,No,40,Credit Card,Bi-Weekly,Middle-aged,14,2747,0,40,Premium,0.5875,0.6800000000000002,0.7959183673469387,0,60.98,Healthy,2,Premium Customers
2359,53,Male,Sweater,Clothing,93,Texas,L,Pink,Spring,3.8,No,Standard,No,38,Credit Card,Quarterly,Middle-aged,90,3627,0,38,Premium,0.9125000000000001,0.52,0.7551020408163265,0,69.55,Healthy,2,Premium Customers
2360,19,Male,Scarf,Accessories,81,Pennsylvania,S,Gold,Spring,3.3,No,2-Day Shipping,No,44,Bank Transfer,Every 3 Months,Young Adult,90,3645,0,44,Premium,0.7625,0.32000000000000006,0.8775510204081631,0,63.23,Healthy,2,Premium Customers
2361,49,Male,Handbag,Accessories,80,New York,L,Silver,Fall,4.7,No,2-Day Shipping,No,27,Venmo,Every 3 Months,Middle-aged,90,2240,0,27,Gold,0.75,0.8800000000000001,0.5306122448979591,0,63.52,Healthy,2,Premium Customers
2362,44,Male,Scarf,Accessories,64,Alabama,M,Gray,Spring,4.3,No,2-Day Shipping,No,30,Credit Card,Every 3 Months,Adult,90,1984,0,30,Gold,0.55,0.72,0.5918367346938774,0,54.16,Average,3,Loyal Customers
2363,27,Male,Jeans,Clothing,41,Virginia,M,Brown,Fall,2.7,No,Standard,No,24,Credit Card,Monthly,Young Adult,30,1025,0,24,Silver,0.26250000000000007,0.08000000000000007,0.4693877551020408,0,26.18,At Risk,0,At-Risk Customers
2364,60,Male,Socks,Clothing,79,Pennsylvania,XL,Pink,Winter,4.2,No,Express,No,38,Cash,Bi-Weekly,Senior,14,3081,0,38,Premium,0.7375,0.6800000000000002,0.7551020408163265,0,65.75,Healthy,2,Premium Customers
2365,62,Male,Sunglasses,Accessories,60,Mississippi,L,Maroon,Winter,4.2,No,Free Shipping,No,4,PayPal,Quarterly,Senior,90,300,0,4,Bronze,0.5,0.6800000000000002,0.061224489795918366,0,35.44,At Risk,0,At-Risk Customers
2366,52,Male,Sneakers,Footwear,91,Wyoming,S,Peach,Winter,2.5,No,Next Day Air,No,32,Venmo,Monthly,Middle-aged,30,3003,0,32,Premium,0.8875,0.0,0.6326530612244897,0,54.48,Average,2,Premium Customers
2367,30,Male,Shoes,Footwear,66,New Mexico,L,Brown,Winter,3.6,No,Express,No,32,Credit Card,Fortnightly,Young Adult,14,2178,0,32,Gold,0.5750000000000001,0.44000000000000017,0.6326530612244897,0,50.78,Average,3,Loyal Customers
2368,66,Male,Socks,Clothing,85,North Dakota,L,Green,Winter,3.4,No,Standard,No,28,Bank Transfer,Bi-Weekly,Senior,14,2465,0,28,Premium,0.8125,0.3600000000000001,0.5510204081632653,0,56.23,Average,2,Premium Customers
2369,29,Male,Sunglasses,Accessories,38,New Jersey,M,Lavender,Summer,3.3,No,Standard,No,6,Debit Card,Every 3 Months,Young Adult,90,266,0,6,Bronze,0.22500000000000003,0.32000000000000006,0.10204081632653061,0,18.46,At Risk,0,At-Risk Customers
2370,24,Male,Sweater,Clothing,23,Vermont,M,Cyan,Winter,4.6,No,Standard,No,24,PayPal,Monthly,Young Adult,30,575,0,24,Bronze,0.03750000000000003,0.8399999999999999,0.4693877551020408,0,32.38,At Risk,0,At-Risk Customers
2371,51,Male,Shoes,Footwear,71,Alaska,M,Black,Spring,3.9,No,Store Pickup,No,38,Venmo,Weekly,Middle-aged,7,2769,0,38,Premium,0.6375000000000001,0.56,0.7551020408163265,0,59.35,Average,2,Premium Customers
2372,67,Male,Socks,Clothing,25,Indiana,M,Charcoal,Winter,3.7,No,Next Day Air,No,28,Debit Card,Annually,Senior,365,725,0,28,Silver,0.0625,0.4800000000000002,0.5510204081632653,0,28.63,At Risk,0,At-Risk Customers
2373,50,Male,Boots,Footwear,39,Alabama,XL,Silver,Spring,3.1,No,Express,No,9,PayPal,Fortnightly,Middle-aged,14,390,0,9,Bronze,0.23750000000000004,0.2400000000000002,0.16326530612244897,0,19.2,At Risk,0,At-Risk Customers
2374,37,Male,Hoodie,Clothing,20,Michigan,M,Gray,Spring,4.9,No,Express,No,21,Debit Card,Every 3 Months,Adult,90,440,0,21,Bronze,0.0,0.9600000000000002,0.4081632653061224,0,31.44,At Risk,0,At-Risk Customers
2375,69,Male,Gloves,Accessories,73,Washington,L,Peach,Winter,4.7,No,Standard,No,31,Debit Card,Monthly,Senior,30,2336,0,31,Premium,0.6625000000000001,0.8800000000000001,0.6122448979591836,0,62.47,Healthy,2,Premium Customers
2376,60,Male,Backpack,Accessories,63,Virginia,L,Peach,Fall,2.9,No,Next Day Air,No,18,Credit Card,Quarterly,Senior,90,1197,0,18,Silver,0.5375000000000001,0.15999999999999992,0.346938775510204,0,35.11,At Risk,0,At-Risk Customers
2377,21,Male,Gloves,Accessories,94,Tennessee,XL,Cyan,Spring,4.1,No,Express,No,5,Cash,Weekly,Young Adult,7,564,0,5,Bronze,0.925,0.6399999999999999,0.08163265306122448,0,52.25,Average,1,High-Spending Customers
2378,44,Male,Blouse,Clothing,94,South Dakota,L,Magenta,Fall,4.0,No,Next Day Air,No,22,Cash,Annually,Adult,365,2162,0,22,Gold,0.925,0.6000000000000001,0.4285714285714285,0,61.86,Healthy,1,High-Spending Customers
2379,26,Male,Scarf,Accessories,71,New Hampshire,L,Teal,Summer,2.7,No,Store Pickup,No,37,PayPal,Bi-Weekly,Young Adult,14,2698,0,37,Premium,0.6375000000000001,0.08000000000000007,0.7346938775510203,0,49.14,Average,3,Loyal Customers
2380,40,Male,Hat,Accessories,77,South Dakota,M,Peach,Spring,4.0,No,2-Day Shipping,No,22,Debit Card,Monthly,Adult,30,1771,0,22,Gold,0.7125,0.6000000000000001,0.4285714285714285,0,53.36,Average,1,High-Spending Customers
2381,41,Male,Scarf,Accessories,66,Pennsylvania,M,Black,Fall,2.5,No,Next Day Air,No,36,PayPal,Fortnightly,Adult,14,2442,0,36,Premium,0.5750000000000001,0.0,0.7142857142857142,0,44.43,Average,3,Loyal Customers
2382,62,Male,Sandals,Footwear,23,Wisconsin,M,Teal,Summer,4.5,No,Free Shipping,No,23,PayPal,Annually,Senior,365,552,0,23,Bronze,0.03750000000000003,0.8,0.44897959183673464,0,30.97,At Risk,0,At-Risk Customers
2383,39,Male,Sweater,Clothing,60,California,M,Turquoise,Spring,3.9,No,Express,No,44,Debit Card,Weekly,Adult,7,2700,0,44,Premium,0.5,0.56,0.8775510204081631,0,57.53,Average,2,Premium Customers
2384,53,Male,Backpack,Accessories,72,Rhode Island,L,Gold,Spring,4.9,No,2-Day Shipping,No,25,Bank Transfer,Annually,Middle-aged,365,1872,0,25,Gold,0.65,0.9600000000000002,0.4897959183673469,0,59.89,Average,1,High-Spending Customers
2385,24,Male,Blouse,Clothing,35,Alabama,L,Green,Winter,3.3,No,2-Day Shipping,No,40,PayPal,Quarterly,Young Adult,90,1435,0,40,Gold,0.1875,0.32000000000000006,0.7959183673469387,0,37.78,At Risk,3,Loyal Customers
2386,41,Male,Scarf,Accessories,31,Oklahoma,M,Brown,Fall,3.8,No,Express,No,12,PayPal,Weekly,Adult,7,403,0,12,Bronze,0.1375,0.52,0.22448979591836735,0,22.63,At Risk,0,At-Risk Customers
2387,19,Male,Socks,Clothing,33,Illinois,L,Blue,Summer,2.9,No,Standard,No,14,Venmo,Monthly,Young Adult,30,495,0,14,Bronze,0.16250000000000003,0.15999999999999992,0.26530612244897955,0,17.66,At Risk,0,At-Risk Customers
2388,36,Male,Hat,Accessories,95,Tennessee,M,Gold,Summer,4.0,No,2-Day Shipping,No,14,Debit Card,Monthly,Adult,30,1425,0,14,Gold,0.9375,0.6000000000000001,0.26530612244897955,0,57.46,Average,1,High-Spending Customers
2389,21,Male,Dress,Clothing,68,Alabama,M,Peach,Fall,4.1,No,Store Pickup,No,10,Debit Card,Annually,Young Adult,365,748,0,10,Silver,0.6000000000000001,0.6399999999999999,0.18367346938775508,0,42.31,Average,1,High-Spending Customers
2390,25,Male,Coat,Outerwear,87,Kansas,M,Violet,Spring,3.1,No,Store Pickup,No,17,Bank Transfer,Every 3 Months,Young Adult,90,1566,0,17,Gold,0.8375000000000001,0.2400000000000002,0.32653061224489793,0,48.1,Average,1,High-Spending Customers
2391,65,Male,Shirt,Clothing,64,Arizona,XL,Yellow,Winter,4.6,No,Express,No,24,Debit Card,Fortnightly,Senior,14,1600,0,24,Gold,0.55,0.8399999999999999,0.4693877551020408,0,52.88,Average,1,High-Spending Customers
2392,42,Male,Shirt,Clothing,74,Michigan,M,Black,Winter,4.6,No,Next Day Air,No,31,Bank Transfer,Quarterly,Adult,90,2368,0,31,Premium,0.675,0.8399999999999999,0.6122448979591836,0,62.17,Healthy,2,Premium Customers
2393,40,Male,Jeans,Clothing,62,Missouri,L,Silver,Spring,2.6,No,2-Day Shipping,No,36,Cash,Annually,Adult,365,2294,0,36,Premium,0.525,0.040000000000000036,0.7142857142857142,0,43.23,Average,3,Loyal Customers
2394,58,Male,Socks,Clothing,97,Louisiana,M,Brown,Winter,5.0,No,2-Day Shipping,No,38,PayPal,Every 3 Months,Senior,90,3783,0,38,Premium,0.9625000000000001,1.0,0.7551020408163265,0,81.15,Excellent,2,Premium Customers
2395,40,Male,Sandals,Footwear,47,Connecticut,L,Peach,Fall,2.9,No,2-Day Shipping,No,23,Debit Card,Fortnightly,Adult,14,1128,0,23,Silver,0.3375,0.15999999999999992,0.44897959183673464,0,30.17,At Risk,0,At-Risk Customers
2396,62,Male,Blouse,Clothing,83,Connecticut,M,Cyan,Winter,3.5,No,2-Day Shipping,No,47,PayPal,Bi-Weekly,Senior,14,3984,0,47,Premium,0.7875000000000001,0.40000000000000013,0.9387755102040816,0,67.66,Healthy,2,Premium Customers
2397,38,Male,Shirt,Clothing,82,Oregon,M,Olive,Spring,3.7,No,2-Day Shipping,No,20,Venmo,Weekly,Adult,7,1722,0,20,Gold,0.7750000000000001,0.4800000000000002,0.38775510204081626,0,52.23,Average,1,High-Spending Customers
2398,37,Male,Sunglasses,Accessories,26,West Virginia,L,Black,Fall,2.9,No,Store Pickup,No,41,Venmo,Monthly,Adult,30,1092,0,41,Silver,0.07500000000000001,0.15999999999999992,0.8163265306122448,0,30.69,At Risk,3,Loyal Customers
2399,65,Male,Jacket,Outerwear,81,Florida,M,Orange,Winter,4.3,No,Free Shipping,No,44,Bank Transfer,Fortnightly,Senior,14,3645,0,44,Premium,0.7625,0.72,0.8775510204081631,0,71.23,Healthy,2,Premium Customers
2400,55,Male,Dress,Clothing,44,New Hampshire,L,Beige,Spring,3.2,No,Store Pickup,No,31,Cash,Monthly,Middle-aged,30,1408,0,31,Gold,0.30000000000000004,0.28000000000000025,0.6122448979591836,0,35.97,At Risk,3,Loyal Customers
2401,43,Male,Sunglasses,Accessories,88,Oregon,M,Peach,Winter,4.2,No,Next Day Air,No,11,Credit Card,Bi-Weekly,Adult,14,1056,0,11,Silver,0.8500000000000001,0.6800000000000002,0.2040816326530612,0,53.72,Average,1,High-Spending Customers
2402,43,Male,Boots,Footwear,76,Oregon,M,Pink,Winter,4.2,No,Standard,No,25,PayPal,Bi-Weekly,Adult,14,1976,0,25,Gold,0.7000000000000001,0.6800000000000002,0.4897959183673469,0,56.29,Average,1,High-Spending Customers
2403,45,Male,Scarf,Accessories,89,Utah,M,Brown,Winter,3.8,No,Free Shipping,No,31,Cash,Weekly,Middle-aged,7,2848,0,31,Premium,0.8625,0.52,0.6122448979591836,0,63.27,Healthy,2,Premium Customers
2404,64,Male,Shorts,Clothing,22,Missouri,M,Magenta,Fall,4.4,No,Standard,No,40,Debit Card,Weekly,Senior,7,902,0,40,Silver,0.025000000000000022,0.7600000000000002,0.7959183673469387,0,40.08,Average,3,Loyal Customers
2405,28,Male,Shorts,Clothing,33,West Virginia,L,Cyan,Winter,3.1,No,2-Day Shipping,No,23,Credit Card,Bi-Weekly,Young Adult,14,792,0,23,Silver,0.16250000000000003,0.2400000000000002,0.44897959183673464,0,24.77,At Risk,0,At-Risk Customers
2406,69,Male,Jeans,Clothing,97,California,XL,Silver,Fall,5.0,No,Standard,No,5,Debit Card,Quarterly,Senior,90,582,0,5,Bronze,0.9625000000000001,1.0,0.08163265306122448,0,60.95,Healthy,1,High-Spending Customers
2407,54,Male,Scarf,Accessories,57,California,M,Indigo,Winter,4.7,No,Standard,No,26,PayPal,Weekly,Middle-aged,7,1539,0,26,Gold,0.4625,0.8800000000000001,0.510204081632653,0,51.41,Average,1,High-Spending Customers
2408,52,Male,Shorts,Clothing,38,Illinois,M,Beige,Summer,3.0,No,Express,No,11,Credit Card,Bi-Weekly,Middle-aged,14,456,0,11,Bronze,0.22500000000000003,0.20000000000000018,0.2040816326530612,0,19.12,At Risk,0,At-Risk Customers
2409,23,Male,Sneakers,Footwear,55,Hawaii,XL,Black,Fall,4.2,No,Next Day Air,No,44,Debit Card,Every 3 Months,Young Adult,90,2475,0,44,Premium,0.4375,0.6800000000000002,0.8775510204081631,0,57.43,Average,3,Loyal Customers
2410,26,Male,Jewelry,Accessories,37,Washington,L,Yellow,Spring,3.0,No,Store Pickup,No,47,Cash,Every 3 Months,Young Adult,90,1776,0,47,Gold,0.21250000000000002,0.20000000000000018,0.9387755102040816,0,40.66,Average,3,Loyal Customers
2411,48,Male,Shoes,Footwear,43,Wisconsin,M,Maroon,Summer,3.7,No,Free Shipping,No,46,PayPal,Monthly,Middle-aged,30,2021,0,46,Gold,0.2875,0.4800000000000002,0.9183673469387754,0,48.65,Average,3,Loyal Customers
2412,49,Male,Hoodie,Clothing,96,Virginia,M,Cyan,Summer,2.7,No,Free Shipping,No,35,Cash,Every 3 Months,Middle-aged,90,3456,0,35,Premium,0.9500000000000002,0.08000000000000007,0.693877551020408,0,60.42,Healthy,2,Premium Customers
2413,53,Male,Jacket,Outerwear,51,Oregon,M,Pink,Winter,4.3,No,2-Day Shipping,No,8,Bank Transfer,Bi-Weekly,Middle-aged,14,459,0,8,Bronze,0.38750000000000007,0.72,0.14285714285714285,0,34.19,At Risk,0,At-Risk Customers
2414,69,Male,Shorts,Clothing,95,Pennsylvania,XL,Violet,Fall,2.7,No,2-Day Shipping,No,30,Bank Transfer,Weekly,Senior,7,2945,0,30,Premium,0.9375,0.08000000000000007,0.5918367346938774,0,56.86,Average,2,Premium Customers
2415,26,Male,Socks,Clothing,26,Virginia,M,Lavender,Summer,3.7,No,Next Day Air,No,14,Credit Card,Bi-Weekly,Young Adult,14,390,0,14,Bronze,0.07500000000000001,0.4800000000000002,0.26530612244897955,0,20.56,At Risk,0,At-Risk Customers
2416,21,Male,Coat,Outerwear,34,Hawaii,XL,Lavender,Fall,4.3,No,Standard,No,30,Bank Transfer,Weekly,Young Adult,7,1054,0,30,Silver,0.17500000000000004,0.72,0.5918367346938774,0,39.16,At Risk,3,Loyal Customers
2417,59,Male,Sandals,Footwear,83,Nebraska,S,Black,Summer,4.0,No,Next Day Air,No,26,Credit Card,Every 3 Months,Senior,90,2241,0,26,Gold,0.7875000000000001,0.6000000000000001,0.510204081632653,0,58.81,Average,2,Premium Customers
2418,21,Male,Backpack,Accessories,24,Alaska,M,Olive,Fall,3.3,No,Standard,No,32,Venmo,Fortnightly,Young Adult,14,792,0,32,Silver,0.050000000000000044,0.32000000000000006,0.6326530612244897,0,27.38,At Risk,0,At-Risk Customers
2419,22,Male,Pants,Clothing,69,Michigan,S,Indigo,Fall,4.0,No,Next Day Air,No,47,Cash,Every 3 Months,Young Adult,90,3312,0,47,Premium,0.6125,0.6000000000000001,0.9387755102040816,0,64.66,Healthy,2,Premium Customers
2420,26,Male,Sweater,Clothing,40,North Carolina,M,Blue,Fall,2.7,No,Next Day Air,No,11,Credit Card,Every 3 Months,Young Adult,90,480,0,11,Bronze,0.25,0.08000000000000007,0.2040816326530612,0,17.72,At Risk,0,At-Risk Customers
2421,41,Male,Jacket,Outerwear,87,North Carolina,S,Green,Winter,4.2,No,Free Shipping,No,28,PayPal,Annually,Adult,365,2523,0,28,Premium,0.8375000000000001,0.6800000000000002,0.5510204081632653,0,63.63,Healthy,2,Premium Customers
2422,37,Male,Sneakers,Footwear,46,Minnesota,L,Pink,Spring,4.6,No,Standard,No,2,Debit Card,Every 3 Months,Adult,90,138,0,2,Bronze,0.32500000000000007,0.8399999999999999,0.02040816326530612,0,30.41,At Risk,0,At-Risk Customers
2423,30,Male,Jewelry,Accessories,82,Georgia,M,Peach,Winter,4.8,No,Store Pickup,No,45,Credit Card,Weekly,Young Adult,7,3772,0,45,Premium,0.7750000000000001,0.9199999999999999,0.8979591836734693,0,76.34,Healthy,2,Premium Customers
2424,49,Male,Backpack,Accessories,81,West Virginia,M,Purple,Summer,2.8,No,Free Shipping,No,7,Credit Card,Every 3 Months,Middle-aged,90,648,0,7,Bronze,0.7625,0.11999999999999988,0.12244897959183673,0,36.57,At Risk,1,High-Spending Customers
2425,49,Male,Jewelry,Accessories,57,Delaware,M,Peach,Winter,4.5,No,Next Day Air,No,28,Bank Transfer,Bi-Weekly,Middle-aged,14,1653,0,28,Gold,0.4625,0.8,0.5510204081632653,0,51.03,Average,3,Loyal Customers
2426,58,Male,Shoes,Footwear,49,North Dakota,S,Olive,Summer,3.0,No,2-Day Shipping,No,34,Bank Transfer,Quarterly,Senior,90,1715,0,34,Gold,0.36250000000000004,0.20000000000000018,0.673469387755102,0,38.7,At Risk,3,Loyal Customers
2427,70,Male,Jacket,Outerwear,42,Florida,M,Olive,Fall,4.6,No,Free Shipping,No,26,Debit Card,Every 3 Months,Senior,90,1134,0,26,Silver,0.275,0.8399999999999999,0.510204081632653,0,43.11,Average,3,Loyal Customers
2428,27,Male,Jacket,Outerwear,26,Oregon,M,Purple,Spring,3.3,No,Standard,No,45,Cash,Quarterly,Young Adult,90,1196,0,45,Silver,0.07500000000000001,0.32000000000000006,0.8979591836734693,0,36.34,At Risk,3,Loyal Customers
2429,65,Male,T-shirt,Clothing,38,Idaho,M,Violet,Spring,4.4,No,Next Day Air,No,34,Debit Card,Annually,Senior,365,1330,0,34,Silver,0.22500000000000003,0.7600000000000002,0.673469387755102,0,44.4,Average,3,Loyal Customers
2430,57,Male,Sneakers,Footwear,57,Virginia,XL,Maroon,Summer,4.4,No,Standard,No,47,Credit Card,Fortnightly,Middle-aged,14,2736,0,47,Premium,0.4625,0.7600000000000002,0.9387755102040816,0,61.86,Healthy,2,Premium Customers
2431,20,Male,Jacket,Outerwear,100,North Dakota,XL,White,Summer,4.3,No,Express,No,42,Cash,Quarterly,Young Adult,90,4300,0,42,Premium,1.0,0.72,0.836734693877551,0,79.5,Healthy,2,Premium Customers
2432,34,Male,Hoodie,Clothing,73,Alabama,S,Olive,Fall,3.4,No,Express,No,27,Bank Transfer,Every 3 Months,Adult,90,2044,0,27,Gold,0.6625000000000001,0.3600000000000001,0.5306122448979591,0,49.62,Average,1,High-Spending Customers
2433,59,Male,Jacket,Outerwear,66,Hawaii,M,Peach,Winter,2.8,No,Store Pickup,No,43,Venmo,Monthly,Senior,30,2904,0,43,Premium,0.5750000000000001,0.11999999999999988,0.8571428571428571,0,51.11,Average,2,Premium Customers
2434,54,Male,T-shirt,Clothing,73,Oregon,M,Blue,Spring,3.4,No,Standard,No,16,Cash,Bi-Weekly,Middle-aged,14,1241,0,16,Silver,0.6625000000000001,0.3600000000000001,0.3061224489795918,0,42.88,Average,1,High-Spending Customers
2435,36,Male,Gloves,Accessories,45,Utah,M,Brown,Spring,5.0,No,Store Pickup,No,40,Credit Card,Monthly,Adult,30,1845,0,40,Gold,0.3125,1.0,0.7959183673469387,0,56.38,Average,3,Loyal Customers
2436,21,Male,Sneakers,Footwear,27,Hawaii,S,Black,Fall,4.5,No,Free Shipping,No,29,Cash,Bi-Weekly,Young Adult,14,810,0,29,Silver,0.08750000000000002,0.8,0.5714285714285714,0,36.64,At Risk,3,Loyal Customers
2437,52,Male,T-shirt,Clothing,24,Connecticut,M,Yellow,Fall,2.7,No,Store Pickup,No,38,Credit Card,Quarterly,Middle-aged,90,936,0,38,Silver,0.050000000000000044,0.08000000000000007,0.7551020408163265,0,26.25,At Risk,3,Loyal Customers
2438,43,Male,Sneakers,Footwear,59,Wyoming,XL,Magenta,Winter,3.4,No,Store Pickup,No,34,Credit Card,Weekly,Adult,7,2065,0,34,Gold,0.48750000000000004,0.3600000000000001,0.673469387755102,0,46.9,Average,3,Loyal Customers
2439,32,Male,Jeans,Clothing,20,Delaware,S,Cyan,Winter,3.4,No,Express,No,30,Venmo,Weekly,Adult,7,620,0,30,Bronze,0.0,0.3600000000000001,0.5918367346938774,0,24.96,At Risk,0,At-Risk Customers
2440,55,Male,Handbag,Accessories,44,Arkansas,M,Maroon,Summer,2.8,No,Standard,No,45,Bank Transfer,Annually,Middle-aged,365,2024,0,45,Gold,0.30000000000000004,0.11999999999999988,0.8979591836734693,0,41.34,Average,3,Loyal Customers
2441,31,Male,Socks,Clothing,90,Indiana,M,Red,Spring,4.7,No,Standard,No,47,Bank Transfer,Annually,Young Adult,365,4320,0,47,Premium,0.875,0.8800000000000001,0.9387755102040816,0,80.76,Excellent,2,Premium Customers
2442,45,Male,Jewelry,Accessories,36,California,M,Black,Fall,4.7,No,Free Shipping,No,5,Credit Card,Monthly,Middle-aged,30,216,0,5,Bronze,0.2,0.8800000000000001,0.08163265306122448,0,28.05,At Risk,0,At-Risk Customers
2443,53,Male,Blouse,Clothing,95,Wyoming,L,Violet,Winter,4.7,No,Free Shipping,No,50,Debit Card,Bi-Weekly,Middle-aged,14,4845,0,50,Premium,0.9375,0.8800000000000001,1.0,0,85.1,Excellent,2,Premium Customers
2444,24,Male,Backpack,Accessories,30,South Dakota,M,Green,Spring,3.4,No,2-Day Shipping,No,24,Bank Transfer,Bi-Weekly,Young Adult,14,750,0,24,Silver,0.125,0.3600000000000001,0.4693877551020408,0,26.28,At Risk,0,At-Risk Customers
2445,47,Male,Scarf,Accessories,65,West Virginia,S,Gold,Fall,3.7,No,Express,No,15,Debit Card,Bi-Weekly,Middle-aged,14,1040,0,15,Silver,0.5625,0.4800000000000002,0.28571428571428564,0,40.67,Average,1,High-Spending Customers
2446,63,Male,Scarf,Accessories,96,Tennessee,M,Brown,Summer,4.1,No,Store Pickup,No,50,Cash,Weekly,Senior,7,4896,0,50,Premium,0.9500000000000002,0.6399999999999999,1.0,0,80.8,Excellent,2,Premium Customers
2447,38,Male,Shirt,Clothing,65,Alaska,L,Peach,Spring,2.9,No,2-Day Shipping,No,7,Credit Card,Monthly,Adult,30,520,0,7,Bronze,0.5625,0.15999999999999992,0.12244897959183673,0,29.37,At Risk,0,At-Risk Customers
2448,59,Male,Pants,Clothing,47,South Dakota,L,Peach,Fall,3.2,No,Store Pickup,No,10,Venmo,Fortnightly,Senior,14,517,0,10,Bronze,0.3375,0.28000000000000025,0.18367346938775508,0,24.61,At Risk,0,At-Risk Customers
2449,54,Male,Hat,Accessories,25,Tennessee,S,Violet,Fall,3.0,No,Free Shipping,No,38,PayPal,Bi-Weekly,Middle-aged,14,975,0,38,Silver,0.0625,0.20000000000000018,0.7551020408163265,0,29.15,At Risk,3,Loyal Customers
2450,26,Male,Coat,Outerwear,56,Alabama,S,Violet,Fall,4.1,No,Express,No,31,Venmo,Fortnightly,Young Adult,14,1792,0,31,Gold,0.45000000000000007,0.6399999999999999,0.6122448979591836,0,49.17,Average,3,Loyal Customers
2451,68,Male,T-shirt,Clothing,76,North Carolina,M,Magenta,Fall,4.5,No,Standard,No,7,Venmo,Quarterly,Senior,90,608,0,7,Bronze,0.7000000000000001,0.8,0.12244897959183673,0,47.67,Average,1,High-Spending Customers
2452,41,Male,Socks,Clothing,60,Oklahoma,M,Purple,Fall,3.4,No,Store Pickup,No,27,Venmo,Monthly,Adult,30,1680,0,27,Gold,0.5,0.3600000000000001,0.5306122448979591,0,43.12,Average,3,Loyal Customers
2453,68,Male,Shirt,Clothing,67,New York,L,Purple,Winter,4.1,No,Express,No,45,Bank Transfer,Every 3 Months,Senior,90,3082,0,45,Premium,0.5875,0.6399999999999999,0.8979591836734693,0,63.24,Healthy,2,Premium Customers
2454,21,Male,Sweater,Clothing,95,Iowa,XL,Cyan,Spring,4.6,No,Store Pickup,No,13,Cash,Annually,Young Adult,365,1330,0,13,Silver,0.9375,0.8399999999999999,0.24489795918367344,0,61.65,Healthy,1,High-Spending Customers
2455,32,Male,Gloves,Accessories,72,Alaska,M,Magenta,Winter,4.6,No,Express,No,33,Venmo,Annually,Adult,365,2448,0,33,Premium,0.65,0.8399999999999999,0.6530612244897959,0,62.39,Healthy,2,Premium Customers
2456,20,Male,Belt,Accessories,98,Alaska,L,Lavender,Spring,3.4,No,Express,No,25,Cash,Every 3 Months,Young Adult,90,2548,0,25,Premium,0.9750000000000001,0.3600000000000001,0.4897959183673469,0,60.89,Healthy,2,Premium Customers
2457,59,Male,Jeans,Clothing,83,Nebraska,M,Green,Winter,3.3,No,2-Day Shipping,No,5,PayPal,Monthly,Senior,30,498,0,5,Bronze,0.7875000000000001,0.32000000000000006,0.08163265306122448,0,40.35,Average,1,High-Spending Customers
2458,53,Male,Handbag,Accessories,37,Delaware,M,Maroon,Fall,3.6,No,2-Day Shipping,No,23,Cash,Quarterly,Middle-aged,90,888,0,23,Silver,0.21250000000000002,0.44000000000000017,0.44897959183673464,0,30.77,At Risk,0,At-Risk Customers
2459,66,Male,T-shirt,Clothing,85,Texas,L,Turquoise,Fall,4.6,No,Free Shipping,No,17,Bank Transfer,Weekly,Senior,7,1530,0,17,Gold,0.8125,0.8399999999999999,0.32653061224489793,0,59.1,Average,1,High-Spending Customers
2460,47,Male,Socks,Clothing,36,Missouri,L,Violet,Fall,4.3,No,2-Day Shipping,No,14,Cash,Weekly,Middle-aged,7,540,0,14,Bronze,0.2,0.72,0.26530612244897955,0,30.36,At Risk,0,At-Risk Customers
2461,58,Male,Jeans,Clothing,36,Maine,S,Lavender,Winter,4.0,No,Store Pickup,No,28,Credit Card,Annually,Senior,365,1044,0,28,Silver,0.2,0.6000000000000001,0.5510204081632653,0,36.53,At Risk,3,Loyal Customers
2462,28,Male,Scarf,Accessories,86,Pennsylvania,L,Red,Summer,4.8,No,Next Day Air,No,19,Credit Card,Weekly,Young Adult,7,1720,0,19,Gold,0.825,0.9199999999999999,0.36734693877551017,0,62.42,Healthy,1,High-Spending Customers
2463,68,Male,Pants,Clothing,99,Missouri,XL,Orange,Spring,4.3,No,Standard,No,31,Bank Transfer,Bi-Weekly,Senior,14,3168,0,31,Premium,0.9875,0.72,0.6122448979591836,0,72.27,Healthy,2,Premium Customers
2464,60,Male,Blouse,Clothing,21,Mississippi,XL,Indigo,Summer,3.3,No,Standard,No,25,Cash,Bi-Weekly,Senior,14,546,0,25,Bronze,0.012500000000000011,0.32000000000000006,0.4897959183673469,0,21.59,At Risk,0,At-Risk Customers
2465,47,Male,Jacket,Outerwear,84,Hawaii,L,Teal,Winter,2.8,No,Express,No,4,Cash,Bi-Weekly,Middle-aged,14,420,0,4,Bronze,0.8,0.11999999999999988,0.061224489795918366,0,36.24,At Risk,1,High-Spending Customers
2466,18,Male,Sandals,Footwear,63,Texas,M,Brown,Spring,4.4,No,Free Shipping,No,20,Bank Transfer,Weekly,Young Adult,7,1323,0,20,Silver,0.5375000000000001,0.7600000000000002,0.38775510204081626,0,48.33,Average,1,High-Spending Customers
2467,32,Male,Shorts,Clothing,84,South Dakota,S,Pink,Summer,3.7,No,Express,No,37,Cash,Annually,Adult,365,3192,0,37,Premium,0.8,0.4800000000000002,0.7346938775510203,0,63.64,Healthy,2,Premium Customers
2468,27,Male,Shorts,Clothing,72,New Jersey,M,Lavender,Spring,3.6,No,Express,No,28,Credit Card,Annually,Young Adult,365,2088,0,28,Gold,0.65,0.44000000000000017,0.5510204081632653,0,51.33,Average,1,High-Spending Customers
2469,65,Male,Skirt,Clothing,21,Connecticut,L,Cyan,Winter,3.7,No,2-Day Shipping,No,6,Venmo,Weekly,Senior,7,147,0,6,Bronze,0.012500000000000011,0.4800000000000002,0.10204081632653061,0,13.16,At Risk,0,At-Risk Customers
2470,68,Male,Sandals,Footwear,92,Maryland,M,Yellow,Fall,5.0,No,Standard,No,27,PayPal,Annually,Senior,365,2576,0,27,Premium,0.9000000000000001,1.0,0.5306122448979591,0,71.92,Healthy,2,Premium Customers
2471,55,Male,Blouse,Clothing,72,Arizona,XL,Pink,Fall,2.7,No,Next Day Air,No,29,Credit Card,Fortnightly,Middle-aged,14,2160,0,29,Gold,0.65,0.08000000000000007,0.5714285714285714,0,44.74,Average,3,Loyal Customers
2472,30,Male,Sandals,Footwear,83,Oklahoma,M,Gray,Spring,4.3,No,Store Pickup,No,1,Cash,Annually,Young Adult,365,166,0,1,Bronze,0.7875000000000001,0.72,0.0,0,45.9,Average,1,High-Spending Customers
2473,24,Male,Shirt,Clothing,73,Utah,M,Peach,Summer,4.1,No,Standard,No,31,Credit Card,Annually,Young Adult,365,2336,0,31,Premium,0.6625000000000001,0.6399999999999999,0.6122448979591836,0,57.67,Average,2,Premium Customers
2474,57,Male,Socks,Clothing,98,Arkansas,M,Red,Winter,2.6,No,Next Day Air,No,28,Cash,Quarterly,Middle-aged,90,2842,0,28,Premium,0.9750000000000001,0.040000000000000036,0.5510204081632653,0,56.33,Average,2,Premium Customers
2475,23,Male,T-shirt,Clothing,76,North Carolina,M,Olive,Fall,3.2,No,Store Pickup,No,19,Bank Transfer,Quarterly,Young Adult,90,1520,0,19,Gold,0.7000000000000001,0.28000000000000025,0.36734693877551017,0,44.62,Average,1,High-Spending Customers
2476,69,Male,Dress,Clothing,43,California,S,Lavender,Summer,3.5,No,Next Day Air,No,36,Venmo,Monthly,Senior,30,1591,0,36,Gold,0.2875,0.40000000000000013,0.7142857142857142,0,40.93,Average,3,Loyal Customers
2477,60,Male,Hat,Accessories,60,Colorado,M,Turquoise,Summer,3.7,No,Next Day Air,No,28,Cash,Monthly,Senior,30,1740,0,28,Gold,0.5,0.4800000000000002,0.5510204081632653,0,46.13,Average,3,Loyal Customers
2478,25,Male,Gloves,Accessories,40,California,L,Turquoise,Spring,3.8,No,2-Day Shipping,No,29,PayPal,Weekly,Young Adult,7,1200,0,29,Silver,0.25,0.52,0.5714285714285714,0,37.54,At Risk,3,Loyal Customers
2479,18,Male,Socks,Clothing,93,Vermont,S,Maroon,Winter,4.8,No,2-Day Shipping,No,9,Bank Transfer,Every 3 Months,Young Adult,90,930,0,9,Silver,0.9125000000000001,0.9199999999999999,0.16326530612244897,0,59.8,Average,1,High-Spending Customers
2480,37,Male,Dress,Clothing,98,Kansas,S,Olive,Fall,4.2,No,Standard,No,26,Credit Card,Every 3 Months,Adult,90,2646,0,26,Premium,0.9750000000000001,0.6800000000000002,0.510204081632653,0,67.91,Healthy,2,Premium Customers
2481,61,Male,Socks,Clothing,91,Ohio,XL,Maroon,Summer,2.9,No,Next Day Air,No,7,Credit Card,Fortnightly,Senior,14,728,0,7,Silver,0.8875,0.15999999999999992,0.12244897959183673,0,42.37,Average,1,High-Spending Customers
2482,41,Male,Belt,Accessories,92,New Jersey,XL,Cyan,Fall,2.9,No,Free Shipping,No,35,Debit Card,Weekly,Adult,7,3312,0,35,Premium,0.9000000000000001,0.15999999999999992,0.693877551020408,0,60.02,Healthy,2,Premium Customers
2483,69,Male,Handbag,Accessories,87,Arizona,S,Peach,Winter,4.8,No,Next Day Air,No,46,Credit Card,Every 3 Months,Senior,90,4089,0,46,Premium,0.8375000000000001,0.9199999999999999,0.9183673469387754,0,79.45,Healthy,2,Premium Customers
2484,32,Male,Skirt,Clothing,96,Arizona,S,Teal,Fall,2.9,No,Standard,No,8,Debit Card,Monthly,Adult,30,864,0,8,Silver,0.9500000000000002,0.15999999999999992,0.14285714285714285,0,45.49,Average,1,High-Spending Customers
2485,60,Male,Hoodie,Clothing,97,New Hampshire,M,Green,Summer,4.8,No,2-Day Shipping,No,50,Cash,Every 3 Months,Senior,90,4947,0,50,Premium,0.9625000000000001,0.9199999999999999,1.0,0,86.9,Excellent,2,Premium Customers
2486,43,Male,Blouse,Clothing,55,Louisiana,M,Beige,Spring,4.6,No,2-Day Shipping,No,37,Bank Transfer,Annually,Adult,365,2090,0,37,Gold,0.4375,0.8399999999999999,0.7346938775510203,0,56.34,Average,3,Loyal Customers
2487,61,Male,Jeans,Clothing,58,Texas,L,Magenta,Spring,4.4,No,Store Pickup,No,6,Credit Card,Fortnightly,Senior,14,406,0,6,Bronze,0.4750000000000001,0.7600000000000002,0.10204081632653061,0,37.26,At Risk,1,High-Spending Customers
2488,57,Male,Boots,Footwear,21,Montana,L,Violet,Spring,3.0,No,Next Day Air,No,16,PayPal,Bi-Weekly,Middle-aged,14,357,0,16,Bronze,0.012500000000000011,0.20000000000000018,0.3061224489795918,0,13.68,At Risk,0,At-Risk Customers
2489,56,Male,Handbag,Accessories,82,New Hampshire,XL,Charcoal,Summer,4.4,No,Express,No,30,PayPal,Monthly,Middle-aged,30,2542,0,30,Premium,0.7750000000000001,0.7600000000000002,0.5918367346938774,0,63.96,Healthy,2,Premium Customers
2490,66,Male,Coat,Outerwear,34,South Dakota,M,Green,Winter,3.9,No,Express,No,50,Venmo,Quarterly,Senior,90,1734,0,50,Gold,0.17500000000000004,0.56,1.0,0,48.2,Average,3,Loyal Customers
2491,52,Male,Blouse,Clothing,78,Montana,M,Gray,Spring,4.0,No,Free Shipping,No,5,Cash,Every 3 Months,Middle-aged,90,468,0,5,Bronze,0.7250000000000001,0.6000000000000001,0.08163265306122448,0,43.45,Average,1,High-Spending Customers
2492,63,Male,Handbag,Accessories,47,North Carolina,M,Magenta,Spring,2.5,No,Express,No,15,Bank Transfer,Monthly,Senior,30,752,0,15,Silver,0.3375,0.0,0.28571428571428564,0,22.07,At Risk,0,At-Risk Customers
2493,50,Male,Sunglasses,Accessories,96,South Dakota,S,Silver,Summer,4.1,No,Next Day Air,No,34,Bank Transfer,Bi-Weekly,Middle-aged,14,3360,0,34,Premium,0.9500000000000002,0.6399999999999999,0.673469387755102,0,71.0,Healthy,2,Premium Customers
2494,21,Male,Socks,Clothing,23,Maine,S,Beige,Fall,4.8,No,2-Day Shipping,No,6,Venmo,Every 3 Months,Young Adult,90,161,0,6,Bronze,0.03750000000000003,0.9199999999999999,0.10204081632653061,0,22.96,At Risk,0,At-Risk Customers
2495,42,Male,Shoes,Footwear,27,Oklahoma,S,Peach,Winter,2.6,No,Store Pickup,No,26,Debit Card,Annually,Adult,365,729,0,26,Silver,0.08750000000000002,0.040000000000000036,0.510204081632653,0,19.61,At Risk,0,At-Risk Customers
2496,40,Male,Backpack,Accessories,37,Nebraska,XL,Orange,Spring,3.1,No,Free Shipping,No,34,Credit Card,Every 3 Months,Adult,90,1295,0,34,Silver,0.21250000000000002,0.2400000000000002,0.673469387755102,0,33.5,At Risk,3,Loyal Customers
2497,67,Male,Scarf,Accessories,79,Illinois,S,Yellow,Summer,3.2,No,Store Pickup,No,37,Credit Card,Weekly,Senior,7,3002,0,37,Premium,0.7375,0.28000000000000025,0.7346938775510203,0,57.14,Average,2,Premium Customers
2498,35,Male,Backpack,Accessories,40,Colorado,M,Violet,Summer,4.2,No,Standard,No,28,Bank Transfer,Annually,Adult,365,1160,0,28,Silver,0.25,0.6800000000000002,0.5510204081632653,0,40.13,Average,3,Loyal Customers
2499,18,Male,Coat,Outerwear,39,Massachusetts,S,Green,Fall,2.6,No,Next Day Air,No,38,Cash,Fortnightly,Young Adult,14,1521,0,38,Gold,0.23750000000000004,0.040000000000000036,0.7551020408163265,0,32.95,At Risk,3,Loyal Customers
2500,52,Male,Hoodie,Clothing,73,Louisiana,L,Pink,Summer,3.1,No,Next Day Air,No,2,Cash,Quarterly,Middle-aged,90,219,0,2,Bronze,0.6625000000000001,0.2400000000000002,0.02040816326530612,0,31.91,At Risk,0,At-Risk Customers
2501,59,Male,Gloves,Accessories,84,Massachusetts,M,Violet,Fall,2.9,No,Store Pickup,No,32,Cash,Bi-Weekly,Senior,14,2772,0,32,Premium,0.8,0.15999999999999992,0.6326530612244897,0,54.18,Average,2,Premium Customers
2502,49,Male,Shorts,Clothing,94,West Virginia,M,Violet,Fall,4.6,No,Free Shipping,No,30,Venmo,Bi-Weekly,Middle-aged,14,2914,0,30,Premium,0.925,0.8399999999999999,0.5918367346938774,0,71.56,Healthy,2,Premium Customers
2503,46,Male,Skirt,Clothing,47,Idaho,L,Pink,Spring,4.1,No,Standard,No,17,PayPal,Every 3 Months,Middle-aged,90,846,0,17,Silver,0.3375,0.6399999999999999,0.32653061224489793,0,36.1,At Risk,0,At-Risk Customers
2504,69,Male,Boots,Footwear,77,Ohio,M,Violet,Summer,2.5,No,Store Pickup,No,5,Debit Card,Bi-Weekly,Senior,14,462,0,5,Bronze,0.7125,0.0,0.08163265306122448,0,30.95,At Risk,0,At-Risk Customers
2505,56,Male,Shorts,Clothing,94,Rhode Island,M,Turquoise,Winter,4.0,No,Store Pickup,No,31,Cash,Bi-Weekly,Middle-aged,14,3008,0,31,Premium,0.925,0.6000000000000001,0.6122448979591836,0,67.37,Healthy,2,Premium Customers
2506,27,Male,Handbag,Accessories,75,Illinois,M,Cyan,Summer,3.5,No,Express,No,43,PayPal,Quarterly,Young Adult,90,3300,0,43,Premium,0.6875,0.40000000000000013,0.8571428571428571,0,61.21,Healthy,2,Premium Customers
2507,57,Male,Dress,Clothing,82,New York,XL,Orange,Spring,4.4,No,Free Shipping,No,19,Venmo,Annually,Middle-aged,365,1640,0,19,Gold,0.7750000000000001,0.7600000000000002,0.36734693877551017,0,57.22,Average,1,High-Spending Customers
2508,58,Male,Shoes,Footwear,36,Louisiana,M,Cyan,Fall,2.9,No,Store Pickup,No,32,Credit Card,Every 3 Months,Senior,90,1188,0,32,Silver,0.2,0.15999999999999992,0.6326530612244897,0,30.18,At Risk,3,Loyal Customers
2509,23,Male,Sneakers,Footwear,90,California,XL,Indigo,Spring,3.1,No,2-Day Shipping,No,5,Debit Card,Bi-Weekly,Young Adult,14,540,0,5,Bronze,0.875,0.2400000000000002,0.08163265306122448,0,42.25,Average,1,High-Spending Customers
2510,19,Male,Socks,Clothing,48,Washington,M,Black,Spring,4.4,No,Free Shipping,No,9,Bank Transfer,Quarterly,Young Adult,90,480,0,9,Bronze,0.3500000000000001,0.7600000000000002,0.16326530612244897,0,34.1,At Risk,0,At-Risk Customers
2511,40,Male,Jacket,Outerwear,42,South Dakota,L,Purple,Winter,4.4,No,Standard,No,48,Credit Card,Weekly,Adult,7,2058,0,48,Gold,0.275,0.7600000000000002,0.9591836734693877,0,54.98,Average,3,Loyal Customers
2512,54,Male,Backpack,Accessories,33,Idaho,M,Cyan,Summer,2.7,No,Store Pickup,No,1,PayPal,Quarterly,Middle-aged,90,66,0,1,Bronze,0.16250000000000003,0.08000000000000007,0.0,0,8.1,At Risk,0,At-Risk Customers
2513,50,Male,Socks,Clothing,63,North Dakota,M,Green,Summer,4.9,No,Free Shipping,No,20,Credit Card,Monthly,Middle-aged,30,1323,0,20,Silver,0.5375000000000001,0.9600000000000002,0.38775510204081626,0,52.33,Average,1,High-Spending Customers
2514,69,Male,Handbag,Accessories,53,Washington,L,Teal,Winter,3.5,No,2-Day Shipping,No,42,Cash,Annually,Senior,365,2279,0,42,Gold,0.4125000000000001,0.40000000000000013,0.836734693877551,0,49.6,Average,3,Loyal Customers
2515,42,Male,Hat,Accessories,37,Alaska,L,Teal,Spring,4.8,No,Free Shipping,No,45,PayPal,Bi-Weekly,Adult,14,1702,0,45,Gold,0.21250000000000002,0.9199999999999999,0.8979591836734693,0,53.84,Average,3,Loyal Customers
2516,37,Male,Blouse,Clothing,92,Kansas,M,Magenta,Summer,4.2,No,2-Day Shipping,No,41,Cash,Monthly,Adult,30,3864,0,41,Premium,0.9000000000000001,0.6800000000000002,0.8163265306122448,0,74.09,Healthy,2,Premium Customers
2517,46,Male,Shorts,Clothing,73,Utah,XL,Brown,Spring,4.6,No,Standard,No,36,Debit Card,Quarterly,Middle-aged,90,2701,0,36,Premium,0.6625000000000001,0.8399999999999999,0.7142857142857142,0,64.73,Healthy,2,Premium Customers
2518,64,Male,Shirt,Clothing,38,Wyoming,L,Orange,Spring,2.9,No,Standard,No,10,Venmo,Annually,Senior,365,418,0,10,Bronze,0.22500000000000003,0.15999999999999992,0.18367346938775508,0,17.71,At Risk,0,At-Risk Customers
2519,20,Male,Boots,Footwear,51,Maine,XL,Blue,Fall,4.0,No,Store Pickup,No,31,Venmo,Annually,Young Adult,365,1632,0,31,Gold,0.38750000000000007,0.6000000000000001,0.6122448979591836,0,45.87,Average,3,Loyal Customers
2520,40,Male,Jacket,Outerwear,90,Michigan,L,Magenta,Spring,4.9,No,Standard,No,21,Credit Card,Quarterly,Adult,90,1980,0,21,Gold,0.875,0.9600000000000002,0.4081632653061224,0,66.44,Healthy,1,High-Spending Customers
2521,64,Male,Jacket,Outerwear,56,Illinois,L,Magenta,Summer,3.1,No,Next Day Air,No,16,Cash,Every 3 Months,Senior,90,952,0,16,Silver,0.45000000000000007,0.2400000000000002,0.3061224489795918,0,31.98,At Risk,0,At-Risk Customers
2522,29,Male,Handbag,Accessories,33,Minnesota,M,Magenta,Fall,4.4,No,Standard,No,18,PayPal,Every 3 Months,Young Adult,90,627,0,18,Bronze,0.16250000000000003,0.7600000000000002,0.346938775510204,0,32.11,At Risk,0,At-Risk Customers
2523,20,Male,Belt,Accessories,53,Massachusetts,S,Olive,Winter,2.5,No,2-Day Shipping,No,20,Debit Card,Weekly,Young Adult,7,1113,0,20,Silver,0.4125000000000001,0.0,0.38775510204081626,0,28.13,At Risk,0,At-Risk Customers
2524,43,Male,Handbag,Accessories,24,New Jersey,S,Cyan,Spring,3.4,No,Express,No,21,Bank Transfer,Annually,Adult,365,528,0,21,Bronze,0.050000000000000044,0.3600000000000001,0.4081632653061224,0,21.44,At Risk,0,At-Risk Customers
2525,60,Male,Coat,Outerwear,59,Kansas,M,Purple,Spring,3.7,No,Express,No,23,Credit Card,Quarterly,Senior,90,1416,0,23,Gold,0.48750000000000004,0.4800000000000002,0.44897959183673464,0,42.57,Average,3,Loyal Customers
2526,39,Male,Sweater,Clothing,72,Kentucky,M,Purple,Winter,4.2,No,Standard,No,20,PayPal,Weekly,Adult,7,1512,0,20,Gold,0.65,0.6800000000000002,0.38775510204081626,0,51.23,Average,1,High-Spending Customers
2527,47,Male,Shorts,Clothing,28,Rhode Island,S,Peach,Spring,3.4,No,Express,No,30,PayPal,Bi-Weekly,Middle-aged,14,868,0,30,Silver,0.10000000000000003,0.3600000000000001,0.5918367346938774,0,28.96,At Risk,0,At-Risk Customers
2528,19,Male,Pants,Clothing,36,Illinois,M,Gold,Fall,3.6,No,Express,No,33,Bank Transfer,Every 3 Months,Young Adult,90,1224,0,33,Silver,0.2,0.44000000000000017,0.6530612244897959,0,36.39,At Risk,3,Loyal Customers
2529,52,Male,Jewelry,Accessories,47,Alabama,S,Peach,Fall,4.7,No,2-Day Shipping,No,31,Debit Card,Monthly,Middle-aged,30,1504,0,31,Gold,0.3375,0.8800000000000001,0.6122448979591836,0,49.47,Average,3,Loyal Customers
2530,34,Male,Gloves,Accessories,62,Tennessee,M,Magenta,Spring,4.7,No,Next Day Air,No,48,Bank Transfer,Monthly,Adult,30,3038,0,48,Premium,0.525,0.8800000000000001,0.9591836734693877,0,67.38,Healthy,2,Premium Customers
2531,25,Male,Skirt,Clothing,98,Massachusetts,S,Cyan,Spring,3.6,No,Free Shipping,No,28,Debit Card,Weekly,Young Adult,7,2842,0,28,Premium,0.9750000000000001,0.44000000000000017,0.5510204081632653,0,64.33,Healthy,2,Premium Customers
2532,43,Male,Sandals,Footwear,28,Texas,M,Violet,Summer,4.6,No,Free Shipping,No,7,Cash,Every 3 Months,Adult,90,224,0,7,Bronze,0.10000000000000003,0.8399999999999999,0.12244897959183673,0,24.47,At Risk,0,At-Risk Customers
2533,55,Male,Socks,Clothing,86,Nebraska,S,Charcoal,Summer,2.6,No,Next Day Air,No,4,Debit Card,Weekly,Middle-aged,7,430,0,4,Bronze,0.825,0.040000000000000036,0.061224489795918366,0,35.64,At Risk,1,High-Spending Customers
2534,66,Male,Jewelry,Accessories,46,Pennsylvania,S,Blue,Summer,3.1,No,Standard,No,49,Cash,Bi-Weekly,Senior,14,2300,0,49,Premium,0.32500000000000007,0.2400000000000002,0.9795918367346937,0,47.19,Average,3,Loyal Customers
2535,41,Male,Sunglasses,Accessories,42,Virginia,XL,Red,Fall,3.2,No,Free Shipping,No,22,Cash,Weekly,Adult,7,966,0,22,Silver,0.275,0.28000000000000025,0.4285714285714285,0,29.46,At Risk,0,At-Risk Customers
2536,47,Male,Coat,Outerwear,80,Vermont,S,Purple,Winter,3.9,No,Express,No,39,Bank Transfer,Fortnightly,Middle-aged,14,3200,0,39,Premium,0.75,0.56,0.7755102040816325,0,64.47,Healthy,2,Premium Customers
2537,51,Male,Belt,Accessories,39,Oklahoma,L,Gray,Spring,4.9,No,Express,No,45,PayPal,Every 3 Months,Middle-aged,90,1794,0,45,Gold,0.23750000000000004,0.9600000000000002,0.8979591836734693,0,55.64,Average,3,Loyal Customers
2538,44,Male,Coat,Outerwear,49,Maine,M,Purple,Summer,4.1,No,2-Day Shipping,No,30,PayPal,Fortnightly,Adult,14,1519,0,30,Gold,0.36250000000000004,0.6399999999999999,0.5918367346938774,0,45.06,Average,3,Loyal Customers
2539,18,Male,Scarf,Accessories,32,New Jersey,M,Silver,Summer,4.2,No,Next Day Air,No,33,Credit Card,Bi-Weekly,Young Adult,14,1088,0,33,Silver,0.15000000000000002,0.6800000000000002,0.6530612244897959,0,39.19,At Risk,3,Loyal Customers
2540,33,Male,Sandals,Footwear,73,Massachusetts,M,Purple,Fall,4.1,No,Next Day Air,No,24,Cash,Bi-Weekly,Adult,14,1825,0,24,Gold,0.6625000000000001,0.6399999999999999,0.4693877551020408,0,53.38,Average,1,High-Spending Customers
2541,24,Male,Belt,Accessories,42,New Jersey,M,Charcoal,Summer,3.9,No,Free Shipping,No,11,Debit Card,Quarterly,Young Adult,90,504,0,11,Bronze,0.275,0.56,0.2040816326530612,0,28.32,At Risk,0,At-Risk Customers
2542,33,Male,Scarf,Accessories,58,Washington,M,Silver,Spring,2.7,No,Next Day Air,No,13,Venmo,Every 3 Months,Adult,90,812,0,13,Silver,0.4750000000000001,0.08000000000000007,0.24489795918367344,0,27.95,At Risk,0,At-Risk Customers
2543,61,Male,Jewelry,Accessories,22,Arkansas,M,White,Winter,3.7,No,Express,No,27,PayPal,Annually,Senior,365,616,0,27,Bronze,0.025000000000000022,0.4800000000000002,0.5306122448979591,0,26.52,At Risk,0,At-Risk Customers
2544,27,Male,Scarf,Accessories,56,West Virginia,L,Peach,Spring,2.7,No,Next Day Air,No,30,PayPal,Bi-Weekly,Young Adult,14,1736,0,30,Gold,0.45000000000000007,0.08000000000000007,0.5918367346938774,0,37.36,At Risk,3,Loyal Customers
2545,46,Male,Pants,Clothing,70,Delaware,M,Red,Spring,2.5,No,Next Day Air,No,39,Venmo,Quarterly,Middle-aged,90,2800,0,39,Premium,0.625,0.0,0.7755102040816325,0,48.27,Average,3,Loyal Customers
2546,38,Male,Shoes,Footwear,50,Texas,L,Olive,Spring,3.9,No,Free Shipping,No,10,Debit Card,Annually,Adult,365,550,0,10,Bronze,0.375,0.56,0.18367346938775508,0,31.71,At Risk,0,At-Risk Customers
2547,63,Male,Boots,Footwear,21,Texas,L,Gray,Summer,3.0,No,Express,No,4,Credit Card,Quarterly,Senior,90,105,0,4,Bronze,0.012500000000000011,0.20000000000000018,0.061224489795918366,0,6.34,At Risk,0,At-Risk Customers
2548,47,Male,Jacket,Outerwear,97,Mississippi,M,Beige,Summer,3.2,No,2-Day Shipping,No,16,Cash,Weekly,Middle-aged,7,1649,0,16,Gold,0.9625000000000001,0.28000000000000025,0.3061224489795918,0,53.28,Average,1,High-Spending Customers
2549,42,Male,Backpack,Accessories,63,Texas,L,Pink,Winter,3.8,No,Standard,No,34,Credit Card,Monthly,Adult,30,2205,0,34,Gold,0.5375000000000001,0.52,0.673469387755102,0,52.1,Average,3,Loyal Customers
2550,41,Male,Jacket,Outerwear,60,Virginia,M,Red,Fall,2.7,No,Standard,No,11,Debit Card,Every 3 Months,Adult,90,720,0,11,Silver,0.5,0.08000000000000007,0.2040816326530612,0,27.72,At Risk,0,At-Risk Customers
2551,53,Male,Boots,Footwear,52,New Hampshire,XL,Peach,Fall,3.0,No,Store Pickup,No,30,Debit Card,Fortnightly,Middle-aged,14,1612,0,30,Gold,0.4,0.20000000000000018,0.5918367346938774,0,37.76,At Risk,3,Loyal Customers
2552,29,Male,Shoes,Footwear,32,Minnesota,M,Maroon,Winter,4.1,No,Next Day Air,No,40,Debit Card,Annually,Young Adult,365,1312,0,40,Silver,0.15000000000000002,0.6399999999999999,0.7959183673469387,0,42.68,Average,3,Loyal Customers
2553,61,Male,Belt,Accessories,48,Maryland,XL,Purple,Spring,3.2,No,2-Day Shipping,No,13,Credit Card,Annually,Senior,365,672,0,13,Silver,0.3500000000000001,0.28000000000000025,0.24489795918367344,0,26.95,At Risk,0,At-Risk Customers
2554,69,Male,Jewelry,Accessories,25,Vermont,M,Maroon,Summer,4.5,No,Store Pickup,No,28,Venmo,Every 3 Months,Senior,90,725,0,28,Silver,0.0625,0.8,0.5510204081632653,0,35.03,At Risk,3,Loyal Customers
2555,51,Male,Jewelry,Accessories,68,Kansas,M,Gray,Summer,4.3,No,Store Pickup,No,49,Debit Card,Bi-Weekly,Middle-aged,14,3400,0,49,Premium,0.6000000000000001,0.72,0.9795918367346937,0,67.79,Healthy,2,Premium Customers
2556,24,Male,Pants,Clothing,74,Idaho,M,Gray,Fall,3.5,No,Standard,No,23,Credit Card,Weekly,Young Adult,7,1776,0,23,Gold,0.675,0.40000000000000013,0.44897959183673464,0,48.47,Average,1,High-Spending Customers
2557,24,Male,T-shirt,Clothing,88,Montana,XL,Magenta,Fall,3.1,No,Standard,No,4,Bank Transfer,Quarterly,Young Adult,90,440,0,4,Bronze,0.8500000000000001,0.2400000000000002,0.061224489795918366,0,40.64,Average,1,High-Spending Customers
2558,70,Male,Shorts,Clothing,23,Oklahoma,L,Cyan,Spring,3.9,No,Standard,No,17,PayPal,Fortnightly,Senior,14,414,0,17,Bronze,0.03750000000000003,0.56,0.32653061224489793,0,22.5,At Risk,0,At-Risk Customers
2559,49,Male,Hoodie,Clothing,32,California,M,Silver,Fall,2.7,No,Express,No,24,PayPal,Fortnightly,Middle-aged,14,800,0,24,Silver,0.15000000000000002,0.08000000000000007,0.4693877551020408,0,21.68,At Risk,0,At-Risk Customers
2560,48,Male,Belt,Accessories,71,Mississippi,S,Green,Winter,4.0,No,Free Shipping,No,21,Debit Card,Every 3 Months,Middle-aged,90,1562,0,21,Gold,0.6375000000000001,0.6000000000000001,0.4081632653061224,0,49.74,Average,1,High-Spending Customers
2561,58,Male,Boots,Footwear,62,California,M,Violet,Spring,2.7,No,Next Day Air,No,17,Debit Card,Bi-Weekly,Senior,14,1116,0,17,Silver,0.525,0.08000000000000007,0.32653061224489793,0,32.4,At Risk,0,At-Risk Customers
2562,32,Male,Hoodie,Clothing,20,New York,L,Magenta,Spring,2.7,No,Free Shipping,No,22,Debit Card,Quarterly,Adult,90,460,0,22,Bronze,0.0,0.08000000000000007,0.4285714285714285,0,14.46,At Risk,0,At-Risk Customers
2563,57,Male,Shorts,Clothing,62,Arizona,XL,Yellow,Spring,4.7,No,Standard,No,27,Cash,Fortnightly,Middle-aged,14,1736,0,27,Gold,0.525,0.8800000000000001,0.5306122448979591,0,54.52,Average,1,High-Spending Customers
2564,69,Male,Backpack,Accessories,81,Massachusetts,XL,Gray,Winter,4.5,No,Standard,No,1,Venmo,Every 3 Months,Senior,90,162,0,1,Bronze,0.7625,0.8,0.0,0,46.5,Average,1,High-Spending Customers
2565,42,Male,Scarf,Accessories,90,Kentucky,L,Indigo,Winter,3.0,No,2-Day Shipping,No,27,Bank Transfer,Weekly,Adult,7,2520,0,27,Premium,0.875,0.20000000000000018,0.5306122448979591,0,54.92,Average,2,Premium Customers
2566,30,Male,Socks,Clothing,43,Vermont,S,Indigo,Fall,3.6,No,Store Pickup,No,8,Venmo,Quarterly,Young Adult,90,387,0,8,Bronze,0.2875,0.44000000000000017,0.14285714285714285,0,24.59,At Risk,0,At-Risk Customers
2567,35,Male,Handbag,Accessories,38,Missouri,S,Yellow,Fall,3.3,No,Standard,No,43,PayPal,Quarterly,Adult,90,1672,0,43,Gold,0.22500000000000003,0.32000000000000006,0.8571428571428571,0,41.11,Average,3,Loyal Customers
2568,19,Male,Sunglasses,Accessories,25,Michigan,XL,Gold,Spring,4.3,No,Store Pickup,No,24,Cash,Fortnightly,Young Adult,14,625,0,24,Bronze,0.0625,0.72,0.4693877551020408,0,30.98,At Risk,0,At-Risk Customers
2569,52,Male,T-shirt,Clothing,98,Texas,XL,Green,Winter,4.3,No,Express,No,29,PayPal,Fortnightly,Middle-aged,14,2940,0,29,Premium,0.9750000000000001,0.72,0.5714285714285714,0,70.54,Healthy,2,Premium Customers
2570,42,Male,Dress,Clothing,75,New York,M,Charcoal,Spring,4.8,No,Free Shipping,No,10,Bank Transfer,Bi-Weekly,Adult,14,825,0,10,Silver,0.6875,0.9199999999999999,0.18367346938775508,0,51.41,Average,1,High-Spending Customers
2571,36,Male,Sneakers,Footwear,27,New Mexico,XL,Olive,Spring,4.0,No,Store Pickup,No,12,PayPal,Fortnightly,Adult,14,351,0,12,Bronze,0.08750000000000002,0.6000000000000001,0.22448979591836735,0,22.23,At Risk,0,At-Risk Customers
2572,45,Male,Sunglasses,Accessories,27,Mississippi,L,Black,Winter,3.5,No,Standard,No,48,Cash,Fortnightly,Middle-aged,14,1323,0,48,Silver,0.08750000000000002,0.40000000000000013,0.9591836734693877,0,40.28,Average,3,Loyal Customers
2573,54,Male,Blouse,Clothing,42,Washington,M,Silver,Fall,3.9,No,Next Day Air,No,40,Bank Transfer,Quarterly,Middle-aged,90,1722,0,40,Gold,0.275,0.56,0.7959183673469387,0,46.08,Average,3,Loyal Customers
2574,54,Male,T-shirt,Clothing,90,New Mexico,M,Red,Summer,4.4,No,Store Pickup,No,1,Bank Transfer,Annually,Middle-aged,365,180,0,1,Bronze,0.875,0.7600000000000002,0.0,0,50.2,Average,1,High-Spending Customers
2575,27,Male,Hat,Accessories,63,Florida,M,Brown,Summer,4.6,No,2-Day Shipping,No,26,Credit Card,Fortnightly,Young Adult,14,1701,0,26,Gold,0.5375000000000001,0.8399999999999999,0.510204081632653,0,53.61,Average,1,High-Spending Customers
2576,53,Male,Shorts,Clothing,96,Minnesota,M,Silver,Fall,4.0,No,Express,No,9,PayPal,Annually,Middle-aged,365,960,0,9,Silver,0.9500000000000002,0.6000000000000001,0.16326530612244897,0,54.9,Average,1,High-Spending Customers
2577,20,Male,Hoodie,Clothing,40,New Hampshire,M,Silver,Winter,4.2,No,Free Shipping,No,19,Debit Card,Quarterly,Young Adult,90,800,0,19,Silver,0.25,0.6800000000000002,0.36734693877551017,0,34.62,At Risk,0,At-Risk Customers
2578,52,Male,Socks,Clothing,39,Minnesota,L,Black,Fall,4.5,No,Next Day Air,No,37,Bank Transfer,Monthly,Middle-aged,30,1482,0,37,Gold,0.23750000000000004,0.8,0.7346938775510203,0,47.54,Average,3,Loyal Customers
2579,54,Male,Sunglasses,Accessories,48,Vermont,M,Purple,Fall,3.9,No,Free Shipping,No,3,Cash,Quarterly,Middle-aged,90,192,0,3,Bronze,0.3500000000000001,0.56,0.04081632653061225,0,26.42,At Risk,0,At-Risk Customers
2580,65,Male,Blouse,Clothing,20,Minnesota,M,Purple,Summer,3.7,No,Express,No,40,Venmo,Weekly,Senior,7,820,0,40,Silver,0.0,0.4800000000000002,0.7959183673469387,0,33.48,At Risk,3,Loyal Customers
2581,43,Male,Jeans,Clothing,29,Massachusetts,S,Turquoise,Summer,3.6,No,Store Pickup,No,13,Bank Transfer,Quarterly,Adult,90,406,0,13,Bronze,0.11250000000000004,0.44000000000000017,0.24489795918367344,0,20.65,At Risk,0,At-Risk Customers
2582,57,Male,Dress,Clothing,81,Wyoming,M,Gold,Winter,4.7,No,Express,No,48,Credit Card,Monthly,Middle-aged,30,3969,0,48,Premium,0.7625,0.8800000000000001,0.9591836734693877,0,76.88,Healthy,2,Premium Customers
2583,19,Male,Dress,Clothing,98,South Dakota,S,Indigo,Fall,3.6,No,2-Day Shipping,No,4,Venmo,Every 3 Months,Young Adult,90,490,0,4,Bronze,0.9750000000000001,0.44000000000000017,0.061224489795918366,0,49.64,Average,1,High-Spending Customers
2584,69,Male,Jeans,Clothing,93,Oklahoma,M,Lavender,Fall,2.5,No,Next Day Air,No,9,Cash,Weekly,Senior,7,930,0,9,Silver,0.9125000000000001,0.0,0.16326530612244897,0,41.4,Average,1,High-Spending Customers
2585,26,Male,Socks,Clothing,30,Florida,L,Blue,Summer,2.9,No,Store Pickup,No,26,Bank Transfer,Bi-Weekly,Young Adult,14,810,0,26,Silver,0.125,0.15999999999999992,0.510204081632653,0,23.51,At Risk,0,At-Risk Customers
2586,57,Male,Sunglasses,Accessories,37,Wisconsin,L,Maroon,Fall,4.4,No,Free Shipping,No,19,Debit Card,Weekly,Middle-aged,7,740,0,19,Silver,0.21250000000000002,0.7600000000000002,0.36734693877551017,0,34.72,At Risk,0,At-Risk Customers
2587,20,Male,Coat,Outerwear,28,Maine,L,Yellow,Winter,4.6,No,Express,No,1,Credit Card,Every 3 Months,Young Adult,90,56,0,1,Bronze,0.10000000000000003,0.8399999999999999,0.0,0,20.8,At Risk,0,At-Risk Customers
2588,55,Male,Scarf,Accessories,29,Connecticut,M,Purple,Winter,3.7,No,Express,No,29,PayPal,Every 3 Months,Middle-aged,90,870,0,29,Silver,0.11250000000000004,0.4800000000000002,0.5714285714285714,0,31.24,At Risk,0,At-Risk Customers
2589,44,Male,Backpack,Accessories,49,Delaware,M,Peach,Summer,3.2,No,Free Shipping,No,38,Venmo,Bi-Weekly,Adult,14,1911,0,38,Gold,0.36250000000000004,0.28000000000000025,0.7551020408163265,0,42.75,Average,3,Loyal Customers
2590,52,Male,Pants,Clothing,53,North Dakota,M,Silver,Winter,4.9,No,2-Day Shipping,No,31,PayPal,Annually,Middle-aged,365,1696,0,31,Gold,0.4125000000000001,0.9600000000000002,0.6122448979591836,0,54.07,Average,3,Loyal Customers
2591,57,Male,Gloves,Accessories,66,California,M,Turquoise,Summer,5.0,No,Free Shipping,No,35,Venmo,Annually,Middle-aged,365,2376,0,35,Premium,0.5750000000000001,1.0,0.693877551020408,0,63.82,Healthy,2,Premium Customers
2592,40,Male,Jacket,Outerwear,61,New Mexico,S,Olive,Spring,3.3,No,Express,No,40,Cash,Quarterly,Adult,90,2501,0,40,Premium,0.5125000000000001,0.32000000000000006,0.7959183673469387,0,50.78,Average,3,Loyal Customers
2593,23,Male,Shorts,Clothing,23,Iowa,XL,Peach,Summer,4.4,No,Store Pickup,No,13,Venmo,Quarterly,Young Adult,90,322,0,13,Bronze,0.03750000000000003,0.7600000000000002,0.24489795918367344,0,24.05,At Risk,0,At-Risk Customers
2594,36,Male,Pants,Clothing,36,Colorado,S,Indigo,Fall,4.7,No,Store Pickup,No,9,Bank Transfer,Every 3 Months,Adult,90,360,0,9,Bronze,0.2,0.8800000000000001,0.16326530612244897,0,30.5,At Risk,0,At-Risk Customers
2595,59,Male,Skirt,Clothing,81,Montana,L,Indigo,Fall,3.6,No,Free Shipping,No,25,Cash,Every 3 Months,Senior,90,2106,0,25,Gold,0.7625,0.44000000000000017,0.4897959183673469,0,53.99,Average,1,High-Spending Customers
2596,29,Male,Blouse,Clothing,56,Iowa,XL,Maroon,Summer,3.2,No,Free Shipping,No,3,Bank Transfer,Bi-Weekly,Young Adult,14,224,0,3,Bronze,0.45000000000000007,0.28000000000000025,0.04081632653061225,0,24.82,At Risk,0,At-Risk Customers
2597,63,Male,Shirt,Clothing,78,Louisiana,L,Black,Spring,3.0,No,Next Day Air,No,35,Credit Card,Monthly,Senior,30,2808,0,35,Premium,0.7250000000000001,0.20000000000000018,0.693877551020408,0,53.82,Average,2,Premium Customers
2598,60,Male,Jewelry,Accessories,25,Alabama,XL,Teal,Summer,4.4,No,Store Pickup,No,13,Venmo,Bi-Weekly,Senior,14,350,0,13,Bronze,0.0625,0.7600000000000002,0.24489795918367344,0,25.05,At Risk,0,At-Risk Customers
2599,64,Male,Backpack,Accessories,86,Nevada,XL,Olive,Fall,3.3,No,Express,No,31,Debit Card,Annually,Senior,365,2752,0,31,Premium,0.825,0.32000000000000006,0.6122448979591836,0,57.77,Average,2,Premium Customers
2600,63,Male,Jewelry,Accessories,99,Vermont,M,Gold,Winter,3.4,No,Express,No,48,Credit Card,Monthly,Senior,30,4851,0,48,Premium,0.9875,0.3600000000000001,0.9591836734693877,0,75.48,Healthy,2,Premium Customers
2601,21,Male,Belt,Accessories,83,New York,M,Gray,Fall,3.9,No,Express,No,6,Bank Transfer,Bi-Weekly,Young Adult,14,581,0,6,Bronze,0.7875000000000001,0.56,0.10204081632653061,0,45.76,Average,1,High-Spending Customers
2602,61,Male,Dress,Clothing,33,Mississippi,L,Orange,Winter,2.9,No,Store Pickup,No,43,Cash,Monthly,Senior,30,1452,0,43,Gold,0.16250000000000003,0.15999999999999992,0.8571428571428571,0,35.41,At Risk,3,Loyal Customers
2603,65,Male,Coat,Outerwear,44,South Carolina,M,Black,Fall,2.9,No,Free Shipping,No,1,Venmo,Quarterly,Senior,90,88,0,1,Bronze,0.30000000000000004,0.15999999999999992,0.0,0,15.2,At Risk,0,At-Risk Customers
2604,69,Male,Dress,Clothing,58,Washington,M,Teal,Spring,2.7,No,2-Day Shipping,No,8,Cash,Annually,Senior,365,522,0,8,Bronze,0.4750000000000001,0.08000000000000007,0.14285714285714285,0,24.89,At Risk,0,At-Risk Customers
2605,47,Male,Sweater,Clothing,54,Colorado,M,Beige,Spring,3.4,No,Store Pickup,No,6,Debit Card,Weekly,Middle-aged,7,378,0,6,Bronze,0.42500000000000004,0.3600000000000001,0.10204081632653061,0,27.26,At Risk,0,At-Risk Customers
2606,41,Male,Hoodie,Clothing,93,Nevada,M,White,Spring,3.7,No,2-Day Shipping,No,32,Venmo,Fortnightly,Adult,14,3069,0,32,Premium,0.9125000000000001,0.4800000000000002,0.6326530612244897,0,65.08,Healthy,2,Premium Customers
2607,68,Male,Shoes,Footwear,98,Nevada,L,Turquoise,Spring,4.7,No,Standard,No,46,Bank Transfer,Bi-Weekly,Senior,14,4606,0,46,Premium,0.9750000000000001,0.8800000000000001,0.9183673469387754,0,84.15,Excellent,2,Premium Customers
2608,41,Male,Shoes,Footwear,36,Oklahoma,XL,Teal,Spring,3.1,No,Express,No,38,PayPal,Every 3 Months,Adult,90,1404,0,38,Gold,0.2,0.2400000000000002,0.7551020408163265,0,35.45,At Risk,3,Loyal Customers
2609,42,Male,Jacket,Outerwear,68,Mississippi,L,Orange,Fall,4.2,No,2-Day Shipping,No,48,Credit Card,Fortnightly,Adult,14,3332,0,48,Premium,0.6000000000000001,0.6800000000000002,0.9591836734693877,0,66.38,Healthy,2,Premium Customers
2610,66,Male,Backpack,Accessories,95,Arkansas,M,Black,Summer,3.0,No,Store Pickup,No,18,Debit Card,Bi-Weekly,Senior,14,1805,0,18,Gold,0.9375,0.20000000000000018,0.346938775510204,0,51.91,Average,1,High-Spending Customers
2611,66,Male,Jeans,Clothing,93,West Virginia,M,Violet,Spring,3.1,No,Express,No,25,Cash,Quarterly,Senior,90,2418,0,25,Premium,0.9125000000000001,0.2400000000000002,0.4897959183673469,0,55.99,Average,2,Premium Customers
2612,33,Male,Jacket,Outerwear,99,Michigan,L,Maroon,Fall,4.2,No,2-Day Shipping,No,4,Cash,Fortnightly,Adult,14,495,0,4,Bronze,0.9875,0.6800000000000002,0.061224489795918366,0,54.94,Average,1,High-Spending Customers
2613,55,Male,Sunglasses,Accessories,22,Louisiana,M,Turquoise,Winter,3.8,No,Next Day Air,No,27,Venmo,Quarterly,Middle-aged,90,616,0,27,Bronze,0.025000000000000022,0.52,0.5306122448979591,0,27.32,At Risk,0,At-Risk Customers
2614,58,Male,Gloves,Accessories,88,South Dakota,M,Gold,Fall,2.9,No,Express,No,14,Bank Transfer,Monthly,Senior,30,1320,0,14,Silver,0.8500000000000001,0.15999999999999992,0.26530612244897955,0,45.16,Average,1,High-Spending Customers
2615,18,Male,Jacket,Outerwear,65,North Dakota,M,Turquoise,Spring,4.2,No,Express,No,36,Bank Transfer,Fortnightly,Young Adult,14,2405,0,36,Premium,0.5625,0.6800000000000002,0.7142857142857142,0,57.53,Average,2,Premium Customers
2616,49,Male,T-shirt,Clothing,62,Arizona,M,Maroon,Fall,3.1,No,2-Day Shipping,No,6,Debit Card,Quarterly,Middle-aged,90,434,0,6,Bronze,0.525,0.2400000000000002,0.10204081632653061,0,28.86,At Risk,0,At-Risk Customers
2617,61,Male,Sandals,Footwear,55,Georgia,XL,Purple,Spring,3.6,No,Express,No,46,Cash,Annually,Senior,365,2585,0,46,Premium,0.4375,0.44000000000000017,0.9183673469387754,0,53.85,Average,3,Loyal Customers
2618,31,Male,Shorts,Clothing,97,Idaho,S,Maroon,Spring,4.8,No,Standard,No,29,Bank Transfer,Annually,Young Adult,365,2910,0,29,Premium,0.9625000000000001,0.9199999999999999,0.5714285714285714,0,74.04,Healthy,2,Premium Customers
2619,70,Male,Handbag,Accessories,77,Louisiana,L,Brown,Fall,4.1,No,Express,No,12,Venmo,Monthly,Senior,30,1001,0,12,Silver,0.7125,0.6399999999999999,0.22448979591836735,0,48.03,Average,1,High-Spending Customers
2620,68,Male,Pants,Clothing,40,Connecticut,L,Indigo,Winter,3.9,No,Free Shipping,No,47,Credit Card,Weekly,Senior,7,1920,0,47,Gold,0.25,0.56,0.9387755102040816,0,49.36,Average,3,Loyal Customers
2621,27,Male,Blouse,Clothing,23,Ohio,S,Lavender,Winter,3.0,No,Standard,No,28,Debit Card,Annually,Young Adult,365,667,0,28,Silver,0.03750000000000003,0.20000000000000018,0.5510204081632653,0,22.03,At Risk,0,At-Risk Customers
2622,48,Male,Shoes,Footwear,46,Maine,M,Beige,Winter,3.0,No,Express,No,21,Bank Transfer,Annually,Middle-aged,365,1012,0,21,Silver,0.32500000000000007,0.20000000000000018,0.4081632653061224,0,29.24,At Risk,0,At-Risk Customers
2623,63,Male,Backpack,Accessories,75,New Hampshire,M,Yellow,Spring,4.9,No,2-Day Shipping,No,15,Credit Card,Annually,Senior,365,1200,0,15,Silver,0.6875,0.9600000000000002,0.28571428571428564,0,55.27,Average,1,High-Spending Customers
2624,49,Male,Shoes,Footwear,76,Massachusetts,M,Gold,Fall,4.8,No,Next Day Air,No,38,Cash,Annually,Middle-aged,365,2964,0,38,Premium,0.7000000000000001,0.9199999999999999,0.7551020408163265,0,69.05,Healthy,2,Premium Customers
2625,19,Male,Dress,Clothing,59,South Dakota,M,Indigo,Summer,3.3,No,Standard,No,19,Credit Card,Annually,Young Adult,365,1180,0,19,Silver,0.48750000000000004,0.32000000000000006,0.36734693877551017,0,36.92,At Risk,0,At-Risk Customers
2626,30,Male,Skirt,Clothing,51,Colorado,L,Cyan,Summer,2.7,No,Standard,No,31,Credit Card,Weekly,Young Adult,7,1632,0,31,Gold,0.38750000000000007,0.08000000000000007,0.6122448979591836,0,35.47,At Risk,3,Loyal Customers
2627,50,Male,Jacket,Outerwear,46,Rhode Island,XL,Silver,Fall,4.2,No,Express,No,30,Credit Card,Every 3 Months,Middle-aged,90,1426,0,30,Gold,0.32500000000000007,0.6800000000000002,0.5918367346938774,0,44.36,Average,3,Loyal Customers
2628,66,Male,Shirt,Clothing,26,Missouri,L,Silver,Fall,3.6,No,Next Day Air,No,40,Bank Transfer,Quarterly,Senior,90,1066,0,40,Silver,0.07500000000000001,0.44000000000000017,0.7959183673469387,0,35.68,At Risk,3,Loyal Customers
2629,25,Male,Hoodie,Clothing,51,Wyoming,M,Silver,Summer,3.8,No,Next Day Air,No,42,Credit Card,Bi-Weekly,Young Adult,14,2193,0,42,Gold,0.38750000000000007,0.52,0.836734693877551,0,51.0,Average,3,Loyal Customers
2630,61,Male,Scarf,Accessories,44,New Hampshire,M,Peach,Winter,3.8,No,Free Shipping,No,25,Venmo,Annually,Senior,365,1144,0,25,Silver,0.30000000000000004,0.52,0.4897959183673469,0,37.09,At Risk,3,Loyal Customers
2631,29,Male,Skirt,Clothing,82,Maine,S,Pink,Spring,4.2,No,Free Shipping,No,20,Cash,Quarterly,Young Adult,90,1722,0,20,Gold,0.7750000000000001,0.6800000000000002,0.38775510204081626,0,56.23,Average,1,High-Spending Customers
2632,53,Male,Skirt,Clothing,44,Connecticut,S,Violet,Summer,2.7,No,Express,No,3,Cash,Weekly,Middle-aged,7,176,0,3,Bronze,0.30000000000000004,0.08000000000000007,0.04081632653061225,0,14.82,At Risk,0,At-Risk Customers
2633,24,Male,Scarf,Accessories,27,Alaska,M,Black,Fall,5.0,No,Next Day Air,No,14,Cash,Annually,Young Adult,365,405,0,14,Bronze,0.08750000000000002,1.0,0.26530612244897955,0,31.46,At Risk,0,At-Risk Customers
2634,51,Male,Sunglasses,Accessories,90,Alaska,M,Purple,Fall,4.7,No,Next Day Air,No,32,Credit Card,Fortnightly,Middle-aged,14,2970,0,32,Premium,0.875,0.8800000000000001,0.6326530612244897,0,71.58,Healthy,2,Premium Customers
2635,26,Male,Sandals,Footwear,58,North Carolina,S,Black,Summer,3.2,No,Store Pickup,No,20,PayPal,Every 3 Months,Young Adult,90,1218,0,20,Silver,0.4750000000000001,0.28000000000000025,0.38775510204081626,0,36.23,At Risk,0,At-Risk Customers
2636,59,Male,Hoodie,Clothing,80,Colorado,XL,Peach,Spring,2.9,No,2-Day Shipping,No,34,PayPal,Fortnightly,Senior,14,2800,0,34,Premium,0.75,0.15999999999999992,0.673469387755102,0,53.4,Average,2,Premium Customers
2637,41,Male,Jacket,Outerwear,40,Utah,S,Magenta,Winter,4.2,No,Store Pickup,No,6,Venmo,Annually,Adult,365,280,0,6,Bronze,0.25,0.6800000000000002,0.10204081632653061,0,26.66,At Risk,0,At-Risk Customers
2638,20,Male,Pants,Clothing,23,Alabama,M,Magenta,Spring,3.7,No,Store Pickup,No,2,PayPal,Annually,Young Adult,365,69,0,2,Bronze,0.03750000000000003,0.4800000000000002,0.02040816326530612,0,11.71,At Risk,0,At-Risk Customers
2639,22,Male,Shirt,Clothing,34,Hawaii,S,Black,Spring,4.2,No,Store Pickup,No,35,Credit Card,Annually,Young Adult,365,1224,0,35,Silver,0.17500000000000004,0.6800000000000002,0.693877551020408,0,41.42,Average,3,Loyal Customers
2640,18,Male,Blouse,Clothing,35,New Hampshire,XL,Pink,Winter,2.6,No,Free Shipping,No,33,Debit Card,Quarterly,Young Adult,90,1190,0,33,Silver,0.1875,0.040000000000000036,0.6530612244897959,0,27.89,At Risk,3,Loyal Customers
2641,30,Male,Skirt,Clothing,75,Indiana,L,Olive,Summer,4.0,No,Store Pickup,No,45,Venmo,Bi-Weekly,Young Adult,14,3450,0,45,Premium,0.6875,0.6000000000000001,0.8979591836734693,0,66.44,Healthy,2,Premium Customers
2642,25,Male,Sunglasses,Accessories,60,Vermont,XL,Olive,Winter,2.7,No,Next Day Air,No,20,Bank Transfer,Every 3 Months,Young Adult,90,1260,0,20,Silver,0.5,0.08000000000000007,0.38775510204081626,0,33.23,At Risk,0,At-Risk Customers
2643,39,Male,Belt,Accessories,87,Iowa,L,Peach,Summer,4.0,No,Store Pickup,No,48,Bank Transfer,Annually,Adult,365,4263,0,48,Premium,0.8375000000000001,0.6000000000000001,0.9591836734693877,0,74.28,Healthy,2,Premium Customers
2644,49,Male,Gloves,Accessories,41,Maryland,S,Silver,Spring,2.9,No,Next Day Air,No,37,Cash,Monthly,Middle-aged,30,1558,0,37,Gold,0.26250000000000007,0.15999999999999992,0.7346938775510203,0,35.74,At Risk,3,Loyal Customers
2645,25,Male,Pants,Clothing,83,New Mexico,M,Turquoise,Spring,3.3,No,Standard,No,4,Bank Transfer,Every 3 Months,Young Adult,90,415,0,4,Bronze,0.7875000000000001,0.32000000000000006,0.061224489795918366,0,39.74,At Risk,1,High-Spending Customers
2646,23,Male,Scarf,Accessories,81,Louisiana,L,Olive,Spring,4.0,No,Store Pickup,No,24,Bank Transfer,Bi-Weekly,Young Adult,14,2025,0,24,Gold,0.7625,0.6000000000000001,0.4693877551020408,0,56.58,Average,1,High-Spending Customers
2647,33,Male,T-shirt,Clothing,56,New Mexico,S,Lavender,Summer,3.9,No,Next Day Air,No,4,Debit Card,Every 3 Months,Adult,90,280,0,4,Bronze,0.45000000000000007,0.56,0.061224489795918366,0,31.04,At Risk,0,At-Risk Customers
2648,60,Male,Shoes,Footwear,58,South Carolina,M,Red,Summer,3.3,No,2-Day Shipping,No,25,Debit Card,Annually,Senior,365,1508,0,25,Gold,0.4750000000000001,0.32000000000000006,0.4897959183673469,0,40.09,Average,3,Loyal Customers
2649,51,Male,Pants,Clothing,84,Illinois,M,Gray,Spring,3.9,No,Next Day Air,No,14,PayPal,Bi-Weekly,Middle-aged,14,1260,0,14,Silver,0.8,0.56,0.26530612244897955,0,51.16,Average,1,High-Spending Customers
2650,23,Male,Gloves,Accessories,21,Minnesota,M,Magenta,Fall,3.9,No,Store Pickup,No,14,Bank Transfer,Fortnightly,Young Adult,14,315,0,14,Bronze,0.012500000000000011,0.56,0.26530612244897955,0,19.66,At Risk,0,At-Risk Customers
2651,20,Male,Socks,Clothing,35,Oregon,L,Maroon,Summer,4.2,No,Standard,No,46,Credit Card,Every 3 Months,Young Adult,90,1645,0,46,Gold,0.1875,0.6800000000000002,0.9183673469387754,0,48.65,Average,3,Loyal Customers
2652,51,Male,Sneakers,Footwear,43,Tennessee,M,Cyan,Summer,4.6,No,Store Pickup,No,27,PayPal,Quarterly,Middle-aged,90,1204,0,27,Silver,0.2875,0.8399999999999999,0.5306122448979591,0,44.22,Average,3,Loyal Customers
2653,23,Female,Shorts,Clothing,20,Maryland,L,Cyan,Summer,3.3,No,2-Day Shipping,No,46,Credit Card,Monthly,Young Adult,30,940,0,46,Silver,0.0,0.32000000000000006,0.9183673469387754,0,33.95,At Risk,3,Loyal Customers
2654,67,Female,Blouse,Clothing,36,Wisconsin,L,Lavender,Fall,4.8,No,Express,No,24,Venmo,Every 3 Months,Senior,90,900,0,24,Silver,0.2,0.9199999999999999,0.4693877551020408,0,40.48,Average,3,Loyal Customers
2655,23,Female,Coat,Outerwear,70,Idaho,S,Pink,Fall,4.1,No,Next Day Air,No,4,PayPal,Annually,Young Adult,365,350,0,4,Bronze,0.625,0.6399999999999999,0.061224489795918366,0,39.64,At Risk,1,High-Spending Customers
2656,26,Female,Sunglasses,Accessories,83,Wyoming,M,Gray,Summer,3.4,No,Standard,No,2,Credit Card,Fortnightly,Young Adult,14,249,0,2,Bronze,0.7875000000000001,0.3600000000000001,0.02040816326530612,0,39.31,At Risk,1,High-Spending Customers
2657,52,Female,Shorts,Clothing,76,Indiana,L,Yellow,Winter,3.6,No,Express,No,29,Bank Transfer,Fortnightly,Middle-aged,14,2280,0,29,Gold,0.7000000000000001,0.44000000000000017,0.5714285714285714,0,53.94,Average,2,Premium Customers
2658,52,Female,Dress,Clothing,81,Texas,M,Pink,Summer,2.7,No,Express,No,7,Credit Card,Fortnightly,Middle-aged,14,648,0,7,Bronze,0.7625,0.08000000000000007,0.12244897959183673,0,35.77,At Risk,1,High-Spending Customers
2659,52,Female,Handbag,Accessories,47,Ohio,XL,Indigo,Summer,3.2,No,Next Day Air,No,39,PayPal,Monthly,Middle-aged,30,1880,0,39,Gold,0.3375,0.28000000000000025,0.7755102040816325,0,42.37,Average,3,Loyal Customers
2660,35,Female,Boots,Footwear,35,Kansas,L,Gray,Summer,4.4,No,2-Day Shipping,No,46,Credit Card,Fortnightly,Adult,14,1645,0,46,Gold,0.1875,0.7600000000000002,0.9183673469387754,0,50.25,Average,3,Loyal Customers
2661,24,Female,Pants,Clothing,85,South Carolina,L,Yellow,Spring,4.9,No,Express,No,44,Venmo,Annually,Young Adult,365,3825,0,44,Premium,0.8125,0.9600000000000002,0.8775510204081631,0,78.03,Healthy,2,Premium Customers
2662,43,Female,Boots,Footwear,96,Michigan,XL,Olive,Fall,4.8,No,Express,No,20,Bank Transfer,Annually,Adult,365,2016,0,20,Gold,0.9500000000000002,0.9199999999999999,0.38775510204081626,0,68.03,Healthy,1,High-Spending Customers
2663,25,Female,Skirt,Clothing,98,Nebraska,M,Cyan,Summer,2.8,No,2-Day Shipping,No,44,PayPal,Fortnightly,Young Adult,14,4410,0,44,Premium,0.9750000000000001,0.11999999999999988,0.8775510204081631,0,67.73,Healthy,2,Premium Customers
2664,46,Female,Sneakers,Footwear,52,Wisconsin,L,Silver,Fall,2.9,No,Free Shipping,No,23,Bank Transfer,Annually,Middle-aged,365,1248,0,23,Silver,0.4,0.15999999999999992,0.44897959183673464,0,32.67,At Risk,0,At-Risk Customers
2665,22,Female,Jewelry,Accessories,84,Illinois,L,Silver,Winter,3.2,No,Store Pickup,No,37,PayPal,Weekly,Young Adult,7,3192,0,37,Premium,0.8,0.28000000000000025,0.7346938775510203,0,59.64,Average,2,Premium Customers
2666,70,Female,T-shirt,Clothing,71,Louisiana,L,Red,Winter,3.5,No,Store Pickup,No,4,Venmo,Weekly,Senior,7,355,0,4,Bronze,0.6375000000000001,0.40000000000000013,0.061224489795918366,0,35.34,At Risk,1,High-Spending Customers
2667,49,Female,Sandals,Footwear,95,Ohio,S,Brown,Winter,4.1,No,Store Pickup,No,14,Venmo,Fortnightly,Middle-aged,14,1425,0,14,Gold,0.9375,0.6399999999999999,0.26530612244897955,0,58.26,Average,1,High-Spending Customers
2668,48,Female,Boots,Footwear,47,Maryland,M,Orange,Summer,4.1,No,Free Shipping,No,31,Cash,Fortnightly,Middle-aged,14,1504,0,31,Gold,0.3375,0.6399999999999999,0.6122448979591836,0,44.67,Average,3,Loyal Customers
2669,59,Female,Coat,Outerwear,75,Texas,M,Black,Summer,4.8,No,Next Day Air,No,9,PayPal,Quarterly,Senior,90,750,0,9,Silver,0.6875,0.9199999999999999,0.16326530612244897,0,50.8,Average,1,High-Spending Customers
2670,39,Female,Belt,Accessories,28,Illinois,L,Teal,Spring,2.8,No,Free Shipping,No,31,Credit Card,Weekly,Adult,7,896,0,31,Silver,0.10000000000000003,0.11999999999999988,0.6122448979591836,0,24.77,At Risk,0,At-Risk Customers
2671,30,Female,Sunglasses,Accessories,44,Pennsylvania,M,Yellow,Fall,4.7,No,Express,No,26,Bank Transfer,Bi-Weekly,Young Adult,14,1188,0,26,Silver,0.30000000000000004,0.8800000000000001,0.510204081632653,0,44.91,Average,3,Loyal Customers
2672,37,Female,Sandals,Footwear,64,Alabama,XL,Gray,Winter,4.8,No,2-Day Shipping,No,41,PayPal,Every 3 Months,Adult,90,2688,0,41,Premium,0.55,0.9199999999999999,0.8163265306122448,0,64.89,Healthy,2,Premium Customers
2673,56,Female,Boots,Footwear,28,West Virginia,M,Maroon,Spring,2.9,No,Standard,No,13,Cash,Annually,Middle-aged,365,392,0,13,Bronze,0.10000000000000003,0.15999999999999992,0.24489795918367344,0,14.55,At Risk,0,At-Risk Customers
2674,67,Female,Hoodie,Clothing,21,Nevada,M,Olive,Summer,2.6,No,2-Day Shipping,No,4,Cash,Monthly,Senior,30,105,0,4,Bronze,0.012500000000000011,0.040000000000000036,0.061224489795918366,0,3.14,At Risk,0,At-Risk Customers
2675,40,Female,Hat,Accessories,41,Florida,S,Charcoal,Fall,3.3,No,Express,No,15,Cash,Every 3 Months,Adult,90,656,0,15,Bronze,0.26250000000000007,0.32000000000000006,0.28571428571428564,0,25.47,At Risk,0,At-Risk Customers
2676,24,Female,Shorts,Clothing,38,Virginia,M,Peach,Winter,3.4,No,Free Shipping,No,38,Cash,Bi-Weekly,Young Adult,14,1482,0,38,Gold,0.22500000000000003,0.3600000000000001,0.7551020408163265,0,38.85,At Risk,3,Loyal Customers
2677,43,Female,Backpack,Accessories,77,Kentucky,M,Maroon,Spring,3.6,No,Free Shipping,No,3,Cash,Fortnightly,Adult,14,308,0,3,Bronze,0.7125,0.44000000000000017,0.04081632653061225,0,38.52,At Risk,1,High-Spending Customers
2678,45,Female,Shorts,Clothing,43,Connecticut,L,Olive,Spring,3.8,No,Next Day Air,No,6,PayPal,Every 3 Months,Middle-aged,90,301,0,6,Bronze,0.2875,0.52,0.10204081632653061,0,24.96,At Risk,0,At-Risk Customers
2679,33,Female,Belt,Accessories,91,Montana,M,Magenta,Spring,3.4,No,2-Day Shipping,No,34,Credit Card,Bi-Weekly,Adult,14,3185,0,34,Premium,0.8875,0.3600000000000001,0.673469387755102,0,62.9,Healthy,2,Premium Customers
2680,53,Female,Shorts,Clothing,68,Montana,S,Yellow,Spring,3.8,No,Express,No,7,Debit Card,Quarterly,Middle-aged,90,544,0,7,Bronze,0.6000000000000001,0.52,0.12244897959183673,0,38.07,At Risk,1,High-Spending Customers
2681,44,Female,Socks,Clothing,37,Nebraska,L,Indigo,Fall,3.3,No,Next Day Air,No,21,Venmo,Annually,Adult,365,814,0,21,Silver,0.21250000000000002,0.32000000000000006,0.4081632653061224,0,27.14,At Risk,0,At-Risk Customers
2682,23,Female,Shoes,Footwear,23,Massachusetts,L,Olive,Summer,4.8,No,Standard,No,17,Debit Card,Monthly,Young Adult,30,414,0,17,Bronze,0.03750000000000003,0.9199999999999999,0.32653061224489793,0,29.7,At Risk,0,At-Risk Customers
2683,59,Female,Sneakers,Footwear,65,North Carolina,L,Maroon,Winter,3.9,No,2-Day Shipping,No,5,Venmo,Every 3 Months,Senior,90,390,0,5,Bronze,0.5625,0.56,0.08163265306122448,0,36.15,At Risk,1,High-Spending Customers
2684,68,Female,Backpack,Accessories,30,Montana,M,Indigo,Summer,4.2,No,Next Day Air,No,21,Cash,Fortnightly,Senior,14,660,0,21,Bronze,0.125,0.6800000000000002,0.4081632653061224,0,30.84,At Risk,0,At-Risk Customers
2685,46,Female,Dress,Clothing,45,Washington,M,Gray,Summer,4.7,No,Free Shipping,No,42,Credit Card,Bi-Weekly,Middle-aged,14,1935,0,42,Gold,0.3125,0.8800000000000001,0.836734693877551,0,55.2,Average,3,Loyal Customers
2686,56,Female,Boots,Footwear,25,Virginia,M,Gray,Winter,2.7,No,Express,No,49,Credit Card,Quarterly,Middle-aged,90,1250,0,49,Silver,0.0625,0.08000000000000007,0.9795918367346937,0,33.49,At Risk,3,Loyal Customers
2687,40,Female,Socks,Clothing,72,Georgia,M,Black,Winter,3.8,No,2-Day Shipping,No,33,Cash,Fortnightly,Adult,14,2448,0,33,Premium,0.65,0.52,0.6530612244897959,0,55.99,Average,2,Premium Customers
2688,61,Female,Dress,Clothing,75,Delaware,M,White,Fall,3.6,No,2-Day Shipping,No,12,Debit Card,Bi-Weekly,Senior,14,975,0,12,Silver,0.6875,0.44000000000000017,0.22448979591836735,0,43.03,Average,1,High-Spending Customers
2689,53,Female,Handbag,Accessories,63,West Virginia,XL,Turquoise,Spring,2.9,No,2-Day Shipping,No,18,Credit Card,Every 3 Months,Middle-aged,90,1197,0,18,Silver,0.5375000000000001,0.15999999999999992,0.346938775510204,0,35.11,At Risk,0,At-Risk Customers
2690,29,Female,Blouse,Clothing,35,Wyoming,M,Orange,Fall,3.9,No,Standard,No,47,PayPal,Quarterly,Young Adult,90,1680,0,47,Gold,0.1875,0.56,0.9387755102040816,0,46.86,Average,3,Loyal Customers
2691,44,Female,Belt,Accessories,32,New Mexico,L,Yellow,Summer,4.7,No,Free Shipping,No,18,Bank Transfer,Weekly,Adult,7,608,0,18,Bronze,0.15000000000000002,0.8800000000000001,0.346938775510204,0,34.01,At Risk,0,At-Risk Customers
2692,43,Female,Pants,Clothing,25,Nebraska,L,Blue,Winter,3.3,No,2-Day Shipping,No,48,Cash,Monthly,Adult,30,1225,0,48,Silver,0.0625,0.32000000000000006,0.9591836734693877,0,37.68,At Risk,3,Loyal Customers
2693,40,Female,Sneakers,Footwear,90,Washington,XL,Violet,Spring,4.2,No,Free Shipping,No,18,Debit Card,Every 3 Months,Adult,90,1710,0,18,Gold,0.875,0.6800000000000002,0.346938775510204,0,59.01,Average,1,High-Spending Customers
2694,55,Female,Boots,Footwear,70,Hawaii,L,Lavender,Summer,2.6,No,Standard,No,46,Cash,Quarterly,Middle-aged,90,3290,0,46,Premium,0.625,0.040000000000000036,0.9183673469387754,0,53.35,Average,2,Premium Customers
2695,66,Female,Sunglasses,Accessories,27,Louisiana,M,Olive,Spring,4.9,No,Express,No,34,Credit Card,Every 3 Months,Senior,90,945,0,34,Silver,0.08750000000000002,0.9600000000000002,0.673469387755102,0,42.9,Average,3,Loyal Customers
2696,50,Female,Hat,Accessories,92,Tennessee,M,Orange,Fall,3.6,No,Standard,No,10,PayPal,Bi-Weekly,Middle-aged,14,1012,0,10,Silver,0.9000000000000001,0.44000000000000017,0.18367346938775508,0,50.31,Average,1,High-Spending Customers
2697,57,Female,Coat,Outerwear,20,South Dakota,M,White,Spring,4.7,No,Free Shipping,No,12,Debit Card,Monthly,Middle-aged,30,260,0,12,Bronze,0.0,0.8800000000000001,0.22448979591836735,0,24.33,At Risk,0,At-Risk Customers
2698,42,Female,Jacket,Outerwear,52,Delaware,L,Red,Winter,3.2,No,Standard,No,36,Bank Transfer,Quarterly,Adult,90,1924,0,36,Gold,0.4,0.28000000000000025,0.7142857142857142,0,43.03,Average,3,Loyal Customers
2699,55,Female,Hoodie,Clothing,57,Virginia,M,Magenta,Summer,3.6,No,Store Pickup,No,34,Venmo,Quarterly,Middle-aged,90,1995,0,34,Gold,0.4625,0.44000000000000017,0.673469387755102,0,47.5,Average,3,Loyal Customers
2700,25,Female,Boots,Footwear,96,Utah,M,Violet,Fall,3.6,No,2-Day Shipping,No,49,Debit Card,Annually,Young Adult,365,4800,0,49,Premium,0.9500000000000002,0.44000000000000017,0.9795918367346937,0,76.19,Healthy,2,Premium Customers
2701,22,Female,T-shirt,Clothing,68,California,XL,Olive,Winter,3.2,No,Standard,No,36,Cash,Weekly,Young Adult,7,2516,0,36,Premium,0.6000000000000001,0.28000000000000025,0.7142857142857142,0,51.03,Average,3,Loyal Customers
2702,49,Female,Sweater,Clothing,30,Idaho,L,Silver,Summer,2.8,No,Store Pickup,No,18,Bank Transfer,Fortnightly,Middle-aged,14,570,0,18,Bronze,0.125,0.11999999999999988,0.346938775510204,0,17.81,At Risk,0,At-Risk Customers
2703,70,Female,Shoes,Footwear,37,Texas,L,Gray,Fall,4.0,No,Next Day Air,No,39,Debit Card,Fortnightly,Senior,14,1480,0,39,Gold,0.21250000000000002,0.6000000000000001,0.7755102040816325,0,43.77,Average,3,Loyal Customers
2704,56,Female,Scarf,Accessories,42,Tennessee,XL,Olive,Winter,4.4,No,Free Shipping,No,34,PayPal,Weekly,Middle-aged,7,1470,0,34,Gold,0.275,0.7600000000000002,0.673469387755102,0,46.4,Average,3,Loyal Customers
2705,52,Female,Dress,Clothing,54,Tennessee,L,Beige,Spring,3.4,No,Next Day Air,No,35,Debit Card,Weekly,Middle-aged,7,1944,0,35,Gold,0.42500000000000004,0.3600000000000001,0.693877551020408,0,45.02,Average,3,Loyal Customers
2706,65,Female,Jacket,Outerwear,81,Washington,S,Turquoise,Spring,5.0,No,Store Pickup,No,1,Credit Card,Bi-Weekly,Senior,14,162,0,1,Bronze,0.7625,1.0,0.0,0,50.5,Average,1,High-Spending Customers
2707,24,Female,Shoes,Footwear,40,Alabama,S,Blue,Spring,3.1,No,Express,No,48,Debit Card,Quarterly,Young Adult,90,1960,0,48,Gold,0.25,0.2400000000000002,0.9591836734693877,0,43.58,Average,3,Loyal Customers
2708,32,Female,Backpack,Accessories,88,Nebraska,M,Pink,Fall,4.2,No,Standard,No,19,Cash,Weekly,Adult,7,1760,0,19,Gold,0.8500000000000001,0.6800000000000002,0.36734693877551017,0,58.62,Average,1,High-Spending Customers
2709,57,Female,Dress,Clothing,94,Alabama,M,Teal,Summer,3.3,No,Store Pickup,No,44,Debit Card,Weekly,Middle-aged,7,4230,0,44,Premium,0.925,0.32000000000000006,0.8775510204081631,0,69.73,Healthy,2,Premium Customers
2710,35,Female,Shirt,Clothing,54,Illinois,S,Cyan,Winter,2.9,No,Standard,No,9,Credit Card,Bi-Weekly,Adult,14,540,0,9,Bronze,0.42500000000000004,0.15999999999999992,0.16326530612244897,0,25.1,At Risk,0,At-Risk Customers
2711,69,Female,Jacket,Outerwear,51,Wisconsin,L,Purple,Summer,4.7,No,Standard,No,3,Bank Transfer,Fortnightly,Senior,14,204,0,3,Bronze,0.38750000000000007,0.8800000000000001,0.04081632653061225,0,34.32,At Risk,0,At-Risk Customers
2712,30,Female,Sunglasses,Accessories,22,Nebraska,L,Red,Spring,4.0,No,Standard,No,50,Venmo,Monthly,Young Adult,30,1122,0,50,Silver,0.025000000000000022,0.6000000000000001,1.0,0,43.0,Average,3,Loyal Customers
2713,37,Female,Jacket,Outerwear,95,North Dakota,L,Brown,Fall,4.6,No,Standard,No,7,Debit Card,Quarterly,Adult,90,760,0,7,Silver,0.9375,0.8399999999999999,0.12244897959183673,0,57.97,Average,1,High-Spending Customers
2714,19,Female,Coat,Outerwear,57,Mississippi,M,Magenta,Fall,3.8,No,2-Day Shipping,No,20,Debit Card,Annually,Young Adult,365,1197,0,20,Silver,0.4625,0.52,0.38775510204081626,0,40.53,Average,1,High-Spending Customers
2715,53,Female,Sweater,Clothing,45,Iowa,S,Olive,Winter,3.6,No,Store Pickup,No,16,Credit Card,Bi-Weekly,Middle-aged,14,765,0,16,Silver,0.3125,0.44000000000000017,0.3061224489795918,0,30.48,At Risk,0,At-Risk Customers
2716,25,Female,Sneakers,Footwear,92,Mississippi,XL,Pink,Winter,4.1,No,Express,No,29,PayPal,Fortnightly,Young Adult,14,2760,0,29,Premium,0.9000000000000001,0.6399999999999999,0.5714285714285714,0,65.94,Healthy,2,Premium Customers
2717,47,Female,Shoes,Footwear,40,Colorado,L,Black,Spring,2.7,No,Store Pickup,No,21,Debit Card,Weekly,Middle-aged,7,880,0,21,Silver,0.25,0.08000000000000007,0.4081632653061224,0,23.84,At Risk,0,At-Risk Customers
2718,18,Female,Sunglasses,Accessories,62,Nebraska,XL,Beige,Winter,4.3,No,Free Shipping,No,19,Credit Card,Every 3 Months,Young Adult,90,1240,0,19,Silver,0.525,0.72,0.36734693877551017,0,46.42,Average,1,High-Spending Customers
2719,22,Female,Shorts,Clothing,90,Virginia,M,Peach,Winter,4.9,No,Next Day Air,No,10,Venmo,Bi-Weekly,Young Adult,14,990,0,10,Silver,0.875,0.9600000000000002,0.18367346938775508,0,59.71,Average,1,High-Spending Customers
2720,69,Female,Hoodie,Clothing,82,Louisiana,S,Peach,Fall,4.2,No,Free Shipping,No,4,Bank Transfer,Monthly,Senior,30,410,0,4,Bronze,0.7750000000000001,0.6800000000000002,0.061224489795918366,0,46.44,Average,1,High-Spending Customers
2721,55,Female,Scarf,Accessories,52,Maryland,M,Peach,Spring,2.8,No,Store Pickup,No,45,Bank Transfer,Quarterly,Middle-aged,90,2392,0,45,Premium,0.4,0.11999999999999988,0.8979591836734693,0,45.34,Average,3,Loyal Customers
2722,19,Female,Sandals,Footwear,70,Minnesota,S,Teal,Spring,4.9,No,Free Shipping,No,17,PayPal,Fortnightly,Young Adult,14,1260,0,17,Silver,0.625,0.9600000000000002,0.32653061224489793,0,54.0,Average,1,High-Spending Customers
2723,23,Female,Hat,Accessories,83,Maine,M,Green,Spring,2.8,No,2-Day Shipping,No,22,PayPal,Fortnightly,Young Adult,14,1909,0,22,Gold,0.7875000000000001,0.11999999999999988,0.4285714285714285,0,46.76,Average,1,High-Spending Customers
2724,54,Female,Shoes,Footwear,49,Texas,XL,Brown,Summer,2.9,No,Store Pickup,No,3,PayPal,Every 3 Months,Middle-aged,90,196,0,3,Bronze,0.36250000000000004,0.15999999999999992,0.04081632653061225,0,18.92,At Risk,0,At-Risk Customers
2725,52,Female,Sneakers,Footwear,91,Missouri,M,Brown,Spring,2.5,No,Next Day Air,No,11,Debit Card,Fortnightly,Middle-aged,14,1092,0,11,Silver,0.8875,0.0,0.2040816326530612,0,41.62,Average,1,High-Spending Customers
2726,64,Female,Backpack,Accessories,99,Mississippi,S,Violet,Summer,2.7,No,Free Shipping,No,4,Debit Card,Annually,Senior,365,495,0,4,Bronze,0.9875,0.08000000000000007,0.061224489795918366,0,42.94,Average,1,High-Spending Customers
2727,33,Female,Belt,Accessories,92,Michigan,L,Blue,Winter,3.3,No,Free Shipping,No,11,PayPal,Bi-Weekly,Adult,14,1104,0,11,Silver,0.9000000000000001,0.32000000000000006,0.2040816326530612,0,48.52,Average,1,High-Spending Customers
2728,40,Female,Shirt,Clothing,87,Colorado,L,Charcoal,Winter,3.7,No,2-Day Shipping,No,47,Credit Card,Fortnightly,Adult,14,4176,0,47,Premium,0.8375000000000001,0.4800000000000002,0.9387755102040816,0,71.26,Healthy,2,Premium Customers
2729,26,Female,Skirt,Clothing,28,Florida,M,Pink,Winter,4.0,No,Express,No,17,Debit Card,Weekly,Young Adult,7,504,0,17,Bronze,0.10000000000000003,0.6000000000000001,0.32653061224489793,0,25.8,At Risk,0,At-Risk Customers
2730,31,Female,Gloves,Accessories,71,Montana,S,Violet,Summer,4.1,No,Free Shipping,No,32,Credit Card,Monthly,Young Adult,30,2343,0,32,Premium,0.6375000000000001,0.6399999999999999,0.6326530612244897,0,57.28,Average,2,Premium Customers
2731,23,Female,Gloves,Accessories,32,Wisconsin,M,Teal,Winter,4.1,No,Store Pickup,No,37,Bank Transfer,Annually,Young Adult,365,1216,0,37,Silver,0.15000000000000002,0.6399999999999999,0.7346938775510203,0,40.84,Average,3,Loyal Customers
2732,52,Female,Handbag,Accessories,33,Wisconsin,M,Red,Summer,2.5,No,2-Day Shipping,No,44,Bank Transfer,Quarterly,Middle-aged,90,1485,0,44,Gold,0.16250000000000003,0.0,0.8775510204081631,0,32.83,At Risk,3,Loyal Customers
2733,21,Female,Socks,Clothing,75,Delaware,L,Orange,Winter,4.2,No,Store Pickup,No,27,Debit Card,Every 3 Months,Young Adult,90,2100,0,27,Gold,0.6875,0.6800000000000002,0.5306122448979591,0,57.02,Average,1,High-Spending Customers
2734,31,Female,Backpack,Accessories,83,North Carolina,M,Magenta,Summer,4.7,No,Express,No,46,PayPal,Annually,Young Adult,365,3901,0,46,Premium,0.7875000000000001,0.8800000000000001,0.9183673469387754,0,76.65,Healthy,2,Premium Customers
2735,63,Female,Jeans,Clothing,93,New York,XL,Yellow,Summer,2.7,No,2-Day Shipping,No,13,Cash,Bi-Weekly,Senior,14,1302,0,13,Silver,0.9125000000000001,0.08000000000000007,0.24489795918367344,0,45.45,Average,1,High-Spending Customers
2736,46,Female,Skirt,Clothing,29,California,M,Yellow,Spring,3.0,No,Express,No,2,PayPal,Bi-Weekly,Middle-aged,14,87,0,2,Bronze,0.11250000000000004,0.20000000000000018,0.02040816326530612,0,9.11,At Risk,0,At-Risk Customers
2737,44,Female,Hoodie,Clothing,25,Montana,M,Pink,Spring,4.8,No,Store Pickup,No,45,Credit Card,Annually,Adult,365,1150,0,45,Silver,0.0625,0.9199999999999999,0.8979591836734693,0,47.84,Average,3,Loyal Customers
2738,57,Female,Jewelry,Accessories,76,North Carolina,S,Indigo,Spring,4.4,No,Free Shipping,No,35,Cash,Every 3 Months,Middle-aged,90,2736,0,35,Premium,0.7000000000000001,0.7600000000000002,0.693877551020408,0,64.02,Healthy,2,Premium Customers
2739,50,Female,Sneakers,Footwear,81,Ohio,M,Charcoal,Summer,4.3,No,2-Day Shipping,No,39,Venmo,Every 3 Months,Middle-aged,90,3240,0,39,Premium,0.7625,0.72,0.7755102040816325,0,68.17,Healthy,2,Premium Customers
2740,33,Female,Shirt,Clothing,80,Alaska,XL,Blue,Winter,2.5,No,Store Pickup,No,39,Credit Card,Every 3 Months,Adult,90,3200,0,39,Premium,0.75,0.0,0.7755102040816325,0,53.27,Average,2,Premium Customers
2741,19,Female,Sunglasses,Accessories,70,Pennsylvania,M,Lavender,Summer,4.9,No,Free Shipping,No,34,Bank Transfer,Fortnightly,Young Adult,14,2450,0,34,Premium,0.625,0.9600000000000002,0.673469387755102,0,64.4,Healthy,2,Premium Customers
2742,68,Female,Dress,Clothing,81,Maine,L,Yellow,Fall,4.9,No,2-Day Shipping,No,41,Venmo,Monthly,Senior,30,3402,0,41,Premium,0.7625,0.9600000000000002,0.8163265306122448,0,74.19,Healthy,2,Premium Customers
2743,27,Female,Shoes,Footwear,86,Texas,M,Black,Spring,3.9,No,Free Shipping,No,47,Debit Card,Annually,Young Adult,365,4128,0,47,Premium,0.825,0.56,0.9387755102040816,0,72.36,Healthy,2,Premium Customers
2744,61,Female,Belt,Accessories,94,New Jersey,S,Beige,Fall,4.1,No,2-Day Shipping,No,17,Venmo,Quarterly,Senior,90,1692,0,17,Gold,0.925,0.6399999999999999,0.32653061224489793,0,59.6,Average,1,High-Spending Customers
2745,38,Female,Shirt,Clothing,66,Wyoming,M,Silver,Winter,3.3,No,Store Pickup,No,40,Credit Card,Monthly,Adult,30,2706,0,40,Premium,0.5750000000000001,0.32000000000000006,0.7959183673469387,0,53.28,Average,2,Premium Customers
2746,28,Female,Boots,Footwear,98,Michigan,M,Magenta,Summer,4.1,No,Standard,No,44,PayPal,Bi-Weekly,Young Adult,14,4410,0,44,Premium,0.9750000000000001,0.6399999999999999,0.8775510204081631,0,78.13,Healthy,2,Premium Customers
2747,39,Female,Hoodie,Clothing,25,Ohio,M,Orange,Fall,3.7,No,Standard,No,21,PayPal,Every 3 Months,Adult,90,550,0,21,Bronze,0.0625,0.4800000000000002,0.4081632653061224,0,24.34,At Risk,0,At-Risk Customers
2748,18,Female,Jeans,Clothing,62,West Virginia,M,Teal,Winter,3.1,No,Free Shipping,No,21,Credit Card,Every 3 Months,Young Adult,90,1364,0,21,Gold,0.525,0.2400000000000002,0.4081632653061224,0,38.04,At Risk,1,High-Spending Customers
2749,24,Female,Jacket,Outerwear,98,Virginia,L,Turquoise,Spring,3.0,No,Free Shipping,No,16,Venmo,Annually,Young Adult,365,1666,0,16,Gold,0.9750000000000001,0.20000000000000018,0.3061224489795918,0,52.18,Average,1,High-Spending Customers
2750,64,Female,Jacket,Outerwear,53,Vermont,M,Cyan,Spring,3.4,No,Standard,No,15,Bank Transfer,Annually,Senior,365,848,0,15,Silver,0.4125000000000001,0.3600000000000001,0.28571428571428564,0,32.27,At Risk,0,At-Risk Customers
2751,51,Female,Sandals,Footwear,66,Alaska,L,Pink,Spring,2.7,No,2-Day Shipping,No,26,PayPal,Every 3 Months,Middle-aged,90,1782,0,26,Gold,0.5750000000000001,0.08000000000000007,0.510204081632653,0,39.91,At Risk,3,Loyal Customers
2752,27,Female,Dress,Clothing,52,Minnesota,S,Indigo,Fall,3.1,No,Free Shipping,No,50,Venmo,Monthly,Young Adult,30,2652,0,50,Premium,0.4,0.2400000000000002,1.0,0,50.8,Average,3,Loyal Customers
2753,48,Female,Sweater,Clothing,64,Colorado,S,Peach,Winter,4.0,No,Free Shipping,No,30,Venmo,Bi-Weekly,Middle-aged,14,1984,0,30,Gold,0.55,0.6000000000000001,0.5918367346938774,0,51.76,Average,3,Loyal Customers
2754,69,Female,Gloves,Accessories,59,Rhode Island,M,Beige,Spring,3.6,No,Next Day Air,No,48,PayPal,Quarterly,Senior,90,2891,0,48,Premium,0.48750000000000004,0.44000000000000017,0.9591836734693877,0,57.08,Average,2,Premium Customers
2755,59,Female,Sunglasses,Accessories,61,New Jersey,L,Gold,Summer,3.6,No,Free Shipping,No,21,Venmo,Bi-Weekly,Senior,14,1342,0,21,Gold,0.5125000000000001,0.44000000000000017,0.4081632653061224,0,41.54,Average,1,High-Spending Customers
2756,59,Female,Belt,Accessories,97,Nevada,M,Indigo,Winter,3.3,No,Store Pickup,No,18,Credit Card,Annually,Senior,365,1843,0,18,Gold,0.9625000000000001,0.32000000000000006,0.346938775510204,0,55.31,Average,1,High-Spending Customers
2757,42,Female,Hat,Accessories,23,Minnesota,L,Violet,Winter,4.1,No,Free Shipping,No,41,PayPal,Monthly,Adult,30,966,0,41,Silver,0.03750000000000003,0.6399999999999999,0.8163265306122448,0,38.79,At Risk,3,Loyal Customers
2758,39,Female,Hat,Accessories,98,Delaware,XL,Brown,Fall,4.3,No,Next Day Air,No,11,Venmo,Monthly,Adult,30,1176,0,11,Silver,0.9750000000000001,0.72,0.2040816326530612,0,59.52,Average,1,High-Spending Customers
2759,32,Female,Blouse,Clothing,98,Illinois,M,Purple,Summer,3.2,No,Standard,No,8,Bank Transfer,Bi-Weekly,Adult,14,882,0,8,Silver,0.9750000000000001,0.28000000000000025,0.14285714285714285,0,48.89,Average,1,High-Spending Customers
2760,68,Female,Shoes,Footwear,59,Washington,M,Turquoise,Summer,3.9,No,Free Shipping,No,42,Cash,Every 3 Months,Senior,90,2537,0,42,Premium,0.48750000000000004,0.56,0.836734693877551,0,55.8,Average,3,Loyal Customers
2761,41,Female,Skirt,Clothing,82,Alaska,S,Violet,Fall,5.0,No,Next Day Air,No,41,Credit Card,Bi-Weekly,Adult,14,3444,0,41,Premium,0.7750000000000001,1.0,0.8163265306122448,0,75.49,Healthy,2,Premium Customers
2762,31,Female,Sneakers,Footwear,82,Michigan,M,Purple,Fall,3.4,No,Next Day Air,No,3,Credit Card,Every 3 Months,Young Adult,90,328,0,3,Bronze,0.7750000000000001,0.3600000000000001,0.04081632653061225,0,39.42,At Risk,1,High-Spending Customers
2763,58,Female,T-shirt,Clothing,41,Georgia,M,Charcoal,Fall,3.8,No,Store Pickup,No,10,Debit Card,Every 3 Months,Senior,90,451,0,10,Bronze,0.26250000000000007,0.52,0.18367346938775508,0,26.41,At Risk,0,At-Risk Customers
2764,28,Female,Handbag,Accessories,52,West Virginia,M,Green,Fall,2.9,No,2-Day Shipping,No,35,Venmo,Quarterly,Young Adult,90,1872,0,35,Gold,0.4,0.15999999999999992,0.693877551020408,0,40.02,Average,3,Loyal Customers
2765,63,Female,Sweater,Clothing,41,Arizona,XL,White,Spring,2.6,No,Next Day Air,No,2,Debit Card,Weekly,Senior,7,123,0,2,Bronze,0.26250000000000007,0.040000000000000036,0.02040816326530612,0,11.91,At Risk,0,At-Risk Customers
2766,64,Female,Gloves,Accessories,70,Colorado,M,Purple,Summer,4.3,No,2-Day Shipping,No,24,Credit Card,Quarterly,Senior,90,1750,0,24,Gold,0.625,0.72,0.4693877551020408,0,53.48,Average,1,High-Spending Customers
2767,66,Female,Dress,Clothing,91,Tennessee,M,Cyan,Winter,2.8,No,Standard,No,47,Credit Card,Monthly,Senior,30,4368,0,47,Premium,0.8875,0.11999999999999988,0.9387755102040816,0,66.06,Healthy,2,Premium Customers
2768,31,Female,Dress,Clothing,95,Iowa,M,Green,Spring,4.5,No,Free Shipping,No,31,Cash,Monthly,Young Adult,30,3040,0,31,Premium,0.9375,0.8,0.6122448979591836,0,71.87,Healthy,2,Premium Customers
2769,55,Female,Blouse,Clothing,25,Kansas,M,Beige,Spring,3.8,No,2-Day Shipping,No,28,PayPal,Bi-Weekly,Middle-aged,14,725,0,28,Silver,0.0625,0.52,0.5510204081632653,0,29.43,At Risk,0,At-Risk Customers
2770,32,Female,Shirt,Clothing,89,Oklahoma,L,Lavender,Fall,3.0,No,Standard,No,13,Cash,Weekly,Adult,7,1246,0,13,Silver,0.8625,0.20000000000000018,0.24489795918367344,0,45.85,Average,1,High-Spending Customers
2771,50,Female,Boots,Footwear,44,Nebraska,S,Blue,Fall,3.3,No,Express,No,22,Bank Transfer,Quarterly,Middle-aged,90,1012,0,22,Silver,0.30000000000000004,0.32000000000000006,0.4285714285714285,0,31.26,At Risk,0,At-Risk Customers
2772,58,Female,Jacket,Outerwear,52,Maryland,S,Beige,Summer,3.1,No,2-Day Shipping,No,12,Bank Transfer,Fortnightly,Senior,14,676,0,12,Silver,0.4,0.2400000000000002,0.22448979591836735,0,27.53,At Risk,0,At-Risk Customers
2773,18,Female,Backpack,Accessories,94,Pennsylvania,L,Blue,Spring,3.5,No,Store Pickup,No,10,Bank Transfer,Every 3 Months,Young Adult,90,1034,0,10,Silver,0.925,0.40000000000000013,0.18367346938775508,0,50.51,Average,1,High-Spending Customers
2774,39,Female,Pants,Clothing,98,Arizona,S,Maroon,Spring,4.6,No,Express,No,45,Bank Transfer,Quarterly,Adult,90,4508,0,45,Premium,0.9750000000000001,0.8399999999999999,0.8979591836734693,0,82.74,Excellent,2,Premium Customers
2775,56,Female,Boots,Footwear,40,Oklahoma,L,Yellow,Fall,4.1,No,Standard,No,42,Credit Card,Quarterly,Middle-aged,90,1720,0,42,Gold,0.25,0.6399999999999999,0.836734693877551,0,47.9,Average,3,Loyal Customers
2776,37,Female,Socks,Clothing,25,Montana,L,Red,Fall,3.6,No,Free Shipping,No,16,Debit Card,Weekly,Adult,7,425,0,16,Bronze,0.0625,0.44000000000000017,0.3061224489795918,0,20.48,At Risk,0,At-Risk Customers
2777,46,Female,Scarf,Accessories,62,Wyoming,L,Green,Fall,2.9,No,Free Shipping,No,6,Bank Transfer,Annually,Middle-aged,365,434,0,6,Bronze,0.525,0.15999999999999992,0.10204081632653061,0,27.26,At Risk,0,At-Risk Customers
2778,52,Female,Blouse,Clothing,24,Idaho,M,Magenta,Fall,4.8,No,Standard,No,28,Credit Card,Every 3 Months,Middle-aged,90,696,0,28,Silver,0.050000000000000044,0.9199999999999999,0.5510204081632653,0,36.93,At Risk,3,Loyal Customers
2779,70,Female,Belt,Accessories,57,Pennsylvania,L,Yellow,Spring,3.2,No,Standard,No,24,Credit Card,Bi-Weekly,Senior,14,1425,0,24,Gold,0.4625,0.28000000000000025,0.4693877551020408,0,38.18,At Risk,3,Loyal Customers
2780,61,Female,Sunglasses,Accessories,66,Montana,L,Blue,Winter,4.3,No,Express,No,14,Credit Card,Fortnightly,Senior,14,990,0,14,Silver,0.5750000000000001,0.72,0.26530612244897955,0,45.36,Average,1,High-Spending Customers
2781,33,Female,Boots,Footwear,70,Ohio,M,Charcoal,Winter,4.1,No,Next Day Air,No,29,PayPal,Fortnightly,Adult,14,2100,0,29,Gold,0.625,0.6399999999999999,0.5714285714285714,0,54.94,Average,1,High-Spending Customers
2782,65,Female,Sandals,Footwear,39,Mississippi,M,Blue,Spring,4.6,No,Standard,No,33,PayPal,Weekly,Senior,7,1326,0,33,Silver,0.23750000000000004,0.8399999999999999,0.6530612244897959,0,45.89,Average,3,Loyal Customers
2783,41,Female,Gloves,Accessories,34,Idaho,S,Cyan,Spring,3.8,No,Free Shipping,No,30,PayPal,Annually,Adult,365,1054,0,30,Silver,0.17500000000000004,0.52,0.5918367346938774,0,35.16,At Risk,3,Loyal Customers
2784,19,Female,Skirt,Clothing,38,Virginia,M,Silver,Spring,4.5,No,Next Day Air,No,26,Credit Card,Quarterly,Young Adult,90,1026,0,26,Silver,0.22500000000000003,0.8,0.510204081632653,0,40.31,Average,3,Loyal Customers
2785,33,Female,Skirt,Clothing,70,Idaho,M,Black,Winter,3.1,No,Express,No,12,PayPal,Every 3 Months,Adult,90,910,0,12,Silver,0.625,0.2400000000000002,0.22448979591836735,0,36.53,At Risk,1,High-Spending Customers
2786,53,Female,Blouse,Clothing,80,Louisiana,S,Green,Summer,2.9,No,Next Day Air,No,13,Bank Transfer,Monthly,Middle-aged,30,1120,0,13,Silver,0.75,0.15999999999999992,0.24489795918367344,0,40.55,Average,1,High-Spending Customers
2787,54,Female,Handbag,Accessories,51,Colorado,M,Violet,Spring,3.8,No,Next Day Air,No,41,Debit Card,Every 3 Months,Middle-aged,90,2142,0,41,Gold,0.38750000000000007,0.52,0.8163265306122448,0,50.39,Average,3,Loyal Customers
2788,36,Female,Boots,Footwear,79,West Virginia,XL,Pink,Spring,4.1,No,Next Day Air,No,4,Venmo,Fortnightly,Adult,14,395,0,4,Bronze,0.7375,0.6399999999999999,0.061224489795918366,0,44.14,Average,1,High-Spending Customers
2789,56,Female,Boots,Footwear,92,Rhode Island,M,Olive,Summer,3.1,No,Free Shipping,No,2,Credit Card,Annually,Middle-aged,365,276,0,2,Bronze,0.9000000000000001,0.2400000000000002,0.02040816326530612,0,41.41,Average,1,High-Spending Customers
2790,28,Female,Sweater,Clothing,85,North Carolina,L,Orange,Fall,5.0,No,Express,No,28,Credit Card,Bi-Weekly,Young Adult,14,2465,0,28,Premium,0.8125,1.0,0.5510204081632653,0,69.03,Healthy,2,Premium Customers
2791,34,Female,Socks,Clothing,63,Maine,M,Black,Spring,4.5,No,Free Shipping,No,24,Debit Card,Annually,Adult,365,1575,0,24,Gold,0.5375000000000001,0.8,0.4693877551020408,0,51.58,Average,1,High-Spending Customers
2792,43,Female,Gloves,Accessories,60,Iowa,M,Yellow,Fall,2.8,No,Express,No,14,Venmo,Fortnightly,Adult,14,900,0,14,Silver,0.5,0.11999999999999988,0.26530612244897955,0,30.36,At Risk,0,At-Risk Customers
2793,54,Female,Shorts,Clothing,44,Kentucky,L,Violet,Winter,3.2,No,Express,No,11,Credit Card,Weekly,Middle-aged,7,528,0,11,Bronze,0.30000000000000004,0.28000000000000025,0.2040816326530612,0,23.72,At Risk,0,At-Risk Customers
2794,37,Female,Boots,Footwear,57,Massachusetts,M,Silver,Spring,3.1,No,Standard,No,27,Debit Card,Bi-Weekly,Adult,14,1596,0,27,Gold,0.4625,0.2400000000000002,0.5306122448979591,0,39.22,At Risk,3,Loyal Customers
2795,33,Female,Jacket,Outerwear,24,New York,M,Gold,Fall,3.3,No,Standard,No,7,Cash,Fortnightly,Adult,14,192,0,7,Bronze,0.050000000000000044,0.32000000000000006,0.12244897959183673,0,12.07,At Risk,0,At-Risk Customers
2796,33,Female,Scarf,Accessories,35,Nebraska,M,Magenta,Winter,3.4,No,Store Pickup,No,49,PayPal,Annually,Adult,365,1750,0,49,Gold,0.1875,0.3600000000000001,0.9795918367346937,0,44.09,Average,3,Loyal Customers
2797,55,Female,Jacket,Outerwear,73,Oklahoma,M,Red,Winter,3.8,No,Store Pickup,No,21,Cash,Annually,Middle-aged,365,1606,0,21,Gold,0.6625000000000001,0.52,0.4081632653061224,0,49.14,Average,1,High-Spending Customers
2798,63,Female,Jewelry,Accessories,42,Oklahoma,M,Green,Winter,3.5,No,Express,No,10,Venmo,Every 3 Months,Senior,90,462,0,10,Bronze,0.275,0.40000000000000013,0.18367346938775508,0,24.51,At Risk,0,At-Risk Customers
2799,52,Female,Hoodie,Clothing,20,Rhode Island,XL,Red,Winter,4.8,No,Store Pickup,No,37,PayPal,Weekly,Middle-aged,7,760,0,37,Silver,0.0,0.9199999999999999,0.7346938775510203,0,40.44,Average,3,Loyal Customers
2800,23,Female,T-shirt,Clothing,89,Maine,L,Pink,Spring,3.9,No,Free Shipping,No,9,Bank Transfer,Every 3 Months,Young Adult,90,890,0,9,Silver,0.8625,0.56,0.16326530612244897,0,50.6,Average,1,High-Spending Customers
2801,70,Female,Shirt,Clothing,76,Arkansas,L,Violet,Fall,3.4,No,Free Shipping,No,14,Cash,Bi-Weekly,Senior,14,1140,0,14,Silver,0.7000000000000001,0.3600000000000001,0.26530612244897955,0,43.16,Average,1,High-Spending Customers
2802,64,Female,Shirt,Clothing,56,New Mexico,M,Indigo,Winter,2.6,No,Express,No,30,PayPal,Annually,Senior,365,1736,0,30,Gold,0.45000000000000007,0.040000000000000036,0.5918367346938774,0,36.56,At Risk,3,Loyal Customers
2803,22,Female,Coat,Outerwear,100,Hawaii,L,Red,Fall,3.1,No,Store Pickup,No,42,Credit Card,Fortnightly,Young Adult,14,4300,0,42,Premium,1.0,0.2400000000000002,0.836734693877551,0,69.9,Healthy,2,Premium Customers
2804,46,Female,T-shirt,Clothing,44,Idaho,M,Violet,Winter,3.3,No,Free Shipping,No,31,Bank Transfer,Monthly,Middle-aged,30,1408,0,31,Gold,0.30000000000000004,0.32000000000000006,0.6122448979591836,0,36.77,At Risk,3,Loyal Customers
2805,65,Female,Hoodie,Clothing,76,South Carolina,M,Cyan,Spring,2.8,No,Standard,No,48,Bank Transfer,Every 3 Months,Senior,90,3724,0,48,Premium,0.7000000000000001,0.11999999999999988,0.9591836734693877,0,59.18,Average,2,Premium Customers
2806,18,Female,Sunglasses,Accessories,97,Nevada,S,Black,Fall,4.3,No,Standard,No,48,Cash,Quarterly,Young Adult,90,4753,0,48,Premium,0.9625000000000001,0.72,0.9591836734693877,0,81.68,Excellent,2,Premium Customers
2807,45,Female,Blouse,Clothing,39,South Carolina,L,Purple,Spring,2.7,No,Standard,No,50,Credit Card,Annually,Middle-aged,365,1989,0,50,Gold,0.23750000000000004,0.08000000000000007,1.0,0,41.1,Average,3,Loyal Customers
2808,56,Female,Hoodie,Clothing,100,Maryland,M,Charcoal,Spring,4.4,No,2-Day Shipping,No,10,Debit Card,Fortnightly,Middle-aged,14,1100,0,10,Silver,1.0,0.7600000000000002,0.18367346938775508,0,60.71,Healthy,1,High-Spending Customers
2809,49,Female,Skirt,Clothing,62,Tennessee,M,Beige,Spring,3.9,No,Free Shipping,No,45,PayPal,Every 3 Months,Middle-aged,90,2852,0,45,Premium,0.525,0.56,0.8979591836734693,0,59.14,Average,2,Premium Customers
2810,66,Female,Shorts,Clothing,98,Arkansas,XL,Teal,Summer,3.0,No,Standard,No,27,Debit Card,Quarterly,Senior,90,2744,0,27,Premium,0.9750000000000001,0.20000000000000018,0.5306122448979591,0,58.92,Average,2,Premium Customers
2811,27,Female,Jeans,Clothing,31,Arizona,M,Purple,Summer,4.0,No,Standard,No,10,Debit Card,Fortnightly,Young Adult,14,341,0,10,Bronze,0.1375,0.6000000000000001,0.18367346938775508,0,23.01,At Risk,0,At-Risk Customers
2812,69,Female,Jacket,Outerwear,89,Ohio,M,Blue,Fall,3.7,No,Store Pickup,No,19,Credit Card,Quarterly,Senior,90,1780,0,19,Gold,0.8625,0.4800000000000002,0.36734693877551017,0,55.12,Average,1,High-Spending Customers
2813,66,Female,Hoodie,Clothing,91,North Dakota,XL,Magenta,Fall,3.8,No,Store Pickup,No,1,Credit Card,Every 3 Months,Senior,90,182,0,1,Bronze,0.8875,0.52,0.0,0,45.9,Average,1,High-Spending Customers
2814,45,Female,Shirt,Clothing,50,Vermont,S,Maroon,Summer,3.3,No,2-Day Shipping,No,39,Debit Card,Quarterly,Middle-aged,90,2000,0,39,Gold,0.375,0.32000000000000006,0.7755102040816325,0,44.67,Average,3,Loyal Customers
2815,31,Female,T-shirt,Clothing,32,Minnesota,L,Gold,Winter,3.6,No,Standard,No,14,Bank Transfer,Monthly,Young Adult,30,480,0,14,Bronze,0.15000000000000002,0.44000000000000017,0.26530612244897955,0,22.76,At Risk,0,At-Risk Customers
2816,33,Female,Blouse,Clothing,67,Idaho,L,Black,Fall,3.9,No,Free Shipping,No,40,Venmo,Every 3 Months,Adult,90,2747,0,40,Premium,0.5875,0.56,0.7959183673469387,0,58.58,Average,2,Premium Customers
2817,43,Female,Skirt,Clothing,28,Maryland,M,Black,Spring,3.5,No,Free Shipping,No,45,Venmo,Weekly,Adult,7,1288,0,45,Silver,0.10000000000000003,0.40000000000000013,0.8979591836734693,0,38.94,At Risk,3,Loyal Customers
2818,25,Female,Backpack,Accessories,65,South Carolina,XL,Yellow,Winter,3.4,No,Standard,No,6,Venmo,Weekly,Young Adult,7,455,0,6,Bronze,0.5625,0.3600000000000001,0.10204081632653061,0,32.76,At Risk,0,At-Risk Customers
2819,46,Female,Shorts,Clothing,73,California,M,Turquoise,Fall,4.7,No,Next Day Air,No,12,Debit Card,Annually,Middle-aged,365,949,0,12,Silver,0.6625000000000001,0.8800000000000001,0.22448979591836735,0,50.83,Average,1,High-Spending Customers
2820,67,Female,Shirt,Clothing,27,Georgia,L,Lavender,Spring,3.0,No,Free Shipping,No,19,Cash,Monthly,Senior,30,540,0,19,Bronze,0.08750000000000002,0.20000000000000018,0.36734693877551017,0,18.52,At Risk,0,At-Risk Customers
2821,26,Female,Backpack,Accessories,89,Vermont,L,Yellow,Summer,3.9,No,Free Shipping,No,5,Cash,Bi-Weekly,Young Adult,14,534,0,5,Bronze,0.8625,0.56,0.08163265306122448,0,48.15,Average,1,High-Spending Customers
2822,35,Female,Shoes,Footwear,72,Georgia,L,Olive,Summer,4.5,No,Standard,No,37,Venmo,Monthly,Adult,30,2736,0,37,Premium,0.65,0.8,0.7346938775510203,0,64.04,Healthy,2,Premium Customers
2823,61,Female,Skirt,Clothing,37,New Jersey,S,Brown,Fall,4.1,No,Standard,No,33,PayPal,Quarterly,Senior,90,1258,0,33,Silver,0.21250000000000002,0.6399999999999999,0.6530612244897959,0,40.89,Average,3,Loyal Customers
2824,26,Female,Dress,Clothing,63,Utah,M,Olive,Summer,4.5,No,Standard,No,47,Debit Card,Bi-Weekly,Young Adult,14,3024,0,47,Premium,0.5375000000000001,0.8,0.9387755102040816,0,65.66,Healthy,2,Premium Customers
2825,39,Female,Hat,Accessories,90,Utah,M,Purple,Fall,4.0,No,Free Shipping,No,49,Debit Card,Quarterly,Adult,90,4500,0,49,Premium,0.875,0.6000000000000001,0.9795918367346937,0,76.39,Healthy,2,Premium Customers
2826,69,Female,Handbag,Accessories,62,North Carolina,M,Yellow,Winter,4.3,No,2-Day Shipping,No,28,Bank Transfer,Annually,Senior,365,1798,0,28,Gold,0.525,0.72,0.5510204081632653,0,51.93,Average,3,Loyal Customers
2827,32,Female,Handbag,Accessories,43,Florida,L,Brown,Fall,3.6,No,Express,No,23,Venmo,Annually,Adult,365,1032,0,23,Silver,0.2875,0.44000000000000017,0.44897959183673464,0,33.77,At Risk,0,At-Risk Customers
2828,20,Female,Blouse,Clothing,96,Wisconsin,M,Magenta,Fall,3.1,No,Next Day Air,No,11,Bank Transfer,Bi-Weekly,Young Adult,14,1152,0,11,Silver,0.9500000000000002,0.2400000000000002,0.2040816326530612,0,48.92,Average,1,High-Spending Customers
2829,25,Female,Scarf,Accessories,83,Tennessee,L,Lavender,Fall,2.6,No,Standard,No,33,PayPal,Quarterly,Young Adult,90,2822,0,33,Premium,0.7875000000000001,0.040000000000000036,0.6530612244897959,0,51.89,Average,2,Premium Customers
2830,56,Female,Jewelry,Accessories,67,Arizona,XL,Teal,Fall,3.4,No,Next Day Air,No,47,Cash,Weekly,Middle-aged,7,3216,0,47,Premium,0.5875,0.3600000000000001,0.9387755102040816,0,58.86,Average,2,Premium Customers
2831,63,Female,Skirt,Clothing,90,Oregon,L,Cyan,Spring,2.9,No,Store Pickup,No,13,Venmo,Every 3 Months,Senior,90,1260,0,13,Silver,0.875,0.15999999999999992,0.24489795918367344,0,45.55,Average,1,High-Spending Customers
2832,34,Female,Hoodie,Clothing,53,Virginia,L,Pink,Winter,5.0,No,Express,No,4,Credit Card,Weekly,Adult,7,265,0,4,Bronze,0.4125000000000001,1.0,0.061224489795918366,0,38.34,At Risk,1,High-Spending Customers
2833,29,Female,Scarf,Accessories,37,Maryland,M,Magenta,Summer,4.6,No,Standard,No,40,PayPal,Quarterly,Young Adult,90,1517,0,40,Gold,0.21250000000000002,0.8399999999999999,0.7959183673469387,0,49.18,Average,3,Loyal Customers
2834,43,Female,Jeans,Clothing,56,Arkansas,M,Teal,Fall,3.3,No,Free Shipping,No,19,Cash,Monthly,Adult,30,1120,0,19,Silver,0.45000000000000007,0.32000000000000006,0.36734693877551017,0,35.42,At Risk,0,At-Risk Customers
2835,39,Female,Jacket,Outerwear,43,Texas,M,Indigo,Fall,2.9,No,2-Day Shipping,No,17,Credit Card,Weekly,Adult,7,774,0,17,Silver,0.2875,0.15999999999999992,0.32653061224489793,0,24.5,At Risk,0,At-Risk Customers
2836,33,Female,T-shirt,Clothing,84,Vermont,S,Pink,Winter,4.9,No,Free Shipping,No,7,Venmo,Annually,Adult,365,672,0,7,Silver,0.8,0.9600000000000002,0.12244897959183673,0,54.87,Average,1,High-Spending Customers
2837,51,Female,Pants,Clothing,50,Wyoming,M,Charcoal,Winter,5.0,No,2-Day Shipping,No,21,Cash,Bi-Weekly,Middle-aged,14,1100,0,21,Silver,0.375,1.0,0.4081632653061224,0,47.24,Average,1,High-Spending Customers
2838,65,Female,Shoes,Footwear,88,Alabama,M,Brown,Summer,4.5,No,Express,No,44,PayPal,Weekly,Senior,7,3960,0,44,Premium,0.8500000000000001,0.8,0.8775510204081631,0,76.33,Healthy,2,Premium Customers
2839,51,Female,Jacket,Outerwear,50,Maine,M,Blue,Fall,3.7,No,Free Shipping,No,2,Bank Transfer,Weekly,Middle-aged,7,150,0,2,Bronze,0.375,0.4800000000000002,0.02040816326530612,0,25.21,At Risk,0,At-Risk Customers
2840,70,Female,Scarf,Accessories,80,South Dakota,L,Teal,Summer,2.8,No,Store Pickup,No,30,Bank Transfer,Monthly,Senior,30,2480,0,30,Premium,0.75,0.11999999999999988,0.5918367346938774,0,50.16,Average,2,Premium Customers
2841,40,Female,T-shirt,Clothing,47,West Virginia,L,Pink,Spring,3.5,No,Store Pickup,No,41,Cash,Annually,Adult,365,1974,0,41,Gold,0.3375,0.40000000000000013,0.8163265306122448,0,45.99,Average,3,Loyal Customers
2842,19,Female,Dress,Clothing,33,Ohio,XL,Magenta,Winter,3.0,No,2-Day Shipping,No,31,Cash,Weekly,Young Adult,7,1056,0,31,Silver,0.16250000000000003,0.20000000000000018,0.6122448979591836,0,28.87,At Risk,3,Loyal Customers
2843,28,Female,Coat,Outerwear,100,Arizona,L,Green,Fall,4.3,No,Standard,No,48,Debit Card,Quarterly,Young Adult,90,4900,0,48,Premium,1.0,0.72,0.9591836734693877,0,83.18,Excellent,2,Premium Customers
2844,51,Female,Sweater,Clothing,26,Ohio,M,White,Summer,3.6,No,Store Pickup,No,41,Venmo,Weekly,Middle-aged,7,1092,0,41,Silver,0.07500000000000001,0.44000000000000017,0.8163265306122448,0,36.29,At Risk,3,Loyal Customers
2845,32,Female,Hat,Accessories,79,New Mexico,M,Indigo,Summer,4.4,No,Standard,No,42,Venmo,Annually,Adult,365,3397,0,42,Premium,0.7375,0.7600000000000002,0.836734693877551,0,69.8,Healthy,2,Premium Customers
2846,26,Female,Backpack,Accessories,77,South Dakota,L,Lavender,Summer,4.1,No,Express,No,39,Debit Card,Every 3 Months,Young Adult,90,3080,0,39,Premium,0.7125,0.6399999999999999,0.7755102040816325,0,64.57,Healthy,2,Premium Customers
2847,50,Female,Socks,Clothing,36,Oklahoma,XL,Black,Fall,2.8,No,Next Day Air,No,15,PayPal,Bi-Weekly,Middle-aged,14,576,0,15,Bronze,0.2,0.11999999999999988,0.28571428571428564,0,18.97,At Risk,0,At-Risk Customers
2848,68,Female,Jewelry,Accessories,21,Connecticut,L,Charcoal,Winter,2.8,No,Free Shipping,No,3,PayPal,Every 3 Months,Senior,90,84,0,3,Bronze,0.012500000000000011,0.11999999999999988,0.04081632653061225,0,4.12,At Risk,0,At-Risk Customers
2849,33,Female,Boots,Footwear,72,Wisconsin,L,Gray,Fall,4.9,No,Store Pickup,No,28,Bank Transfer,Quarterly,Adult,90,2088,0,28,Gold,0.65,0.9600000000000002,0.5510204081632653,0,61.73,Healthy,2,Premium Customers
2850,56,Female,Coat,Outerwear,25,New Hampshire,M,Gold,Spring,4.1,No,Express,No,27,PayPal,Bi-Weekly,Middle-aged,14,700,0,27,Silver,0.0625,0.6399999999999999,0.5306122448979591,0,31.22,At Risk,0,At-Risk Customers
2851,57,Female,Sweater,Clothing,79,Nebraska,M,Silver,Spring,3.0,No,Store Pickup,No,36,Debit Card,Annually,Middle-aged,365,2923,0,36,Premium,0.7375,0.20000000000000018,0.7142857142857142,0,54.93,Average,2,Premium Customers
2852,58,Female,Blouse,Clothing,73,Nevada,L,Teal,Summer,3.0,No,Store Pickup,No,42,Debit Card,Monthly,Senior,30,3139,0,42,Premium,0.6625000000000001,0.20000000000000018,0.836734693877551,0,55.6,Average,2,Premium Customers
2853,40,Female,Belt,Accessories,71,New York,M,Magenta,Spring,3.0,No,Store Pickup,No,30,Venmo,Weekly,Adult,7,2201,0,30,Gold,0.6375000000000001,0.20000000000000018,0.5918367346938774,0,47.26,Average,3,Loyal Customers
2854,37,Female,Hat,Accessories,48,Pennsylvania,M,Magenta,Winter,3.2,No,Next Day Air,No,9,PayPal,Weekly,Adult,7,480,0,9,Bronze,0.3500000000000001,0.28000000000000025,0.16326530612244897,0,24.5,At Risk,0,At-Risk Customers
2855,36,Female,Sandals,Footwear,28,Delaware,M,Beige,Fall,2.7,No,Store Pickup,No,25,Venmo,Monthly,Adult,30,728,0,25,Silver,0.10000000000000003,0.08000000000000007,0.4897959183673469,0,20.29,At Risk,0,At-Risk Customers
2856,29,Female,Boots,Footwear,95,Mississippi,S,Maroon,Winter,3.8,No,2-Day Shipping,No,33,PayPal,Quarterly,Young Adult,90,3230,0,33,Premium,0.9375,0.52,0.6530612244897959,0,67.49,Healthy,2,Premium Customers
2857,65,Female,Jacket,Outerwear,48,Iowa,M,Indigo,Winter,3.5,No,2-Day Shipping,No,31,Credit Card,Monthly,Senior,30,1536,0,31,Gold,0.3500000000000001,0.40000000000000013,0.6122448979591836,0,40.37,Average,3,Loyal Customers
2858,44,Female,Dress,Clothing,93,Utah,S,Maroon,Spring,3.8,No,Next Day Air,No,35,Debit Card,Monthly,Adult,30,3348,0,35,Premium,0.9125000000000001,0.52,0.693877551020408,0,67.72,Healthy,2,Premium Customers
2859,34,Female,Jeans,Clothing,87,Maryland,L,Teal,Summer,3.8,No,2-Day Shipping,No,46,Bank Transfer,Monthly,Adult,30,4089,0,46,Premium,0.8375000000000001,0.52,0.9183673469387754,0,71.45,Healthy,2,Premium Customers
2860,31,Female,Shorts,Clothing,32,Utah,L,Yellow,Fall,3.4,No,Express,No,29,Bank Transfer,Annually,Young Adult,365,960,0,29,Silver,0.15000000000000002,0.3600000000000001,0.5714285714285714,0,30.34,At Risk,0,At-Risk Customers
2861,28,Female,Shirt,Clothing,38,Rhode Island,M,Gold,Spring,2.9,No,Next Day Air,No,49,Bank Transfer,Weekly,Young Adult,7,1900,0,49,Gold,0.22500000000000003,0.15999999999999992,0.9795918367346937,0,41.59,Average,3,Loyal Customers
2862,66,Female,Coat,Outerwear,54,Maryland,M,Teal,Fall,3.4,No,Free Shipping,No,27,Credit Card,Monthly,Senior,30,1512,0,27,Gold,0.42500000000000004,0.3600000000000001,0.5306122448979591,0,40.12,Average,3,Loyal Customers
2863,68,Female,Coat,Outerwear,75,Hawaii,S,Violet,Summer,4.7,No,Store Pickup,No,5,Bank Transfer,Every 3 Months,Senior,90,450,0,5,Bronze,0.6875,0.8800000000000001,0.08163265306122448,0,47.55,Average,1,High-Spending Customers
2864,37,Female,T-shirt,Clothing,56,Connecticut,M,Yellow,Fall,3.9,No,2-Day Shipping,No,18,Venmo,Monthly,Adult,30,1064,0,18,Silver,0.45000000000000007,0.56,0.346938775510204,0,39.61,At Risk,1,High-Spending Customers
2865,58,Female,Sweater,Clothing,43,Illinois,S,Maroon,Fall,3.6,No,Store Pickup,No,31,Venmo,Weekly,Senior,7,1376,0,31,Gold,0.2875,0.44000000000000017,0.6122448979591836,0,38.67,At Risk,3,Loyal Customers
2866,28,Female,Skirt,Clothing,97,California,M,Silver,Fall,3.7,No,Free Shipping,No,27,Cash,Fortnightly,Young Adult,14,2716,0,27,Premium,0.9625000000000001,0.4800000000000002,0.5306122448979591,0,64.02,Healthy,2,Premium Customers
2867,54,Female,Blouse,Clothing,75,Connecticut,S,Violet,Summer,3.1,No,Free Shipping,No,19,Cash,Annually,Middle-aged,365,1500,0,19,Gold,0.6875,0.2400000000000002,0.36734693877551017,0,43.32,Average,1,High-Spending Customers
2868,21,Female,Sneakers,Footwear,55,Colorado,L,White,Summer,4.9,No,Next Day Air,No,33,Cash,Fortnightly,Young Adult,14,1870,0,33,Gold,0.4375,0.9600000000000002,0.6530612244897959,0,56.29,Average,3,Loyal Customers
2869,45,Female,Backpack,Accessories,49,Colorado,M,Black,Winter,2.6,No,Next Day Air,No,42,PayPal,Every 3 Months,Middle-aged,90,2107,0,42,Gold,0.36250000000000004,0.040000000000000036,0.836734693877551,0,40.4,Average,3,Loyal Customers
2870,57,Female,Socks,Clothing,58,Georgia,M,White,Summer,4.2,No,Standard,No,16,Bank Transfer,Weekly,Middle-aged,7,986,0,16,Silver,0.4750000000000001,0.6800000000000002,0.3061224489795918,0,41.78,Average,1,High-Spending Customers
2871,47,Female,Jewelry,Accessories,34,North Dakota,M,Blue,Winter,4.8,No,Free Shipping,No,49,Debit Card,Every 3 Months,Middle-aged,90,1700,0,49,Gold,0.17500000000000004,0.9199999999999999,0.9795918367346937,0,54.79,Average,3,Loyal Customers
2872,46,Female,Shorts,Clothing,43,Idaho,S,Black,Summer,2.7,No,2-Day Shipping,No,40,Venmo,Bi-Weekly,Middle-aged,14,1763,0,40,Gold,0.2875,0.08000000000000007,0.7959183673469387,0,36.98,At Risk,3,Loyal Customers
2873,63,Female,Jewelry,Accessories,48,Connecticut,L,Olive,Fall,2.6,No,Next Day Air,No,5,Cash,Annually,Senior,365,288,0,5,Bronze,0.3500000000000001,0.040000000000000036,0.08163265306122448,0,17.25,At Risk,0,At-Risk Customers
2874,44,Female,Sweater,Clothing,40,Montana,M,Teal,Spring,2.6,No,Free Shipping,No,8,Bank Transfer,Monthly,Adult,30,360,0,8,Bronze,0.25,0.040000000000000036,0.14285714285714285,0,15.09,At Risk,0,At-Risk Customers
2875,36,Female,Shirt,Clothing,29,Colorado,L,Silver,Summer,3.1,No,Standard,No,2,Debit Card,Annually,Adult,365,87,0,2,Bronze,0.11250000000000004,0.2400000000000002,0.02040816326530612,0,9.91,At Risk,0,At-Risk Customers
2876,24,Female,Pants,Clothing,81,Kentucky,M,Pink,Fall,2.6,No,Free Shipping,No,14,Debit Card,Weekly,Young Adult,7,1215,0,14,Silver,0.7625,0.040000000000000036,0.26530612244897955,0,39.26,At Risk,1,High-Spending Customers
2877,65,Female,Hoodie,Clothing,84,New Mexico,M,Charcoal,Spring,3.4,No,2-Day Shipping,No,5,Bank Transfer,Fortnightly,Senior,14,504,0,5,Bronze,0.8,0.3600000000000001,0.08163265306122448,0,41.65,Average,1,High-Spending Customers
2878,32,Female,Socks,Clothing,46,New Jersey,M,Silver,Summer,3.6,No,Standard,No,34,Venmo,Monthly,Adult,30,1610,0,34,Gold,0.32500000000000007,0.44000000000000017,0.673469387755102,0,42.0,Average,3,Loyal Customers
2879,63,Female,Dress,Clothing,86,California,L,Turquoise,Summer,4.3,No,Next Day Air,No,13,Bank Transfer,Annually,Senior,365,1204,0,13,Silver,0.825,0.72,0.24489795918367344,0,54.75,Average,1,High-Spending Customers
2880,62,Female,Blouse,Clothing,57,North Dakota,XL,Turquoise,Winter,4.9,No,Free Shipping,No,31,Venmo,Annually,Senior,365,1824,0,31,Gold,0.4625,0.9600000000000002,0.6122448979591836,0,56.07,Average,3,Loyal Customers
2881,19,Female,Skirt,Clothing,61,Florida,L,Beige,Winter,4.8,No,Store Pickup,No,43,PayPal,Quarterly,Young Adult,90,2684,0,43,Premium,0.5125000000000001,0.9199999999999999,0.8571428571428571,0,64.61,Healthy,2,Premium Customers
2882,38,Female,Backpack,Accessories,90,Texas,M,Cyan,Winter,4.2,No,Free Shipping,No,6,Bank Transfer,Annually,Adult,365,630,0,6,Bronze,0.875,0.6800000000000002,0.10204081632653061,0,51.66,Average,1,High-Spending Customers
2883,59,Female,Blouse,Clothing,51,Oklahoma,L,Gold,Winter,2.6,No,Store Pickup,No,23,Credit Card,Bi-Weekly,Senior,14,1224,0,23,Silver,0.38750000000000007,0.040000000000000036,0.44897959183673464,0,29.77,At Risk,0,At-Risk Customers
2884,22,Female,Socks,Clothing,48,Rhode Island,XL,Silver,Spring,3.2,No,Standard,No,10,PayPal,Weekly,Young Adult,7,528,0,10,Bronze,0.3500000000000001,0.28000000000000025,0.18367346938775508,0,25.11,At Risk,0,At-Risk Customers
2885,55,Female,Boots,Footwear,50,Arkansas,M,Purple,Summer,3.4,No,2-Day Shipping,No,47,Credit Card,Every 3 Months,Middle-aged,90,2400,0,47,Premium,0.375,0.3600000000000001,0.9387755102040816,0,50.36,Average,3,Loyal Customers
2886,29,Female,Backpack,Accessories,82,Nevada,M,Yellow,Summer,3.5,No,Next Day Air,No,14,Credit Card,Bi-Weekly,Young Adult,14,1230,0,14,Silver,0.7750000000000001,0.40000000000000013,0.26530612244897955,0,46.96,Average,1,High-Spending Customers
2887,42,Female,Hat,Accessories,33,Utah,L,Blue,Spring,4.2,No,Free Shipping,No,29,PayPal,Weekly,Adult,7,990,0,29,Silver,0.16250000000000003,0.6800000000000002,0.5714285714285714,0,37.24,At Risk,3,Loyal Customers
2888,23,Female,Sandals,Footwear,28,Kentucky,L,Blue,Winter,2.8,No,Express,No,12,Cash,Bi-Weekly,Young Adult,14,364,0,12,Bronze,0.10000000000000003,0.11999999999999988,0.22448979591836735,0,13.13,At Risk,0,At-Risk Customers
2889,70,Female,Hoodie,Clothing,42,Wisconsin,L,Green,Spring,5.0,No,2-Day Shipping,No,25,Debit Card,Quarterly,Senior,90,1092,0,25,Silver,0.275,1.0,0.4897959183673469,0,45.69,Average,3,Loyal Customers
2890,64,Female,Sunglasses,Accessories,43,Minnesota,M,Charcoal,Fall,3.3,No,Store Pickup,No,21,Venmo,Annually,Senior,365,946,0,21,Silver,0.2875,0.32000000000000006,0.4081632653061224,0,30.14,At Risk,0,At-Risk Customers
2891,39,Female,Jeans,Clothing,55,North Dakota,M,Violet,Winter,3.7,No,Free Shipping,No,23,Credit Card,Monthly,Adult,30,1320,0,23,Silver,0.4375,0.4800000000000002,0.44897959183673464,0,40.57,Average,3,Loyal Customers
2892,47,Female,T-shirt,Clothing,73,Ohio,XL,Black,Winter,2.5,No,Free Shipping,No,10,PayPal,Monthly,Middle-aged,30,803,0,10,Silver,0.6625000000000001,0.0,0.18367346938775508,0,32.01,At Risk,0,At-Risk Customers
2893,22,Female,Dress,Clothing,39,Nevada,M,Teal,Spring,3.2,No,Standard,No,47,Credit Card,Monthly,Young Adult,30,1872,0,47,Gold,0.23750000000000004,0.28000000000000025,0.9387755102040816,0,43.26,Average,3,Loyal Customers
2894,69,Female,Belt,Accessories,20,Kentucky,S,Orange,Spring,3.1,No,Free Shipping,No,44,Debit Card,Every 3 Months,Senior,90,900,0,44,Silver,0.0,0.2400000000000002,0.8775510204081631,0,31.13,At Risk,3,Loyal Customers
2895,35,Female,Jewelry,Accessories,32,Kentucky,S,Brown,Spring,3.5,No,Standard,No,41,Venmo,Annually,Adult,365,1344,0,41,Gold,0.15000000000000002,0.40000000000000013,0.8163265306122448,0,38.49,At Risk,3,Loyal Customers
2896,56,Female,Hoodie,Clothing,86,Montana,L,Green,Summer,4.6,No,Standard,No,29,Bank Transfer,Monthly,Middle-aged,30,2580,0,29,Premium,0.825,0.8399999999999999,0.5714285714285714,0,66.94,Healthy,2,Premium Customers
2897,30,Female,Blouse,Clothing,91,Delaware,M,Silver,Summer,3.3,No,Free Shipping,No,2,Venmo,Every 3 Months,Young Adult,90,273,0,2,Bronze,0.8875,0.32000000000000006,0.02040816326530612,0,42.51,Average,1,High-Spending Customers
2898,43,Female,Jacket,Outerwear,59,Montana,L,Violet,Fall,2.5,No,Free Shipping,No,2,Cash,Fortnightly,Adult,14,177,0,2,Bronze,0.48750000000000004,0.0,0.02040816326530612,0,20.11,At Risk,0,At-Risk Customers
2899,23,Female,Sneakers,Footwear,33,New Jersey,XL,Peach,Summer,4.6,No,Express,No,29,Credit Card,Annually,Young Adult,365,990,0,29,Silver,0.16250000000000003,0.8399999999999999,0.5714285714285714,0,40.44,Average,3,Loyal Customers
2900,50,Female,Boots,Footwear,64,Nebraska,M,Gold,Spring,4.2,No,2-Day Shipping,No,22,Bank Transfer,Fortnightly,Middle-aged,14,1472,0,22,Gold,0.55,0.6800000000000002,0.4285714285714285,0,48.46,Average,1,High-Spending Customers
2901,41,Female,Blouse,Clothing,67,Maryland,XL,Violet,Winter,4.0,No,Standard,No,23,Cash,Bi-Weekly,Adult,14,1608,0,23,Gold,0.5875,0.6000000000000001,0.44897959183673464,0,48.97,Average,1,High-Spending Customers
2902,41,Female,Blouse,Clothing,43,Alabama,L,Olive,Winter,2.6,No,Free Shipping,No,46,Credit Card,Quarterly,Adult,90,2021,0,46,Gold,0.2875,0.040000000000000036,0.9183673469387754,0,39.85,At Risk,3,Loyal Customers
2903,27,Female,Boots,Footwear,32,North Carolina,S,Orange,Spring,4.6,No,Standard,No,19,PayPal,Bi-Weekly,Young Adult,14,640,0,19,Bronze,0.15000000000000002,0.8399999999999999,0.36734693877551017,0,33.82,At Risk,0,At-Risk Customers
2904,38,Female,Scarf,Accessories,39,Delaware,S,Teal,Spring,3.5,No,2-Day Shipping,No,24,Credit Card,Every 3 Months,Adult,90,975,0,24,Silver,0.23750000000000004,0.40000000000000013,0.4693877551020408,0,31.58,At Risk,0,At-Risk Customers
2905,41,Female,Sandals,Footwear,41,Iowa,M,Gray,Spring,4.0,No,2-Day Shipping,No,43,Venmo,Monthly,Adult,30,1804,0,43,Gold,0.26250000000000007,0.6000000000000001,0.8571428571428571,0,48.21,Average,3,Loyal Customers
2906,58,Female,Sunglasses,Accessories,53,New York,L,Black,Winter,4.8,No,Standard,No,14,Debit Card,Fortnightly,Senior,14,795,0,14,Silver,0.4125000000000001,0.9199999999999999,0.26530612244897955,0,42.86,Average,1,High-Spending Customers
2907,58,Female,Coat,Outerwear,27,Virginia,M,Indigo,Spring,3.9,No,Standard,No,7,Venmo,Annually,Senior,365,216,0,7,Bronze,0.08750000000000002,0.56,0.12244897959183673,0,18.37,At Risk,0,At-Risk Customers
2908,19,Female,Sunglasses,Accessories,82,Maryland,XL,Lavender,Summer,3.7,No,Next Day Air,No,50,PayPal,Bi-Weekly,Young Adult,14,4182,0,50,Premium,0.7750000000000001,0.4800000000000002,1.0,0,70.6,Healthy,2,Premium Customers
2909,43,Female,Blouse,Clothing,87,Texas,M,Beige,Winter,3.1,No,Store Pickup,No,15,Debit Card,Every 3 Months,Adult,90,1392,0,15,Gold,0.8375000000000001,0.2400000000000002,0.28571428571428564,0,46.87,Average,1,High-Spending Customers
2910,27,Female,Backpack,Accessories,78,Louisiana,M,Indigo,Winter,3.0,No,Next Day Air,No,40,Credit Card,Every 3 Months,Young Adult,90,3198,0,40,Premium,0.7250000000000001,0.20000000000000018,0.7959183673469387,0,56.88,Average,2,Premium Customers
2911,32,Female,Belt,Accessories,32,Mississippi,M,Blue,Summer,2.9,No,Store Pickup,No,41,Credit Card,Monthly,Adult,30,1344,0,41,Gold,0.15000000000000002,0.15999999999999992,0.8163265306122448,0,33.69,At Risk,3,Loyal Customers
2912,28,Female,Socks,Clothing,38,Ohio,XL,Orange,Fall,2.9,No,Next Day Air,No,34,Venmo,Quarterly,Young Adult,90,1330,0,34,Silver,0.22500000000000003,0.15999999999999992,0.673469387755102,0,32.4,At Risk,3,Loyal Customers
2913,48,Female,Shoes,Footwear,37,Oregon,M,Yellow,Winter,4.0,No,Standard,No,27,Cash,Bi-Weekly,Middle-aged,14,1036,0,27,Silver,0.21250000000000002,0.6000000000000001,0.5306122448979591,0,36.42,At Risk,3,Loyal Customers
2914,43,Female,Coat,Outerwear,83,Wyoming,L,Cyan,Winter,3.5,No,Express,No,12,Cash,Every 3 Months,Adult,90,1079,0,12,Silver,0.7875000000000001,0.40000000000000013,0.22448979591836735,0,46.23,Average,1,High-Spending Customers
2915,45,Female,Sweater,Clothing,72,Pennsylvania,M,Yellow,Fall,3.8,No,Express,No,1,Debit Card,Bi-Weekly,Middle-aged,14,144,0,1,Bronze,0.65,0.52,0.0,0,36.4,At Risk,1,High-Spending Customers
2916,26,Female,Shirt,Clothing,30,Oregon,M,Cyan,Fall,4.5,No,Express,No,39,Debit Card,Bi-Weekly,Young Adult,14,1200,0,39,Silver,0.125,0.8,0.7755102040816325,0,44.27,Average,3,Loyal Customers
2917,62,Female,Shorts,Clothing,66,Oklahoma,M,Green,Winter,2.7,No,Express,No,13,Credit Card,Bi-Weekly,Senior,14,924,0,13,Silver,0.5750000000000001,0.08000000000000007,0.24489795918367344,0,31.95,At Risk,0,At-Risk Customers
2918,58,Female,Shirt,Clothing,45,Colorado,XL,White,Winter,2.9,No,Store Pickup,No,50,Venmo,Annually,Senior,365,2295,0,50,Premium,0.3125,0.15999999999999992,1.0,0,45.7,Average,3,Loyal Customers
2919,19,Female,Sunglasses,Accessories,73,New York,S,Black,Fall,4.9,No,Free Shipping,No,36,Cash,Weekly,Young Adult,7,2701,0,36,Premium,0.6625000000000001,0.9600000000000002,0.7142857142857142,0,67.13,Healthy,2,Premium Customers
2920,64,Female,Shoes,Footwear,67,Minnesota,L,Charcoal,Winter,3.8,No,Standard,No,31,Debit Card,Monthly,Senior,30,2144,0,31,Gold,0.5875,0.52,0.6122448979591836,0,52.27,Average,3,Loyal Customers
2921,33,Female,Sunglasses,Accessories,72,Texas,XL,Brown,Spring,4.9,No,Free Shipping,No,3,Debit Card,Bi-Weekly,Adult,14,288,0,3,Bronze,0.65,0.9600000000000002,0.04081632653061225,0,46.42,Average,1,High-Spending Customers
2922,20,Female,Handbag,Accessories,24,Wisconsin,M,Cyan,Fall,4.6,No,Standard,No,11,Cash,Fortnightly,Young Adult,14,288,0,11,Bronze,0.050000000000000044,0.8399999999999999,0.2040816326530612,0,24.92,At Risk,0,At-Risk Customers
2923,45,Female,Sunglasses,Accessories,68,Kentucky,L,Beige,Winter,3.5,No,Express,No,16,PayPal,Quarterly,Middle-aged,90,1156,0,16,Silver,0.6000000000000001,0.40000000000000013,0.3061224489795918,0,41.18,Average,1,High-Spending Customers
2924,28,Female,Shirt,Clothing,70,Pennsylvania,M,Magenta,Spring,4.2,No,2-Day Shipping,No,12,Cash,Quarterly,Young Adult,90,910,0,12,Silver,0.625,0.6800000000000002,0.22448979591836735,0,45.33,Average,1,High-Spending Customers
2925,47,Female,Shirt,Clothing,64,Rhode Island,L,Indigo,Winter,3.7,No,Free Shipping,No,37,Debit Card,Every 3 Months,Middle-aged,90,2432,0,37,Premium,0.55,0.4800000000000002,0.7346938775510203,0,53.64,Average,3,Loyal Customers
2926,54,Female,Sweater,Clothing,91,Illinois,M,Maroon,Spring,2.8,No,Store Pickup,No,43,Credit Card,Every 3 Months,Middle-aged,90,4004,0,43,Premium,0.8875,0.11999999999999988,0.8571428571428571,0,63.61,Healthy,2,Premium Customers
2927,64,Female,Handbag,Accessories,82,Maryland,M,Gray,Winter,4.8,No,2-Day Shipping,No,9,Cash,Weekly,Senior,7,820,0,9,Silver,0.7750000000000001,0.9199999999999999,0.16326530612244897,0,54.3,Average,1,High-Spending Customers
2928,45,Female,Shirt,Clothing,24,Missouri,M,Black,Summer,2.7,No,Express,No,15,Venmo,Bi-Weekly,Middle-aged,14,384,0,15,Bronze,0.050000000000000044,0.08000000000000007,0.28571428571428564,0,12.17,At Risk,0,At-Risk Customers
2929,40,Female,Jewelry,Accessories,80,Alabama,L,Yellow,Spring,3.6,No,Store Pickup,No,17,Credit Card,Weekly,Adult,7,1440,0,17,Gold,0.75,0.44000000000000017,0.32653061224489793,0,48.6,Average,1,High-Spending Customers
2930,31,Female,Socks,Clothing,53,Maine,XL,White,Winter,4.5,No,Next Day Air,No,42,Venmo,Fortnightly,Young Adult,14,2279,0,42,Gold,0.4125000000000001,0.8,0.836734693877551,0,57.6,Average,3,Loyal Customers
2931,38,Female,T-shirt,Clothing,50,Mississippi,M,Orange,Spring,4.0,No,Free Shipping,No,14,Venmo,Monthly,Adult,30,750,0,14,Silver,0.375,0.6000000000000001,0.26530612244897955,0,34.96,At Risk,0,At-Risk Customers
2932,36,Female,Jewelry,Accessories,31,Alabama,M,Magenta,Fall,4.5,No,2-Day Shipping,No,49,Credit Card,Bi-Weekly,Adult,14,1550,0,49,Gold,0.1375,0.8,0.9795918367346937,0,50.89,Average,3,Loyal Customers
2933,65,Female,Backpack,Accessories,88,Alaska,L,Black,Spring,3.9,No,Express,No,3,PayPal,Quarterly,Senior,90,352,0,3,Bronze,0.8500000000000001,0.56,0.04081632653061225,0,46.42,Average,1,High-Spending Customers
2934,27,Female,Hat,Accessories,52,Illinois,M,Brown,Summer,3.8,No,Standard,No,28,Venmo,Monthly,Young Adult,30,1508,0,28,Gold,0.4,0.52,0.5510204081632653,0,42.93,Average,3,Loyal Customers
2935,38,Female,Gloves,Accessories,22,Idaho,M,Orange,Fall,4.7,No,Next Day Air,No,41,Bank Transfer,Quarterly,Adult,90,924,0,41,Silver,0.025000000000000022,0.8800000000000001,0.8163265306122448,0,43.09,Average,3,Loyal Customers
2936,58,Female,Sneakers,Footwear,27,North Carolina,XL,Gray,Spring,4.6,No,Standard,No,11,Venmo,Weekly,Senior,7,324,0,11,Bronze,0.08750000000000002,0.8399999999999999,0.2040816326530612,0,26.42,At Risk,0,At-Risk Customers
2937,31,Female,Skirt,Clothing,34,Washington,M,White,Spring,3.6,No,Express,No,46,PayPal,Weekly,Young Adult,7,1598,0,46,Gold,0.17500000000000004,0.44000000000000017,0.9183673469387754,0,43.35,Average,3,Loyal Customers
2938,28,Female,Handbag,Accessories,39,West Virginia,M,White,Spring,4.3,No,2-Day Shipping,No,15,Credit Card,Weekly,Young Adult,7,624,0,15,Bronze,0.23750000000000004,0.72,0.28571428571428564,0,32.47,At Risk,0,At-Risk Customers
2939,28,Female,Sunglasses,Accessories,53,Maine,M,Violet,Fall,3.0,No,Standard,No,15,Cash,Monthly,Young Adult,30,848,0,15,Silver,0.4125000000000001,0.20000000000000018,0.28571428571428564,0,29.07,At Risk,0,At-Risk Customers
2940,32,Female,Sweater,Clothing,46,Kentucky,M,Beige,Winter,4.3,No,Express,No,34,Venmo,Weekly,Adult,7,1610,0,34,Gold,0.32500000000000007,0.72,0.673469387755102,0,47.6,Average,3,Loyal Customers
2941,61,Female,Handbag,Accessories,85,Massachusetts,L,Beige,Summer,4.8,No,Next Day Air,No,13,Cash,Monthly,Senior,30,1190,0,13,Silver,0.8125,0.9199999999999999,0.24489795918367344,0,58.25,Average,1,High-Spending Customers
2942,38,Female,Skirt,Clothing,86,Pennsylvania,L,Purple,Spring,3.7,No,Free Shipping,No,27,PayPal,Monthly,Adult,30,2408,0,27,Premium,0.825,0.4800000000000002,0.5306122448979591,0,58.52,Average,2,Premium Customers
2943,54,Female,Socks,Clothing,63,Hawaii,M,Brown,Summer,2.6,No,Free Shipping,No,37,Bank Transfer,Weekly,Middle-aged,7,2394,0,37,Premium,0.5375000000000001,0.040000000000000036,0.7346938775510203,0,44.34,Average,3,Loyal Customers
2944,29,Female,Shirt,Clothing,44,Virginia,M,Orange,Spring,3.4,No,Standard,No,37,Credit Card,Monthly,Young Adult,30,1672,0,37,Gold,0.30000000000000004,0.3600000000000001,0.7346938775510203,0,41.24,Average,3,Loyal Customers
2945,50,Female,Sneakers,Footwear,95,New York,XL,Cyan,Summer,3.9,No,Free Shipping,No,4,Venmo,Every 3 Months,Middle-aged,90,475,0,4,Bronze,0.9375,0.56,0.061224489795918366,0,50.54,Average,1,High-Spending Customers
2946,32,Female,Belt,Accessories,49,Delaware,M,Charcoal,Summer,4.8,No,Free Shipping,No,1,Credit Card,Every 3 Months,Adult,90,98,0,1,Bronze,0.36250000000000004,0.9199999999999999,0.0,0,32.9,At Risk,0,At-Risk Customers
2947,38,Female,Pants,Clothing,77,Hawaii,L,Purple,Spring,2.8,No,Free Shipping,No,29,Bank Transfer,Quarterly,Adult,90,2310,0,29,Premium,0.7125,0.11999999999999988,0.5714285714285714,0,48.04,Average,3,Loyal Customers
2948,52,Female,Jewelry,Accessories,63,Nebraska,L,Peach,Spring,4.4,No,Standard,No,50,Venmo,Annually,Middle-aged,365,3213,0,50,Premium,0.5375000000000001,0.7600000000000002,1.0,0,66.7,Healthy,2,Premium Customers
2949,61,Female,Pants,Clothing,83,Vermont,M,Violet,Winter,3.1,No,Standard,No,38,Debit Card,Bi-Weekly,Senior,14,3237,0,38,Premium,0.7875000000000001,0.2400000000000002,0.7551020408163265,0,58.95,Average,2,Premium Customers
2950,25,Female,Jewelry,Accessories,93,Iowa,M,Peach,Spring,3.8,No,Store Pickup,No,15,PayPal,Annually,Young Adult,365,1488,0,15,Gold,0.9125000000000001,0.52,0.28571428571428564,0,55.47,Average,1,High-Spending Customers
2951,22,Female,Jeans,Clothing,91,Iowa,S,Maroon,Winter,4.1,No,2-Day Shipping,No,44,Debit Card,Every 3 Months,Young Adult,90,4095,0,44,Premium,0.8875,0.6399999999999999,0.8775510204081631,0,74.63,Healthy,2,Premium Customers
2952,47,Female,Scarf,Accessories,99,Arkansas,L,Maroon,Fall,4.6,No,Free Shipping,No,14,Cash,Weekly,Middle-aged,7,1485,0,14,Gold,0.9875,0.8399999999999999,0.26530612244897955,0,64.26,Healthy,1,High-Spending Customers
2953,50,Female,Belt,Accessories,24,Alabama,M,Peach,Spring,4.9,No,Next Day Air,No,5,Debit Card,Monthly,Middle-aged,30,144,0,5,Bronze,0.050000000000000044,0.9600000000000002,0.08163265306122448,0,23.65,At Risk,0,At-Risk Customers
2954,45,Female,Dress,Clothing,82,Maryland,M,Silver,Summer,4.8,No,Next Day Air,No,11,Credit Card,Annually,Middle-aged,365,984,0,11,Silver,0.7750000000000001,0.9199999999999999,0.2040816326530612,0,55.52,Average,1,High-Spending Customers
2955,33,Female,T-shirt,Clothing,28,South Dakota,M,Indigo,Winter,3.9,No,Express,No,15,Credit Card,Annually,Adult,365,448,0,15,Bronze,0.10000000000000003,0.56,0.28571428571428564,0,23.77,At Risk,0,At-Risk Customers
2956,42,Female,Boots,Footwear,67,Vermont,M,Silver,Winter,2.6,No,Free Shipping,No,46,Credit Card,Annually,Adult,365,3149,0,46,Premium,0.5875,0.040000000000000036,0.9183673469387754,0,51.85,Average,2,Premium Customers
2957,52,Female,Dress,Clothing,88,Montana,M,Olive,Fall,3.7,No,Standard,No,30,Venmo,Monthly,Middle-aged,30,2728,0,30,Premium,0.8500000000000001,0.4800000000000002,0.5918367346938774,0,61.36,Healthy,2,Premium Customers
2958,69,Female,Jewelry,Accessories,70,South Dakota,S,Gray,Fall,4.7,No,Standard,No,2,Cash,Annually,Senior,365,210,0,2,Bronze,0.625,0.8800000000000001,0.02040816326530612,0,43.21,Average,1,High-Spending Customers
2959,55,Female,Skirt,Clothing,100,Ohio,M,Black,Summer,4.5,No,Standard,No,28,PayPal,Monthly,Middle-aged,30,2900,0,28,Premium,1.0,0.8,0.5510204081632653,0,72.53,Healthy,2,Premium Customers
2960,38,Female,Handbag,Accessories,28,Texas,L,Maroon,Summer,4.7,No,Free Shipping,No,9,PayPal,Quarterly,Adult,90,280,0,9,Bronze,0.10000000000000003,0.8800000000000001,0.16326530612244897,0,26.5,At Risk,0,At-Risk Customers
2961,57,Female,Coat,Outerwear,48,Indiana,S,Olive,Spring,3.6,No,Standard,No,47,Credit Card,Weekly,Middle-aged,7,2304,0,47,Premium,0.3500000000000001,0.44000000000000017,0.9387755102040816,0,50.96,Average,3,Loyal Customers
2962,33,Female,Hoodie,Clothing,43,New Hampshire,S,Gold,Fall,2.8,No,Free Shipping,No,21,Debit Card,Bi-Weekly,Adult,14,946,0,21,Silver,0.2875,0.11999999999999988,0.4081632653061224,0,26.14,At Risk,0,At-Risk Customers
2963,57,Female,Pants,Clothing,40,California,L,Pink,Fall,4.0,No,Express,No,42,Credit Card,Every 3 Months,Middle-aged,90,1720,0,42,Gold,0.25,0.6000000000000001,0.836734693877551,0,47.1,Average,3,Loyal Customers
2964,52,Female,Boots,Footwear,97,Maine,M,Brown,Spring,3.6,No,Free Shipping,No,28,Credit Card,Weekly,Middle-aged,7,2813,0,28,Premium,0.9625000000000001,0.44000000000000017,0.5510204081632653,0,63.83,Healthy,2,Premium Customers
2965,44,Female,Coat,Outerwear,25,Ohio,S,White,Fall,3.8,No,2-Day Shipping,No,13,Venmo,Fortnightly,Adult,14,350,0,13,Bronze,0.0625,0.52,0.24489795918367344,0,20.25,At Risk,0,At-Risk Customers
2966,48,Female,Scarf,Accessories,45,Delaware,M,Blue,Summer,4.4,No,Standard,No,25,PayPal,Fortnightly,Middle-aged,14,1170,0,25,Silver,0.3125,0.7600000000000002,0.4897959183673469,0,42.39,Average,3,Loyal Customers
2967,52,Female,Boots,Footwear,49,Oklahoma,L,Orange,Fall,2.8,No,Store Pickup,No,38,Debit Card,Every 3 Months,Middle-aged,90,1911,0,38,Gold,0.36250000000000004,0.11999999999999988,0.7551020408163265,0,39.55,At Risk,3,Loyal Customers
2968,34,Female,Sneakers,Footwear,36,Indiana,L,Silver,Summer,3.4,No,Free Shipping,No,40,Venmo,Annually,Adult,365,1476,0,40,Gold,0.2,0.3600000000000001,0.7959183673469387,0,39.08,At Risk,3,Loyal Customers
2969,26,Female,Sweater,Clothing,48,South Carolina,S,Gray,Fall,4.9,No,Express,No,25,Cash,Every 3 Months,Young Adult,90,1248,0,25,Silver,0.3500000000000001,0.9600000000000002,0.4897959183673469,0,47.89,Average,3,Loyal Customers
2970,36,Female,Belt,Accessories,62,Vermont,S,Blue,Fall,4.3,No,Next Day Air,No,20,Cash,Every 3 Months,Adult,90,1302,0,20,Silver,0.525,0.72,0.38775510204081626,0,47.03,Average,1,High-Spending Customers
2971,24,Female,Jewelry,Accessories,74,Kansas,M,White,Winter,3.4,No,Free Shipping,No,44,Credit Card,Bi-Weekly,Young Adult,14,3330,0,44,Premium,0.675,0.3600000000000001,0.8775510204081631,0,60.53,Healthy,2,Premium Customers
2972,30,Female,Handbag,Accessories,100,Utah,L,Yellow,Fall,3.9,No,Next Day Air,No,9,PayPal,Every 3 Months,Young Adult,90,1000,0,9,Silver,1.0,0.56,0.16326530612244897,0,56.1,Average,1,High-Spending Customers
2973,31,Female,Jacket,Outerwear,39,New York,S,Indigo,Fall,4.2,No,Free Shipping,No,11,Venmo,Every 3 Months,Young Adult,90,468,0,11,Bronze,0.23750000000000004,0.6800000000000002,0.2040816326530612,0,29.22,At Risk,0,At-Risk Customers
2974,25,Female,Boots,Footwear,65,Indiana,M,Blue,Summer,2.7,No,Store Pickup,No,3,Bank Transfer,Fortnightly,Young Adult,14,260,0,3,Bronze,0.5625,0.08000000000000007,0.04081632653061225,0,25.32,At Risk,0,At-Risk Customers
2975,57,Female,Sneakers,Footwear,99,Tennessee,XL,Peach,Summer,4.1,No,Store Pickup,No,34,Credit Card,Weekly,Middle-aged,7,3465,0,34,Premium,0.9875,0.6399999999999999,0.673469387755102,0,72.5,Healthy,2,Premium Customers
2976,61,Female,Scarf,Accessories,68,Georgia,XL,Lavender,Winter,4.5,No,2-Day Shipping,No,48,Cash,Every 3 Months,Senior,90,3332,0,48,Premium,0.6000000000000001,0.8,0.9591836734693877,0,68.78,Healthy,2,Premium Customers
2977,30,Female,Coat,Outerwear,97,Nebraska,M,Silver,Summer,2.8,No,Express,No,28,Cash,Fortnightly,Young Adult,14,2813,0,28,Premium,0.9625000000000001,0.11999999999999988,0.5510204081632653,0,57.43,Average,2,Premium Customers
2978,38,Female,Shorts,Clothing,47,Washington,L,Gold,Winter,3.4,No,Standard,No,20,Venmo,Annually,Adult,365,987,0,20,Silver,0.3375,0.3600000000000001,0.38775510204081626,0,32.33,At Risk,0,At-Risk Customers
2979,53,Female,Shorts,Clothing,56,Idaho,S,Cyan,Spring,3.9,No,Free Shipping,No,49,Bank Transfer,Fortnightly,Middle-aged,14,2800,0,49,Premium,0.45000000000000007,0.56,0.9795918367346937,0,58.59,Average,2,Premium Customers
2980,31,Female,Jeans,Clothing,91,Louisiana,L,Olive,Fall,2.6,No,Next Day Air,No,14,PayPal,Weekly,Young Adult,7,1365,0,14,Gold,0.8875,0.040000000000000036,0.26530612244897955,0,44.26,Average,1,High-Spending Customers
2981,70,Female,Gloves,Accessories,93,New Jersey,L,Teal,Fall,4.4,No,2-Day Shipping,No,9,Bank Transfer,Monthly,Senior,30,930,0,9,Silver,0.9125000000000001,0.7600000000000002,0.16326530612244897,0,56.6,Average,1,High-Spending Customers
2982,21,Female,Pants,Clothing,36,Delaware,L,Pink,Winter,4.9,No,Standard,No,37,Venmo,Annually,Young Adult,365,1368,0,37,Gold,0.2,0.9600000000000002,0.7346938775510203,0,49.24,Average,3,Loyal Customers
2983,33,Female,Dress,Clothing,45,Wisconsin,M,Orange,Summer,3.6,No,Store Pickup,No,4,Credit Card,Weekly,Adult,7,225,0,4,Bronze,0.3125,0.44000000000000017,0.061224489795918366,0,23.14,At Risk,0,At-Risk Customers
2984,60,Female,Pants,Clothing,44,West Virginia,M,Charcoal,Winter,2.8,No,2-Day Shipping,No,1,Credit Card,Quarterly,Senior,90,88,0,1,Bronze,0.30000000000000004,0.11999999999999988,0.0,0,14.4,At Risk,0,At-Risk Customers
2985,45,Female,Gloves,Accessories,32,Texas,L,Red,Spring,4.3,No,2-Day Shipping,No,36,Debit Card,Bi-Weekly,Middle-aged,14,1184,0,36,Silver,0.15000000000000002,0.72,0.7142857142857142,0,41.83,Average,3,Loyal Customers
2986,46,Female,Belt,Accessories,36,Hawaii,S,Teal,Summer,3.0,No,Express,No,21,Cash,Bi-Weekly,Middle-aged,14,792,0,21,Silver,0.2,0.20000000000000018,0.4081632653061224,0,24.24,At Risk,0,At-Risk Customers
2987,62,Female,Belt,Accessories,85,Arizona,S,Silver,Summer,3.3,No,2-Day Shipping,No,16,Credit Card,Monthly,Senior,30,1445,0,16,Gold,0.8125,0.32000000000000006,0.3061224489795918,0,48.08,Average,1,High-Spending Customers
2988,63,Female,Skirt,Clothing,36,Louisiana,L,Black,Winter,2.5,No,Store Pickup,No,42,Cash,Monthly,Senior,30,1548,0,42,Gold,0.2,0.0,0.836734693877551,0,33.1,At Risk,3,Loyal Customers
2989,69,Female,Socks,Clothing,55,Nevada,S,Pink,Spring,5.0,No,2-Day Shipping,No,31,Debit Card,Monthly,Senior,30,1760,0,31,Gold,0.4375,1.0,0.6122448979591836,0,55.87,Average,3,Loyal Customers
2990,46,Female,Belt,Accessories,20,Rhode Island,XL,Teal,Summer,4.3,No,2-Day Shipping,No,6,Credit Card,Weekly,Middle-aged,7,140,0,6,Bronze,0.0,0.72,0.10204081632653061,0,17.46,At Risk,0,At-Risk Customers
2991,69,Female,Shirt,Clothing,91,Illinois,M,Teal,Fall,4.2,No,Free Shipping,No,24,Venmo,Monthly,Senior,30,2275,0,24,Gold,0.8875,0.6800000000000002,0.4693877551020408,0,63.18,Healthy,2,Premium Customers
2992,66,Female,Dress,Clothing,71,Utah,L,Green,Summer,3.9,No,Standard,No,7,PayPal,Bi-Weekly,Senior,14,568,0,7,Bronze,0.6375000000000001,0.56,0.12244897959183673,0,40.37,Average,1,High-Spending Customers
2993,41,Female,Socks,Clothing,64,North Dakota,M,Charcoal,Spring,3.9,No,Store Pickup,No,25,Venmo,Weekly,Adult,7,1664,0,25,Gold,0.55,0.56,0.4897959183673469,0,47.89,Average,1,High-Spending Customers
2994,32,Female,Jacket,Outerwear,21,Kansas,L,Indigo,Spring,4.2,No,Free Shipping,No,18,Cash,Bi-Weekly,Adult,14,399,0,18,Bronze,0.012500000000000011,0.6800000000000002,0.346938775510204,0,24.51,At Risk,0,At-Risk Customers
2995,69,Female,Sweater,Clothing,100,Nevada,S,White,Winter,3.5,No,Store Pickup,No,14,Bank Transfer,Quarterly,Senior,90,1500,0,14,Gold,1.0,0.40000000000000013,0.26530612244897955,0,55.96,Average,1,High-Spending Customers
2996,29,Female,Jeans,Clothing,96,Virginia,M,Orange,Summer,2.5,No,Standard,No,42,Debit Card,Bi-Weekly,Young Adult,14,4128,0,42,Premium,0.9500000000000002,0.0,0.836734693877551,0,63.1,Healthy,2,Premium Customers
2997,70,Female,Jewelry,Accessories,91,Utah,M,White,Spring,2.9,No,Express,No,6,Venmo,Every 3 Months,Senior,90,637,0,6,Bronze,0.8875,0.15999999999999992,0.10204081632653061,0,41.76,Average,1,High-Spending Customers
2998,41,Female,Sweater,Clothing,40,Idaho,S,Yellow,Spring,2.7,No,Next Day Air,No,14,Venmo,Every 3 Months,Adult,90,600,0,14,Bronze,0.25,0.08000000000000007,0.26530612244897955,0,19.56,At Risk,0,At-Risk Customers
2999,31,Female,Hoodie,Clothing,53,Alaska,M,Red,Summer,4.7,No,Express,No,30,Debit Card,Quarterly,Young Adult,90,1643,0,30,Gold,0.4125000000000001,0.8800000000000001,0.5918367346938774,0,51.86,Average,3,Loyal Customers
3000,31,Female,Sunglasses,Accessories,48,New Hampshire,S,Charcoal,Winter,3.8,No,Standard,No,10,Cash,Monthly,Young Adult,30,528,0,10,Bronze,0.3500000000000001,0.52,0.18367346938775508,0,29.91,At Risk,0,At-Risk Customers
3001,57,Female,Sandals,Footwear,70,Ohio,M,Lavender,Winter,3.7,No,Express,No,7,PayPal,Weekly,Middle-aged,7,560,0,7,Bronze,0.625,0.4800000000000002,0.12244897959183673,0,38.27,At Risk,1,High-Spending Customers
3002,29,Female,Coat,Outerwear,29,Montana,L,Charcoal,Summer,4.7,No,Express,No,28,Credit Card,Quarterly,Young Adult,90,841,0,28,Silver,0.11250000000000004,0.8800000000000001,0.5510204081632653,0,38.63,At Risk,3,Loyal Customers
3003,70,Female,Belt,Accessories,29,Louisiana,M,Maroon,Fall,3.6,No,Next Day Air,No,19,Bank Transfer,Quarterly,Senior,90,580,0,19,Bronze,0.11250000000000004,0.44000000000000017,0.36734693877551017,0,24.32,At Risk,0,At-Risk Customers
3004,51,Female,Blouse,Clothing,53,Oregon,M,Brown,Fall,2.8,No,Express,No,13,Credit Card,Every 3 Months,Middle-aged,90,742,0,13,Silver,0.4125000000000001,0.11999999999999988,0.24489795918367344,0,26.25,At Risk,0,At-Risk Customers
3005,45,Female,Skirt,Clothing,79,Arizona,M,Lavender,Winter,3.7,No,Store Pickup,No,23,Venmo,Fortnightly,Middle-aged,14,1896,0,23,Gold,0.7375,0.4800000000000002,0.44897959183673464,0,52.57,Average,1,High-Spending Customers
3006,18,Female,Shorts,Clothing,65,Alaska,XL,Brown,Spring,3.5,No,Express,No,5,Venmo,Weekly,Young Adult,7,390,0,5,Bronze,0.5625,0.40000000000000013,0.08163265306122448,0,32.95,At Risk,0,At-Risk Customers
3007,37,Female,Dress,Clothing,99,Utah,M,Olive,Summer,3.7,No,Store Pickup,No,17,Venmo,Bi-Weekly,Adult,14,1782,0,17,Gold,0.9875,0.4800000000000002,0.32653061224489793,0,58.9,Average,1,High-Spending Customers
3008,23,Female,Sunglasses,Accessories,60,New York,L,Lavender,Winter,3.0,No,Next Day Air,No,31,Venmo,Weekly,Young Adult,7,1920,0,31,Gold,0.5,0.20000000000000018,0.6122448979591836,0,42.37,Average,3,Loyal Customers
3009,39,Female,Shoes,Footwear,86,New Mexico,M,Gold,Winter,4.9,No,Free Shipping,No,19,PayPal,Weekly,Adult,7,1720,0,19,Gold,0.825,0.9600000000000002,0.36734693877551017,0,63.22,Healthy,1,High-Spending Customers
3010,62,Female,Belt,Accessories,73,Louisiana,M,Silver,Winter,4.6,No,Free Shipping,No,8,Venmo,Fortnightly,Senior,14,657,0,8,Bronze,0.6625000000000001,0.8399999999999999,0.14285714285714285,0,47.59,Average,1,High-Spending Customers
3011,70,Female,Belt,Accessories,45,Ohio,M,Violet,Winter,3.3,No,Free Shipping,No,15,Credit Card,Annually,Senior,365,720,0,15,Silver,0.3125,0.32000000000000006,0.28571428571428564,0,27.47,At Risk,0,At-Risk Customers
3012,20,Female,Belt,Accessories,70,Nevada,S,Brown,Summer,3.0,No,Next Day Air,No,18,Credit Card,Every 3 Months,Young Adult,90,1330,0,18,Silver,0.625,0.20000000000000018,0.346938775510204,0,39.41,At Risk,1,High-Spending Customers
3013,42,Female,Belt,Accessories,65,Idaho,M,Teal,Fall,3.5,No,Standard,No,16,PayPal,Annually,Adult,365,1105,0,16,Silver,0.5625,0.40000000000000013,0.3061224489795918,0,39.68,At Risk,1,High-Spending Customers
3014,41,Female,Skirt,Clothing,55,Arizona,L,Peach,Summer,4.2,No,Store Pickup,No,13,Cash,Monthly,Adult,30,770,0,13,Silver,0.4375,0.6800000000000002,0.24489795918367344,0,38.45,At Risk,1,High-Spending Customers
3015,24,Female,T-shirt,Clothing,65,Utah,M,Maroon,Spring,4.5,No,Express,No,38,PayPal,Every 3 Months,Young Adult,90,2535,0,38,Premium,0.5625,0.8,0.7551020408163265,0,61.15,Healthy,2,Premium Customers
3016,37,Female,Scarf,Accessories,21,Wyoming,XL,Lavender,Spring,2.8,No,Express,No,27,Bank Transfer,Bi-Weekly,Adult,14,588,0,27,Bronze,0.012500000000000011,0.11999999999999988,0.5306122448979591,0,18.82,At Risk,0,At-Risk Customers
3017,30,Female,Blouse,Clothing,26,Indiana,L,Lavender,Summer,4.9,No,Store Pickup,No,31,Bank Transfer,Quarterly,Young Adult,90,832,0,31,Silver,0.07500000000000001,0.9600000000000002,0.6122448979591836,0,40.57,Average,3,Loyal Customers
3018,58,Female,Sunglasses,Accessories,71,Wisconsin,S,Purple,Summer,3.3,No,Next Day Air,No,24,Cash,Bi-Weekly,Senior,14,1775,0,24,Gold,0.6375000000000001,0.32000000000000006,0.4693877551020408,0,45.98,Average,1,High-Spending Customers
3019,43,Female,Boots,Footwear,41,Texas,M,Green,Summer,3.0,No,Free Shipping,No,21,Debit Card,Bi-Weekly,Adult,14,902,0,21,Silver,0.26250000000000007,0.20000000000000018,0.4081632653061224,0,26.74,At Risk,0,At-Risk Customers
3020,19,Female,Jacket,Outerwear,44,Utah,M,Yellow,Winter,3.9,No,2-Day Shipping,No,15,PayPal,Annually,Young Adult,365,704,0,15,Silver,0.30000000000000004,0.56,0.28571428571428564,0,31.77,At Risk,0,At-Risk Customers
3021,23,Female,Jeans,Clothing,81,Arkansas,S,Charcoal,Fall,2.8,No,Store Pickup,No,48,Venmo,Every 3 Months,Young Adult,90,3969,0,48,Premium,0.7625,0.11999999999999988,0.9591836734693877,0,61.68,Healthy,2,Premium Customers
3022,65,Female,Sunglasses,Accessories,77,Pennsylvania,S,Blue,Summer,4.5,No,2-Day Shipping,No,47,Cash,Quarterly,Senior,90,3696,0,47,Premium,0.7125,0.8,0.9387755102040816,0,72.66,Healthy,2,Premium Customers
3023,58,Female,Sandals,Footwear,26,Georgia,M,Lavender,Fall,4.0,No,Free Shipping,No,23,PayPal,Weekly,Senior,7,624,0,23,Bronze,0.07500000000000001,0.6000000000000001,0.44897959183673464,0,28.47,At Risk,0,At-Risk Customers
3024,50,Female,Backpack,Accessories,31,Indiana,M,Brown,Summer,2.9,No,Express,No,4,PayPal,Quarterly,Middle-aged,90,155,0,4,Bronze,0.1375,0.15999999999999992,0.061224489795918366,0,10.54,At Risk,0,At-Risk Customers
3025,67,Female,Blouse,Clothing,82,Idaho,S,White,Spring,4.0,No,Free Shipping,No,47,Credit Card,Every 3 Months,Senior,90,3936,0,47,Premium,0.7750000000000001,0.6000000000000001,0.9387755102040816,0,71.16,Healthy,2,Premium Customers
3026,40,Female,Shoes,Footwear,60,Montana,XL,Green,Summer,3.4,No,Store Pickup,No,7,PayPal,Monthly,Adult,30,480,0,7,Bronze,0.5,0.3600000000000001,0.12244897959183673,0,30.87,At Risk,0,At-Risk Customers
3027,55,Female,Shirt,Clothing,70,Tennessee,L,Magenta,Fall,2.5,No,Free Shipping,No,6,Credit Card,Annually,Middle-aged,365,490,0,6,Bronze,0.625,0.0,0.10204081632653061,0,28.06,At Risk,0,At-Risk Customers
3028,52,Female,Hoodie,Clothing,26,West Virginia,XL,Peach,Winter,2.8,No,2-Day Shipping,No,47,Credit Card,Quarterly,Middle-aged,90,1248,0,47,Silver,0.07500000000000001,0.11999999999999988,0.9387755102040816,0,33.56,At Risk,3,Loyal Customers
3029,62,Female,Dress,Clothing,100,California,L,Charcoal,Summer,3.0,No,Free Shipping,No,7,PayPal,Every 3 Months,Senior,90,800,0,7,Silver,1.0,0.20000000000000018,0.12244897959183673,0,47.67,Average,1,High-Spending Customers
3030,64,Female,Dress,Clothing,82,Georgia,M,Gold,Summer,3.1,No,Free Shipping,No,1,Debit Card,Quarterly,Senior,90,164,0,1,Bronze,0.7750000000000001,0.2400000000000002,0.0,0,35.8,At Risk,1,High-Spending Customers
3031,43,Female,Sneakers,Footwear,24,Maryland,XL,Purple,Spring,2.6,No,2-Day Shipping,No,23,Credit Card,Weekly,Adult,7,576,0,23,Bronze,0.050000000000000044,0.040000000000000036,0.44897959183673464,0,16.27,At Risk,0,At-Risk Customers
3032,61,Female,Blouse,Clothing,74,Idaho,L,Teal,Summer,4.9,No,2-Day Shipping,No,30,Credit Card,Monthly,Senior,30,2294,0,30,Premium,0.675,0.9600000000000002,0.5918367346938774,0,63.96,Healthy,2,Premium Customers
3033,26,Female,Backpack,Accessories,58,California,XL,Green,Summer,3.5,No,Next Day Air,No,24,Credit Card,Quarterly,Young Adult,90,1450,0,24,Gold,0.4750000000000001,0.40000000000000013,0.4693877551020408,0,41.08,Average,3,Loyal Customers
3034,22,Female,Sweater,Clothing,56,Alabama,L,Orange,Spring,2.6,No,Store Pickup,No,9,PayPal,Weekly,Young Adult,7,560,0,9,Bronze,0.45000000000000007,0.040000000000000036,0.16326530612244897,0,23.7,At Risk,0,At-Risk Customers
3035,51,Female,Boots,Footwear,37,Utah,L,Peach,Spring,3.5,No,2-Day Shipping,No,25,Credit Card,Quarterly,Middle-aged,90,962,0,25,Silver,0.21250000000000002,0.40000000000000013,0.4897959183673469,0,31.19,At Risk,0,At-Risk Customers
3036,69,Female,Handbag,Accessories,64,Kentucky,M,Gold,Spring,4.5,No,Free Shipping,No,18,Cash,Bi-Weekly,Senior,14,1216,0,18,Silver,0.55,0.8,0.346938775510204,0,48.41,Average,1,High-Spending Customers
3037,50,Female,Hoodie,Clothing,58,Vermont,S,Violet,Spring,4.3,No,Next Day Air,No,7,Venmo,Fortnightly,Middle-aged,14,464,0,7,Bronze,0.4750000000000001,0.72,0.12244897959183673,0,37.07,At Risk,1,High-Spending Customers
3038,51,Female,Belt,Accessories,44,Iowa,L,Charcoal,Summer,4.8,No,Next Day Air,No,2,Cash,Annually,Middle-aged,365,132,0,2,Bronze,0.30000000000000004,0.9199999999999999,0.02040816326530612,0,31.01,At Risk,0,At-Risk Customers
3039,56,Female,Jewelry,Accessories,39,Georgia,M,Brown,Summer,4.2,No,Free Shipping,No,36,Debit Card,Annually,Middle-aged,365,1443,0,36,Gold,0.23750000000000004,0.6800000000000002,0.7142857142857142,0,44.53,Average,3,Loyal Customers
3040,59,Female,Blouse,Clothing,48,Alabama,L,Blue,Spring,3.2,No,Next Day Air,No,31,PayPal,Bi-Weekly,Senior,14,1536,0,31,Gold,0.3500000000000001,0.28000000000000025,0.6122448979591836,0,37.97,At Risk,3,Loyal Customers
3041,18,Female,Handbag,Accessories,32,Nebraska,M,Gold,Fall,4.1,No,Express,No,10,Cash,Fortnightly,Young Adult,14,352,0,10,Bronze,0.15000000000000002,0.6399999999999999,0.18367346938775508,0,24.31,At Risk,0,At-Risk Customers
3042,48,Female,Handbag,Accessories,79,Rhode Island,M,Orange,Winter,4.0,No,Express,No,27,PayPal,Monthly,Middle-aged,30,2212,0,27,Gold,0.7375,0.6000000000000001,0.5306122448979591,0,57.42,Average,2,Premium Customers
3043,53,Female,Coat,Outerwear,27,South Dakota,L,Turquoise,Winter,2.9,No,Next Day Air,No,14,PayPal,Every 3 Months,Middle-aged,90,405,0,14,Bronze,0.08750000000000002,0.15999999999999992,0.26530612244897955,0,14.66,At Risk,0,At-Risk Customers
3044,45,Female,Belt,Accessories,98,Illinois,S,Peach,Fall,2.6,No,Store Pickup,No,17,Credit Card,Monthly,Middle-aged,30,1764,0,17,Gold,0.9750000000000001,0.040000000000000036,0.32653061224489793,0,49.6,Average,1,High-Spending Customers
3045,21,Female,Boots,Footwear,67,North Carolina,M,Magenta,Winter,2.7,No,Free Shipping,No,10,Bank Transfer,Quarterly,Young Adult,90,737,0,10,Silver,0.5875,0.08000000000000007,0.18367346938775508,0,30.61,At Risk,0,At-Risk Customers
3046,42,Female,Socks,Clothing,37,Florida,L,Black,Winter,4.6,No,2-Day Shipping,No,4,PayPal,Bi-Weekly,Adult,14,185,0,4,Bronze,0.21250000000000002,0.8399999999999999,0.061224489795918366,0,27.14,At Risk,0,At-Risk Customers
3047,60,Female,Shoes,Footwear,49,Pennsylvania,M,White,Spring,3.2,No,Store Pickup,No,25,Cash,Every 3 Months,Senior,90,1274,0,25,Silver,0.36250000000000004,0.28000000000000025,0.4897959183673469,0,34.79,At Risk,3,Loyal Customers
3048,21,Female,Sneakers,Footwear,74,Vermont,M,Violet,Fall,4.1,No,2-Day Shipping,No,3,PayPal,Bi-Weekly,Young Adult,14,296,0,3,Bronze,0.675,0.6399999999999999,0.04081632653061225,0,41.02,Average,1,High-Spending Customers
3049,69,Female,Jewelry,Accessories,93,Colorado,M,Olive,Summer,3.9,No,Standard,No,47,Venmo,Fortnightly,Senior,14,4464,0,47,Premium,0.9125000000000001,0.56,0.9387755102040816,0,75.86,Healthy,2,Premium Customers
3050,40,Female,Handbag,Accessories,60,Utah,L,Red,Summer,3.0,No,Next Day Air,No,41,Bank Transfer,Bi-Weekly,Adult,14,2520,0,41,Premium,0.5,0.20000000000000018,0.8163265306122448,0,48.49,Average,3,Loyal Customers
3051,31,Female,Coat,Outerwear,76,Kentucky,S,Green,Spring,3.6,No,Standard,No,28,Venmo,Every 3 Months,Young Adult,90,2204,0,28,Gold,0.7000000000000001,0.44000000000000017,0.5510204081632653,0,53.33,Average,1,High-Spending Customers
3052,44,Female,Sunglasses,Accessories,64,Wyoming,L,Gold,Summer,4.6,No,Express,No,49,Debit Card,Every 3 Months,Adult,90,3200,0,49,Premium,0.55,0.8399999999999999,0.9795918367346937,0,68.19,Healthy,2,Premium Customers
3053,48,Female,Shoes,Footwear,38,Maine,XL,Olive,Spring,4.5,No,Store Pickup,No,7,Bank Transfer,Fortnightly,Middle-aged,14,304,0,7,Bronze,0.22500000000000003,0.8,0.12244897959183673,0,28.67,At Risk,0,At-Risk Customers
3054,32,Female,Shoes,Footwear,91,Maine,L,Brown,Winter,3.2,No,Next Day Air,No,22,Bank Transfer,Monthly,Adult,30,2093,0,22,Gold,0.8875,0.28000000000000025,0.4285714285714285,0,53.96,Average,1,High-Spending Customers
3055,42,Female,Boots,Footwear,70,New Hampshire,S,Magenta,Summer,4.9,No,2-Day Shipping,No,34,Venmo,Monthly,Adult,30,2450,0,34,Premium,0.625,0.9600000000000002,0.673469387755102,0,64.4,Healthy,2,Premium Customers
3056,27,Female,Sandals,Footwear,22,Kansas,M,Violet,Fall,5.0,No,Standard,No,5,Debit Card,Bi-Weekly,Young Adult,14,132,0,5,Bronze,0.025000000000000022,1.0,0.08163265306122448,0,23.45,At Risk,0,At-Risk Customers
3057,69,Female,Gloves,Accessories,59,New Jersey,M,Beige,Spring,3.8,No,Standard,No,15,Cash,Bi-Weekly,Senior,14,944,0,15,Silver,0.48750000000000004,0.52,0.28571428571428564,0,38.47,At Risk,1,High-Spending Customers
3058,67,Female,Backpack,Accessories,22,North Carolina,M,Blue,Spring,3.4,No,Next Day Air,No,26,Bank Transfer,Weekly,Senior,7,594,0,26,Bronze,0.025000000000000022,0.3600000000000001,0.510204081632653,0,23.51,At Risk,0,At-Risk Customers
3059,41,Female,Handbag,Accessories,74,West Virginia,S,Orange,Winter,3.8,No,Store Pickup,No,3,Bank Transfer,Fortnightly,Adult,14,296,0,3,Bronze,0.675,0.52,0.04081632653061225,0,38.62,At Risk,1,High-Spending Customers
3060,46,Female,Sweater,Clothing,71,Kentucky,L,Maroon,Spring,3.2,No,Express,No,42,Credit Card,Quarterly,Middle-aged,90,3053,0,42,Premium,0.6375000000000001,0.28000000000000025,0.836734693877551,0,56.2,Average,2,Premium Customers
3061,47,Female,Coat,Outerwear,80,California,S,Charcoal,Summer,4.7,No,Store Pickup,No,1,Venmo,Monthly,Middle-aged,30,160,0,1,Bronze,0.75,0.8800000000000001,0.0,0,47.6,Average,1,High-Spending Customers
3062,33,Female,T-shirt,Clothing,59,South Dakota,L,Olive,Fall,4.5,No,Express,No,20,PayPal,Every 3 Months,Adult,90,1239,0,20,Silver,0.48750000000000004,0.8,0.38775510204081626,0,47.13,Average,1,High-Spending Customers
3063,51,Female,Backpack,Accessories,96,California,L,Green,Fall,3.3,No,Standard,No,39,PayPal,Monthly,Middle-aged,30,3840,0,39,Premium,0.9500000000000002,0.32000000000000006,0.7755102040816325,0,67.67,Healthy,2,Premium Customers
3064,26,Female,Sunglasses,Accessories,43,Connecticut,L,Brown,Winter,3.9,No,Store Pickup,No,24,Credit Card,Fortnightly,Young Adult,14,1075,0,24,Silver,0.2875,0.56,0.4693877551020408,0,36.78,At Risk,3,Loyal Customers
3065,22,Female,Belt,Accessories,76,Idaho,S,Cyan,Winter,3.6,No,Express,No,49,Bank Transfer,Quarterly,Young Adult,90,3800,0,49,Premium,0.7000000000000001,0.44000000000000017,0.9795918367346937,0,66.19,Healthy,2,Premium Customers
3066,49,Female,Jacket,Outerwear,59,North Dakota,M,Beige,Fall,2.8,No,Store Pickup,No,7,Venmo,Bi-Weekly,Middle-aged,14,472,0,7,Bronze,0.48750000000000004,0.11999999999999988,0.12244897959183673,0,25.57,At Risk,0,At-Risk Customers
3067,58,Female,Skirt,Clothing,48,Michigan,L,Teal,Summer,4.3,No,Free Shipping,No,13,Venmo,Every 3 Months,Senior,90,672,0,13,Silver,0.3500000000000001,0.72,0.24489795918367344,0,35.75,At Risk,0,At-Risk Customers
3068,70,Female,Belt,Accessories,22,Missouri,S,Gray,Spring,3.5,No,Free Shipping,No,2,Cash,Weekly,Senior,7,66,0,2,Bronze,0.025000000000000022,0.40000000000000013,0.02040816326530612,0,9.61,At Risk,0,At-Risk Customers
3069,32,Female,Boots,Footwear,40,California,M,Indigo,Winter,4.2,No,Express,No,4,Debit Card,Weekly,Adult,7,200,0,4,Bronze,0.25,0.6800000000000002,0.061224489795918366,0,25.44,At Risk,0,At-Risk Customers
3070,62,Female,Jeans,Clothing,73,Delaware,L,Magenta,Spring,4.6,No,Express,No,17,Debit Card,Quarterly,Senior,90,1314,0,17,Silver,0.6625000000000001,0.8399999999999999,0.32653061224489793,0,53.1,Average,1,High-Spending Customers
3071,52,Female,Shoes,Footwear,26,Alabama,XL,Red,Fall,2.6,No,Free Shipping,No,43,PayPal,Bi-Weekly,Middle-aged,14,1144,0,43,Silver,0.07500000000000001,0.040000000000000036,0.8571428571428571,0,29.51,At Risk,3,Loyal Customers
3072,23,Female,Sweater,Clothing,41,New Hampshire,L,Turquoise,Spring,3.4,No,Next Day Air,No,6,PayPal,Monthly,Young Adult,30,287,0,6,Bronze,0.26250000000000007,0.3600000000000001,0.10204081632653061,0,20.76,At Risk,0,At-Risk Customers
3073,26,Female,Jewelry,Accessories,98,New York,L,Peach,Spring,3.1,No,Standard,No,46,PayPal,Quarterly,Young Adult,90,4606,0,46,Premium,0.9750000000000001,0.2400000000000002,0.9183673469387754,0,71.35,Healthy,2,Premium Customers
3074,58,Female,Shirt,Clothing,63,Oregon,L,White,Winter,3.6,No,Free Shipping,No,7,Debit Card,Bi-Weekly,Senior,14,504,0,7,Bronze,0.5375000000000001,0.44000000000000017,0.12244897959183673,0,33.97,At Risk,0,At-Risk Customers
3075,26,Female,Boots,Footwear,55,Massachusetts,L,Maroon,Winter,4.2,No,Next Day Air,No,34,Debit Card,Fortnightly,Young Adult,14,1925,0,34,Gold,0.4375,0.6800000000000002,0.673469387755102,0,51.3,Average,3,Loyal Customers
3076,54,Female,Shorts,Clothing,90,Utah,XL,Beige,Winter,3.6,No,Standard,No,21,PayPal,Every 3 Months,Middle-aged,90,1980,0,21,Gold,0.875,0.44000000000000017,0.4081632653061224,0,56.04,Average,1,High-Spending Customers
3077,66,Female,Handbag,Accessories,46,New Hampshire,M,Blue,Summer,3.6,No,Express,No,13,Venmo,Bi-Weekly,Senior,14,644,0,13,Bronze,0.32500000000000007,0.44000000000000017,0.24489795918367344,0,29.15,At Risk,0,At-Risk Customers
3078,60,Female,Sweater,Clothing,88,Illinois,S,Red,Spring,3.0,No,Store Pickup,No,33,Debit Card,Bi-Weekly,Senior,14,2992,0,33,Premium,0.8500000000000001,0.20000000000000018,0.6530612244897959,0,57.59,Average,2,Premium Customers
3079,32,Female,Belt,Accessories,95,Alaska,M,Blue,Spring,2.5,No,2-Day Shipping,No,24,Bank Transfer,Bi-Weekly,Adult,14,2375,0,24,Premium,0.9375,0.0,0.4693877551020408,0,51.58,Average,1,High-Spending Customers
3080,48,Female,Belt,Accessories,31,Wyoming,M,Maroon,Fall,4.0,No,Store Pickup,No,4,Bank Transfer,Annually,Middle-aged,365,155,0,4,Bronze,0.1375,0.6000000000000001,0.061224489795918366,0,19.34,At Risk,0,At-Risk Customers
3081,69,Female,Hoodie,Clothing,42,Colorado,L,Yellow,Spring,4.1,No,Next Day Air,No,5,Cash,Bi-Weekly,Senior,14,252,0,5,Bronze,0.275,0.6399999999999999,0.08163265306122448,0,26.25,At Risk,0,At-Risk Customers
3082,64,Female,Sneakers,Footwear,44,Vermont,L,Pink,Winter,4.9,No,Next Day Air,No,11,Credit Card,Weekly,Senior,7,528,0,11,Bronze,0.30000000000000004,0.9600000000000002,0.2040816326530612,0,37.32,At Risk,0,At-Risk Customers
3083,56,Female,T-shirt,Clothing,99,Utah,M,Maroon,Spring,4.0,No,Next Day Air,No,20,Bank Transfer,Annually,Middle-aged,365,2079,0,20,Gold,0.9875,0.6000000000000001,0.38775510204081626,0,63.13,Healthy,1,High-Spending Customers
3084,22,Female,Pants,Clothing,20,Illinois,S,Purple,Summer,3.5,No,Store Pickup,No,28,PayPal,Quarterly,Young Adult,90,580,0,28,Bronze,0.0,0.40000000000000013,0.5510204081632653,0,24.53,At Risk,0,At-Risk Customers
3085,46,Female,Scarf,Accessories,37,Idaho,S,Indigo,Spring,3.2,No,Store Pickup,No,43,PayPal,Monthly,Middle-aged,30,1628,0,43,Gold,0.21250000000000002,0.28000000000000025,0.8571428571428571,0,39.81,At Risk,3,Loyal Customers
3086,24,Female,Sweater,Clothing,50,Nevada,L,Gray,Winter,2.8,No,Store Pickup,No,10,Venmo,Every 3 Months,Young Adult,90,550,0,10,Bronze,0.375,0.11999999999999988,0.18367346938775508,0,22.91,At Risk,0,At-Risk Customers
3087,47,Female,Handbag,Accessories,73,Utah,M,Lavender,Summer,3.5,No,Next Day Air,No,26,Venmo,Every 3 Months,Middle-aged,90,1971,0,26,Gold,0.6625000000000001,0.40000000000000013,0.510204081632653,0,49.81,Average,1,High-Spending Customers
3088,62,Female,Shirt,Clothing,84,North Carolina,M,Charcoal,Spring,3.1,No,Free Shipping,No,29,Bank Transfer,Monthly,Senior,30,2520,0,29,Premium,0.8,0.2400000000000002,0.5714285714285714,0,53.94,Average,2,Premium Customers
3089,34,Female,Dress,Clothing,64,Arkansas,M,Teal,Spring,3.3,No,Store Pickup,No,35,Bank Transfer,Quarterly,Adult,90,2304,0,35,Premium,0.55,0.32000000000000006,0.693877551020408,0,49.22,Average,3,Loyal Customers
3090,50,Female,Sandals,Footwear,21,North Carolina,L,Blue,Fall,4.6,No,Free Shipping,No,23,Cash,Bi-Weekly,Middle-aged,14,504,0,23,Bronze,0.012500000000000011,0.8399999999999999,0.44897959183673464,0,30.77,At Risk,0,At-Risk Customers
3091,29,Female,Shirt,Clothing,36,Texas,M,Peach,Summer,4.9,No,Store Pickup,No,15,Bank Transfer,Quarterly,Young Adult,90,576,0,15,Bronze,0.2,0.9600000000000002,0.28571428571428564,0,35.77,At Risk,0,At-Risk Customers
3092,68,Female,Dress,Clothing,81,Nevada,L,Orange,Winter,3.4,No,2-Day Shipping,No,46,Credit Card,Annually,Senior,365,3807,0,46,Premium,0.7625,0.3600000000000001,0.9183673469387754,0,65.25,Healthy,2,Premium Customers
3093,52,Female,Sunglasses,Accessories,54,Utah,L,Silver,Fall,3.5,No,Next Day Air,No,14,Bank Transfer,Bi-Weekly,Middle-aged,14,810,0,14,Silver,0.42500000000000004,0.40000000000000013,0.26530612244897955,0,32.96,At Risk,0,At-Risk Customers
3094,29,Female,Socks,Clothing,63,Pennsylvania,L,Red,Summer,4.8,No,Store Pickup,No,17,Cash,Every 3 Months,Young Adult,90,1134,0,17,Silver,0.5375000000000001,0.9199999999999999,0.32653061224489793,0,49.7,Average,1,High-Spending Customers
3095,22,Female,Sandals,Footwear,59,Georgia,M,Gray,Summer,2.7,No,Store Pickup,No,9,Cash,Weekly,Young Adult,7,590,0,9,Bronze,0.48750000000000004,0.08000000000000007,0.16326530612244897,0,26.0,At Risk,0,At-Risk Customers
3096,62,Female,Hat,Accessories,53,Minnesota,S,Beige,Fall,3.4,No,Standard,No,13,Venmo,Fortnightly,Senior,14,742,0,13,Silver,0.4125000000000001,0.3600000000000001,0.24489795918367344,0,31.05,At Risk,0,At-Risk Customers
3097,69,Female,Shirt,Clothing,63,Kansas,L,White,Winter,3.5,No,Next Day Air,No,20,Bank Transfer,Monthly,Senior,30,1323,0,20,Silver,0.5375000000000001,0.40000000000000013,0.38775510204081626,0,41.13,Average,1,High-Spending Customers
3098,48,Female,Shoes,Footwear,33,Delaware,M,Silver,Fall,3.7,No,Free Shipping,No,39,Bank Transfer,Quarterly,Middle-aged,90,1320,0,39,Silver,0.16250000000000003,0.4800000000000002,0.7755102040816325,0,39.37,At Risk,3,Loyal Customers
3099,66,Female,Pants,Clothing,64,New Mexico,L,Cyan,Summer,3.3,No,Next Day Air,No,50,Bank Transfer,Quarterly,Senior,90,3264,0,50,Premium,0.55,0.32000000000000006,1.0,0,58.4,Average,2,Premium Customers
3100,42,Female,Shirt,Clothing,98,Michigan,S,Maroon,Fall,2.9,No,Free Shipping,No,21,Bank Transfer,Bi-Weekly,Adult,14,2156,0,21,Gold,0.9750000000000001,0.15999999999999992,0.4081632653061224,0,54.44,Average,1,High-Spending Customers
3101,50,Female,Hat,Accessories,85,Vermont,L,Purple,Winter,3.9,No,Express,No,3,Bank Transfer,Weekly,Middle-aged,7,340,0,3,Bronze,0.8125,0.56,0.04081632653061225,0,44.92,Average,1,High-Spending Customers
3102,32,Female,Jewelry,Accessories,82,Idaho,S,Brown,Summer,2.7,No,Express,No,9,PayPal,Fortnightly,Adult,14,820,0,9,Silver,0.7750000000000001,0.08000000000000007,0.16326530612244897,0,37.5,At Risk,1,High-Spending Customers
3103,51,Female,Jacket,Outerwear,85,South Dakota,M,Green,Summer,4.3,No,Standard,No,29,Cash,Bi-Weekly,Middle-aged,14,2550,0,29,Premium,0.8125,0.72,0.5714285714285714,0,64.04,Healthy,2,Premium Customers
3104,27,Female,Shirt,Clothing,37,Illinois,S,Peach,Winter,3.0,No,2-Day Shipping,No,42,Bank Transfer,Weekly,Young Adult,7,1591,0,42,Gold,0.21250000000000002,0.20000000000000018,0.836734693877551,0,37.6,At Risk,3,Loyal Customers
3105,43,Female,Pants,Clothing,56,Georgia,S,Turquoise,Summer,5.0,No,2-Day Shipping,No,41,Debit Card,Fortnightly,Adult,14,2352,0,41,Premium,0.45000000000000007,1.0,0.8163265306122448,0,62.49,Healthy,2,Premium Customers
3106,48,Female,Skirt,Clothing,33,Oregon,M,Olive,Fall,2.7,No,Express,No,17,Debit Card,Monthly,Middle-aged,30,594,0,17,Bronze,0.16250000000000003,0.08000000000000007,0.32653061224489793,0,17.9,At Risk,0,At-Risk Customers
3107,62,Female,Sandals,Footwear,57,Alabama,M,Yellow,Winter,4.7,No,Next Day Air,No,20,PayPal,Annually,Senior,365,1197,0,20,Silver,0.4625,0.8800000000000001,0.38775510204081626,0,47.73,Average,1,High-Spending Customers
3108,65,Female,Blouse,Clothing,31,Hawaii,L,Gray,Winter,4.6,No,Standard,No,18,Credit Card,Bi-Weekly,Senior,14,589,0,18,Bronze,0.1375,0.8399999999999999,0.346938775510204,0,32.71,At Risk,0,At-Risk Customers
3109,50,Female,Socks,Clothing,69,Oregon,M,Purple,Fall,3.2,No,2-Day Shipping,No,7,PayPal,Monthly,Middle-aged,30,552,0,7,Bronze,0.6125,0.28000000000000025,0.12244897959183673,0,33.77,At Risk,0,At-Risk Customers
3110,60,Female,Jacket,Outerwear,92,Illinois,M,Gray,Winter,4.3,No,Free Shipping,No,47,Bank Transfer,Fortnightly,Senior,14,4416,0,47,Premium,0.9000000000000001,0.72,0.9387755102040816,0,78.56,Healthy,2,Premium Customers
3111,19,Female,Handbag,Accessories,46,Texas,L,Lavender,Fall,4.6,No,Next Day Air,No,2,Bank Transfer,Bi-Weekly,Young Adult,14,138,0,2,Bronze,0.32500000000000007,0.8399999999999999,0.02040816326530612,0,30.41,At Risk,0,At-Risk Customers
3112,21,Female,Belt,Accessories,81,Kansas,XL,Indigo,Spring,4.9,No,Free Shipping,No,25,Debit Card,Quarterly,Young Adult,90,2106,0,25,Gold,0.7625,0.9600000000000002,0.4897959183673469,0,64.39,Healthy,2,Premium Customers
3113,19,Female,Blouse,Clothing,97,Texas,S,Green,Fall,3.8,No,Express,No,26,Venmo,Annually,Young Adult,365,2619,0,26,Premium,0.9625000000000001,0.52,0.510204081632653,0,64.21,Healthy,2,Premium Customers
3114,46,Female,Shirt,Clothing,93,Nebraska,L,Green,Summer,2.6,No,Express,No,2,Debit Card,Weekly,Middle-aged,7,279,0,2,Bronze,0.9125000000000001,0.040000000000000036,0.02040816326530612,0,37.91,At Risk,1,High-Spending Customers
3115,21,Female,Handbag,Accessories,56,Arkansas,M,Olive,Spring,4.7,No,Store Pickup,No,45,Venmo,Bi-Weekly,Young Adult,14,2576,0,45,Premium,0.45000000000000007,0.8800000000000001,0.8979591836734693,0,62.54,Healthy,2,Premium Customers
3116,26,Female,Scarf,Accessories,53,South Dakota,M,Charcoal,Fall,4.1,No,Free Shipping,No,9,Bank Transfer,Bi-Weekly,Young Adult,14,530,0,9,Bronze,0.4125000000000001,0.6399999999999999,0.16326530612244897,0,34.2,At Risk,0,At-Risk Customers
3117,50,Female,Coat,Outerwear,66,Montana,L,Gray,Spring,3.7,No,Store Pickup,No,1,Venmo,Weekly,Middle-aged,7,132,0,1,Bronze,0.5750000000000001,0.4800000000000002,0.0,0,32.6,At Risk,0,At-Risk Customers
3118,43,Female,Hoodie,Clothing,50,Florida,M,Olive,Fall,3.0,No,Free Shipping,No,4,PayPal,Bi-Weekly,Adult,14,250,0,4,Bronze,0.375,0.20000000000000018,0.061224489795918366,0,20.84,At Risk,0,At-Risk Customers
3119,61,Female,Shorts,Clothing,97,Virginia,L,Blue,Summer,4.7,No,Standard,No,31,Debit Card,Quarterly,Senior,90,3104,0,31,Premium,0.9625000000000001,0.8800000000000001,0.6122448979591836,0,74.47,Healthy,2,Premium Customers
3120,63,Female,Sandals,Footwear,79,Louisiana,XL,Silver,Winter,4.7,No,2-Day Shipping,No,21,Credit Card,Every 3 Months,Senior,90,1738,0,21,Gold,0.7375,0.8800000000000001,0.4081632653061224,0,59.34,Average,1,High-Spending Customers
3121,46,Female,Shirt,Clothing,76,Louisiana,M,Magenta,Fall,4.0,No,Store Pickup,No,32,Debit Card,Fortnightly,Middle-aged,14,2508,0,32,Premium,0.7000000000000001,0.6000000000000001,0.6326530612244897,0,58.98,Average,2,Premium Customers
3122,63,Female,Hoodie,Clothing,38,Louisiana,L,Black,Fall,2.6,No,Standard,No,16,Venmo,Weekly,Senior,7,646,0,16,Bronze,0.22500000000000003,0.040000000000000036,0.3061224489795918,0,18.98,At Risk,0,At-Risk Customers
3123,23,Female,Socks,Clothing,45,Georgia,M,Pink,Fall,3.0,No,Express,No,34,Credit Card,Fortnightly,Young Adult,14,1575,0,34,Gold,0.3125,0.20000000000000018,0.673469387755102,0,36.7,At Risk,3,Loyal Customers
3124,57,Female,Handbag,Accessories,77,Iowa,XL,Red,Fall,3.3,No,Next Day Air,No,40,Venmo,Bi-Weekly,Middle-aged,14,3157,0,40,Premium,0.7125,0.32000000000000006,0.7959183673469387,0,58.78,Average,2,Premium Customers
3125,57,Female,Jewelry,Accessories,51,California,M,Peach,Summer,3.4,No,Standard,No,4,Cash,Every 3 Months,Middle-aged,90,255,0,4,Bronze,0.38750000000000007,0.3600000000000001,0.061224489795918366,0,24.54,At Risk,0,At-Risk Customers
3126,33,Female,Coat,Outerwear,26,Oregon,L,Lavender,Spring,4.0,No,Standard,No,3,Cash,Quarterly,Adult,90,104,0,3,Bronze,0.07500000000000001,0.6000000000000001,0.04081632653061225,0,16.22,At Risk,0,At-Risk Customers
3127,57,Female,Sunglasses,Accessories,76,Maine,L,Lavender,Winter,2.6,No,Store Pickup,No,28,Bank Transfer,Bi-Weekly,Middle-aged,14,2204,0,28,Gold,0.7000000000000001,0.040000000000000036,0.5510204081632653,0,45.33,Average,3,Loyal Customers
3128,55,Female,Gloves,Accessories,94,Louisiana,M,Beige,Winter,3.4,No,Free Shipping,No,43,Credit Card,Every 3 Months,Middle-aged,90,4136,0,43,Premium,0.925,0.3600000000000001,0.8571428571428571,0,69.91,Healthy,2,Premium Customers
3129,65,Female,Jacket,Outerwear,32,Arkansas,S,Indigo,Fall,4.4,No,Standard,No,20,Cash,Annually,Senior,365,672,0,20,Silver,0.15000000000000002,0.7600000000000002,0.38775510204081626,0,32.83,At Risk,0,At-Risk Customers
3130,60,Female,Sandals,Footwear,20,Maryland,S,Cyan,Summer,4.7,No,Express,No,40,Venmo,Every 3 Months,Senior,90,820,0,40,Silver,0.0,0.8800000000000001,0.7959183673469387,0,41.48,Average,3,Loyal Customers
3131,52,Female,Pants,Clothing,20,Vermont,M,Yellow,Summer,4.5,No,Store Pickup,No,34,Venmo,Every 3 Months,Middle-aged,90,700,0,34,Silver,0.0,0.8,0.673469387755102,0,36.2,At Risk,3,Loyal Customers
3132,34,Female,Jacket,Outerwear,59,North Dakota,M,Peach,Fall,2.9,No,Store Pickup,No,11,Bank Transfer,Every 3 Months,Adult,90,708,0,11,Silver,0.48750000000000004,0.15999999999999992,0.2040816326530612,0,28.82,At Risk,0,At-Risk Customers
3133,33,Female,Sweater,Clothing,97,Michigan,M,Yellow,Summer,4.2,No,Express,No,26,Cash,Quarterly,Adult,90,2619,0,26,Premium,0.9625000000000001,0.6800000000000002,0.510204081632653,0,67.41,Healthy,2,Premium Customers
3134,58,Female,T-shirt,Clothing,68,Arkansas,M,Orange,Spring,4.1,No,Next Day Air,No,29,Cash,Bi-Weekly,Senior,14,2040,0,29,Gold,0.6000000000000001,0.6399999999999999,0.5714285714285714,0,53.94,Average,1,High-Spending Customers
3135,35,Female,Boots,Footwear,66,Kentucky,L,Gray,Spring,4.4,No,Store Pickup,No,47,Bank Transfer,Weekly,Adult,7,3168,0,47,Premium,0.5750000000000001,0.7600000000000002,0.9387755102040816,0,66.36,Healthy,2,Premium Customers
3136,68,Female,Shoes,Footwear,85,Indiana,L,Yellow,Spring,4.7,No,Free Shipping,No,48,Venmo,Fortnightly,Senior,14,4165,0,48,Premium,0.8125,0.8800000000000001,0.9591836734693877,0,78.88,Healthy,2,Premium Customers
3137,58,Female,Skirt,Clothing,32,Minnesota,M,Gray,Fall,3.1,No,Next Day Air,No,29,Cash,Bi-Weekly,Senior,14,960,0,29,Silver,0.15000000000000002,0.2400000000000002,0.5714285714285714,0,27.94,At Risk,0,At-Risk Customers
3138,34,Female,Coat,Outerwear,44,Louisiana,M,Turquoise,Spring,2.7,No,2-Day Shipping,No,14,Bank Transfer,Monthly,Adult,30,660,0,14,Bronze,0.30000000000000004,0.08000000000000007,0.26530612244897955,0,21.56,At Risk,0,At-Risk Customers
3139,47,Female,Blouse,Clothing,95,Kentucky,L,Gray,Fall,4.6,No,Next Day Air,No,40,Cash,Every 3 Months,Middle-aged,90,3895,0,40,Premium,0.9375,0.8399999999999999,0.7959183673469387,0,78.18,Healthy,2,Premium Customers
3140,35,Female,Sunglasses,Accessories,85,Georgia,M,Olive,Winter,4.4,No,Next Day Air,No,4,Venmo,Weekly,Adult,7,425,0,4,Bronze,0.8125,0.7600000000000002,0.061224489795918366,0,49.54,Average,1,High-Spending Customers
3141,34,Female,Gloves,Accessories,44,Alaska,XL,Peach,Summer,4.6,No,Free Shipping,No,37,Bank Transfer,Weekly,Adult,7,1672,0,37,Gold,0.30000000000000004,0.8399999999999999,0.7346938775510203,0,50.84,Average,3,Loyal Customers
3142,36,Female,Sunglasses,Accessories,30,Mississippi,S,Peach,Winter,4.9,No,Express,No,47,Credit Card,Bi-Weekly,Adult,14,1440,0,47,Gold,0.125,0.9600000000000002,0.9387755102040816,0,52.36,Average,3,Loyal Customers
3143,23,Female,Sneakers,Footwear,21,Kansas,L,Magenta,Winter,4.0,No,2-Day Shipping,No,1,Venmo,Quarterly,Young Adult,90,42,0,1,Bronze,0.012500000000000011,0.6000000000000001,0.0,0,12.5,At Risk,0,At-Risk Customers
3144,68,Female,Hoodie,Clothing,22,Arizona,M,Purple,Summer,2.9,No,Store Pickup,No,26,Cash,Quarterly,Senior,90,594,0,26,Bronze,0.025000000000000022,0.15999999999999992,0.510204081632653,0,19.51,At Risk,0,At-Risk Customers
3145,23,Female,Boots,Footwear,70,Maine,L,Beige,Spring,2.6,No,Free Shipping,No,12,Debit Card,Quarterly,Young Adult,90,910,0,12,Silver,0.625,0.040000000000000036,0.22448979591836735,0,32.53,At Risk,0,At-Risk Customers
3146,57,Female,Handbag,Accessories,29,Texas,XL,Purple,Spring,4.6,No,Standard,No,16,PayPal,Fortnightly,Middle-aged,14,493,0,16,Bronze,0.11250000000000004,0.8399999999999999,0.3061224489795918,0,30.48,At Risk,0,At-Risk Customers
3147,21,Female,Shirt,Clothing,83,Virginia,S,Yellow,Winter,4.9,No,Free Shipping,No,19,PayPal,Annually,Young Adult,365,1660,0,19,Gold,0.7875000000000001,0.9600000000000002,0.36734693877551017,0,61.72,Healthy,1,High-Spending Customers
3148,45,Female,Sweater,Clothing,99,North Dakota,M,Pink,Winter,4.3,No,Express,No,21,Credit Card,Weekly,Middle-aged,7,2178,0,21,Gold,0.9875,0.72,0.4081632653061224,0,66.14,Healthy,2,Premium Customers
3149,37,Female,Shorts,Clothing,35,West Virginia,L,Purple,Fall,4.3,No,Free Shipping,No,15,Venmo,Weekly,Adult,7,560,0,15,Bronze,0.1875,0.72,0.28571428571428564,0,30.47,At Risk,0,At-Risk Customers
3150,18,Female,Belt,Accessories,40,North Carolina,M,Lavender,Winter,4.6,No,Free Shipping,No,9,Venmo,Annually,Young Adult,365,400,0,9,Bronze,0.25,0.8399999999999999,0.16326530612244897,0,31.7,At Risk,0,At-Risk Customers
3151,55,Female,Blouse,Clothing,25,Georgia,M,Peach,Spring,2.6,No,Express,No,7,Bank Transfer,Bi-Weekly,Middle-aged,14,200,0,7,Bronze,0.0625,0.040000000000000036,0.12244897959183673,0,6.97,At Risk,0,At-Risk Customers
3152,52,Female,T-shirt,Clothing,64,New Mexico,L,Orange,Fall,3.1,No,2-Day Shipping,No,47,Bank Transfer,Quarterly,Middle-aged,90,3072,0,47,Premium,0.55,0.2400000000000002,0.9387755102040816,0,54.96,Average,2,Premium Customers
3153,49,Female,Belt,Accessories,90,North Carolina,M,Red,Fall,3.1,No,Store Pickup,No,17,PayPal,Monthly,Middle-aged,30,1620,0,17,Gold,0.875,0.2400000000000002,0.32653061224489793,0,49.6,Average,1,High-Spending Customers
3154,56,Female,Socks,Clothing,88,Alabama,L,Red,Fall,3.1,No,Next Day Air,No,46,Venmo,Fortnightly,Middle-aged,14,4136,0,46,Premium,0.8500000000000001,0.2400000000000002,0.9183673469387754,0,66.35,Healthy,2,Premium Customers
3155,27,Female,Belt,Accessories,55,Connecticut,M,Gold,Winter,4.4,No,Standard,No,32,Cash,Quarterly,Young Adult,90,1815,0,32,Gold,0.4375,0.7600000000000002,0.6326530612244897,0,51.68,Average,3,Loyal Customers
3156,22,Female,Handbag,Accessories,90,Montana,M,Brown,Fall,4.3,No,Free Shipping,No,34,Cash,Annually,Young Adult,365,3150,0,34,Premium,0.875,0.72,0.673469387755102,0,69.6,Healthy,2,Premium Customers
3157,18,Female,Shirt,Clothing,50,Montana,M,Black,Winter,3.1,No,2-Day Shipping,No,18,Cash,Monthly,Young Adult,30,950,0,18,Silver,0.375,0.2400000000000002,0.346938775510204,0,30.21,At Risk,0,At-Risk Customers
3158,21,Female,Belt,Accessories,34,Maine,L,Red,Fall,3.1,No,Store Pickup,No,5,Debit Card,Fortnightly,Young Adult,14,204,0,5,Bronze,0.17500000000000004,0.2400000000000002,0.08163265306122448,0,14.25,At Risk,0,At-Risk Customers
3159,30,Female,Jewelry,Accessories,77,Mississippi,M,Gray,Winter,4.9,No,2-Day Shipping,No,44,Credit Card,Monthly,Young Adult,30,3465,0,44,Premium,0.7125,0.9600000000000002,0.8775510204081631,0,74.03,Healthy,2,Premium Customers
3160,62,Female,Hat,Accessories,89,Louisiana,L,Pink,Winter,2.9,No,Store Pickup,No,4,Bank Transfer,Quarterly,Senior,90,445,0,4,Bronze,0.8625,0.15999999999999992,0.061224489795918366,0,39.54,At Risk,1,High-Spending Customers
3161,28,Female,Backpack,Accessories,87,Nebraska,XL,Turquoise,Fall,3.8,No,Next Day Air,No,37,Cash,Fortnightly,Young Adult,14,3306,0,37,Premium,0.8375000000000001,0.52,0.7346938775510203,0,65.94,Healthy,2,Premium Customers
3162,66,Female,Dress,Clothing,77,Massachusetts,S,Charcoal,Winter,4.2,No,2-Day Shipping,No,43,Cash,Monthly,Senior,30,3388,0,43,Premium,0.7125,0.6800000000000002,0.8571428571428571,0,67.81,Healthy,2,Premium Customers
3163,66,Female,Shoes,Footwear,85,Wisconsin,L,Blue,Winter,3.9,No,Standard,No,28,Bank Transfer,Quarterly,Senior,90,2465,0,28,Premium,0.8125,0.56,0.5510204081632653,0,60.23,Healthy,2,Premium Customers
3164,49,Female,Pants,Clothing,66,Nebraska,XL,Turquoise,Summer,2.8,No,Express,No,36,Cash,Monthly,Middle-aged,30,2442,0,36,Premium,0.5750000000000001,0.11999999999999988,0.7142857142857142,0,46.83,Average,3,Loyal Customers
3165,40,Female,Dress,Clothing,32,Arizona,L,Silver,Winter,2.6,No,Standard,No,16,Credit Card,Annually,Adult,365,544,0,16,Bronze,0.15000000000000002,0.040000000000000036,0.3061224489795918,0,15.98,At Risk,0,At-Risk Customers
3166,49,Female,Jacket,Outerwear,92,Hawaii,M,Lavender,Spring,3.0,No,Store Pickup,No,38,Bank Transfer,Every 3 Months,Middle-aged,90,3588,0,38,Premium,0.9000000000000001,0.20000000000000018,0.7551020408163265,0,62.65,Healthy,2,Premium Customers
3167,19,Female,Shirt,Clothing,80,Georgia,M,Gold,Winter,2.7,No,Next Day Air,No,37,Bank Transfer,Fortnightly,Young Adult,14,3040,0,37,Premium,0.75,0.08000000000000007,0.7346938775510203,0,53.64,Average,2,Premium Customers
3168,24,Female,Dress,Clothing,78,Oregon,M,Blue,Fall,2.8,No,2-Day Shipping,No,9,Cash,Bi-Weekly,Young Adult,14,780,0,9,Silver,0.7250000000000001,0.11999999999999988,0.16326530612244897,0,36.3,At Risk,1,High-Spending Customers
3169,31,Female,Jeans,Clothing,24,Montana,M,Orange,Spring,2.9,No,2-Day Shipping,No,14,PayPal,Fortnightly,Young Adult,14,360,0,14,Bronze,0.050000000000000044,0.15999999999999992,0.26530612244897955,0,13.16,At Risk,0,At-Risk Customers
3170,35,Female,T-shirt,Clothing,59,Georgia,M,White,Fall,3.8,No,Free Shipping,No,3,Venmo,Weekly,Adult,7,236,0,3,Bronze,0.48750000000000004,0.52,0.04081632653061225,0,31.12,At Risk,0,At-Risk Customers
3171,65,Female,Sunglasses,Accessories,41,Rhode Island,XL,Charcoal,Spring,4.4,No,Express,No,10,Credit Card,Fortnightly,Senior,14,451,0,10,Bronze,0.26250000000000007,0.7600000000000002,0.18367346938775508,0,31.21,At Risk,0,At-Risk Customers
3172,68,Female,Jewelry,Accessories,26,Tennessee,M,Maroon,Spring,3.1,No,Express,No,26,Bank Transfer,Bi-Weekly,Senior,14,702,0,26,Silver,0.07500000000000001,0.2400000000000002,0.510204081632653,0,23.11,At Risk,0,At-Risk Customers
3173,57,Female,Socks,Clothing,52,Missouri,M,Olive,Fall,3.7,No,Standard,No,30,Debit Card,Bi-Weekly,Middle-aged,14,1612,0,30,Gold,0.4,0.4800000000000002,0.5918367346938774,0,43.36,Average,3,Loyal Customers
3174,69,Female,Skirt,Clothing,46,Washington,L,Teal,Summer,4.9,No,Next Day Air,No,32,PayPal,Fortnightly,Senior,14,1518,0,32,Gold,0.32500000000000007,0.9600000000000002,0.6326530612244897,0,51.18,Average,3,Loyal Customers
3175,45,Female,Pants,Clothing,52,Oklahoma,L,Orange,Winter,3.8,No,Store Pickup,No,35,PayPal,Monthly,Middle-aged,30,1872,0,35,Gold,0.4,0.52,0.693877551020408,0,47.22,Average,3,Loyal Customers
3176,35,Female,Socks,Clothing,42,Connecticut,M,Maroon,Fall,3.4,No,Store Pickup,No,26,Debit Card,Every 3 Months,Adult,90,1134,0,26,Silver,0.275,0.3600000000000001,0.510204081632653,0,33.51,At Risk,3,Loyal Customers
3177,36,Female,Sandals,Footwear,37,Arkansas,XL,Turquoise,Spring,4.6,No,2-Day Shipping,No,39,Credit Card,Monthly,Adult,30,1480,0,39,Gold,0.21250000000000002,0.8399999999999999,0.7755102040816325,0,48.57,Average,3,Loyal Customers
3178,55,Female,Belt,Accessories,52,Missouri,L,Beige,Fall,3.2,No,Standard,No,31,Credit Card,Monthly,Middle-aged,30,1664,0,31,Gold,0.4,0.28000000000000025,0.6122448979591836,0,39.97,At Risk,3,Loyal Customers
3179,66,Female,Sandals,Footwear,34,Washington,L,Beige,Spring,2.7,No,Free Shipping,No,28,Credit Card,Annually,Senior,365,986,0,28,Silver,0.17500000000000004,0.08000000000000007,0.5510204081632653,0,25.13,At Risk,0,At-Risk Customers
3180,57,Female,Shorts,Clothing,88,Idaho,M,Olive,Spring,4.3,No,Free Shipping,No,12,Debit Card,Bi-Weekly,Middle-aged,14,1144,0,12,Silver,0.8500000000000001,0.72,0.22448979591836735,0,55.13,Average,1,High-Spending Customers
3181,18,Female,Handbag,Accessories,88,Montana,L,Turquoise,Fall,3.8,No,Standard,No,46,PayPal,Weekly,Young Adult,7,4136,0,46,Premium,0.8500000000000001,0.52,0.9183673469387754,0,71.95,Healthy,2,Premium Customers
3182,31,Female,Jacket,Outerwear,51,Montana,M,Charcoal,Summer,4.4,No,Free Shipping,No,27,PayPal,Every 3 Months,Young Adult,90,1428,0,27,Gold,0.38750000000000007,0.7600000000000002,0.5306122448979591,0,46.62,Average,3,Loyal Customers
3183,50,Female,Sunglasses,Accessories,97,Georgia,L,Green,Fall,3.6,No,Free Shipping,No,4,Credit Card,Annually,Middle-aged,365,485,0,4,Bronze,0.9625000000000001,0.44000000000000017,0.061224489795918366,0,49.14,Average,1,High-Spending Customers
3184,50,Female,Sneakers,Footwear,56,Mississippi,M,Green,Winter,3.5,No,Standard,No,14,Cash,Every 3 Months,Middle-aged,90,840,0,14,Silver,0.45000000000000007,0.40000000000000013,0.26530612244897955,0,33.96,At Risk,0,At-Risk Customers
3185,61,Female,Sweater,Clothing,53,Hawaii,L,Green,Spring,4.2,No,2-Day Shipping,No,30,Venmo,Quarterly,Senior,90,1643,0,30,Gold,0.4125000000000001,0.6800000000000002,0.5918367346938774,0,47.86,Average,3,Loyal Customers
3186,52,Female,Skirt,Clothing,71,Ohio,L,Gold,Fall,4.7,No,Express,No,6,PayPal,Annually,Middle-aged,365,497,0,6,Bronze,0.6375000000000001,0.8800000000000001,0.10204081632653061,0,46.16,Average,1,High-Spending Customers
3187,38,Female,Jewelry,Accessories,93,Virginia,S,Cyan,Winter,4.8,No,Store Pickup,No,43,Venmo,Annually,Adult,365,4092,0,43,Premium,0.9125000000000001,0.9199999999999999,0.8571428571428571,0,80.61,Excellent,2,Premium Customers
3188,67,Female,Blouse,Clothing,72,Texas,L,Indigo,Winter,3.2,No,Free Shipping,No,28,Debit Card,Weekly,Senior,7,2088,0,28,Gold,0.65,0.28000000000000025,0.5510204081632653,0,48.13,Average,3,Loyal Customers
3189,42,Female,Blouse,Clothing,59,Vermont,M,Lavender,Winter,3.5,No,Standard,No,39,Bank Transfer,Monthly,Adult,30,2360,0,39,Premium,0.48750000000000004,0.40000000000000013,0.7755102040816325,0,50.77,Average,3,Loyal Customers
3190,25,Female,Boots,Footwear,87,Kansas,M,Beige,Summer,4.2,No,Store Pickup,No,30,PayPal,Bi-Weekly,Young Adult,14,2697,0,30,Premium,0.8375000000000001,0.6800000000000002,0.5918367346938774,0,64.86,Healthy,2,Premium Customers
3191,41,Female,Jeans,Clothing,78,California,S,Purple,Fall,3.4,No,Free Shipping,No,5,Credit Card,Fortnightly,Adult,14,468,0,5,Bronze,0.7250000000000001,0.3600000000000001,0.08163265306122448,0,38.65,At Risk,1,High-Spending Customers
3192,62,Female,Hoodie,Clothing,68,Mississippi,XL,Maroon,Winter,4.7,No,Store Pickup,No,42,Credit Card,Every 3 Months,Senior,90,2924,0,42,Premium,0.6000000000000001,0.8800000000000001,0.836734693877551,0,66.7,Healthy,2,Premium Customers
3193,19,Female,Sweater,Clothing,76,Iowa,S,Maroon,Fall,3.0,No,Free Shipping,No,20,Cash,Fortnightly,Young Adult,14,1596,0,20,Gold,0.7000000000000001,0.20000000000000018,0.38775510204081626,0,43.63,Average,1,High-Spending Customers
3194,63,Female,Gloves,Accessories,99,Virginia,L,Teal,Winter,4.0,No,Express,No,35,Credit Card,Fortnightly,Senior,14,3564,0,35,Premium,0.9875,0.6000000000000001,0.693877551020408,0,72.32,Healthy,2,Premium Customers
3195,43,Female,Sneakers,Footwear,52,Maryland,L,Gold,Summer,4.6,No,Standard,No,10,Credit Card,Bi-Weekly,Adult,14,572,0,10,Bronze,0.4,0.8399999999999999,0.18367346938775508,0,38.31,At Risk,0,At-Risk Customers
3196,68,Female,Sunglasses,Accessories,58,Missouri,S,Red,Spring,4.9,No,Next Day Air,No,36,Credit Card,Quarterly,Senior,90,2146,0,36,Gold,0.4750000000000001,0.9600000000000002,0.7142857142857142,0,59.63,Average,2,Premium Customers
3197,24,Female,Belt,Accessories,59,Wisconsin,L,Maroon,Winter,2.8,No,Express,No,21,Debit Card,Fortnightly,Young Adult,14,1298,0,21,Silver,0.48750000000000004,0.11999999999999988,0.4081632653061224,0,34.14,At Risk,0,At-Risk Customers
3198,27,Female,Sweater,Clothing,71,Maine,M,Teal,Spring,3.2,No,Free Shipping,No,29,Credit Card,Every 3 Months,Young Adult,90,2130,0,29,Gold,0.6375000000000001,0.28000000000000025,0.5714285714285714,0,48.24,Average,3,Loyal Customers
3199,61,Female,Gloves,Accessories,94,Pennsylvania,L,Peach,Winter,2.8,No,Free Shipping,No,39,Debit Card,Weekly,Senior,7,3760,0,39,Premium,0.925,0.11999999999999988,0.7755102040816325,0,62.67,Healthy,2,Premium Customers
3200,59,Female,Handbag,Accessories,40,Maine,XL,Pink,Winter,4.2,No,Express,No,16,PayPal,Monthly,Senior,30,680,0,16,Silver,0.25,0.6800000000000002,0.3061224489795918,0,32.78,At Risk,0,At-Risk Customers
3201,67,Female,Socks,Clothing,24,Missouri,L,Black,Spring,4.8,No,Free Shipping,No,32,Credit Card,Monthly,Senior,30,792,0,32,Silver,0.050000000000000044,0.9199999999999999,0.6326530612244897,0,39.38,At Risk,3,Loyal Customers
3202,46,Female,Pants,Clothing,38,Vermont,S,Indigo,Fall,2.8,No,2-Day Shipping,No,34,Cash,Monthly,Middle-aged,30,1330,0,34,Silver,0.22500000000000003,0.11999999999999988,0.673469387755102,0,31.6,At Risk,3,Loyal Customers
3203,65,Female,Scarf,Accessories,37,Wisconsin,L,Green,Fall,4.5,No,Standard,No,38,Venmo,Annually,Senior,365,1443,0,38,Gold,0.21250000000000002,0.8,0.7551020408163265,0,47.15,Average,3,Loyal Customers
3204,63,Female,Coat,Outerwear,29,New Jersey,L,Teal,Spring,4.1,No,Express,No,14,Venmo,Annually,Senior,365,435,0,14,Bronze,0.11250000000000004,0.6399999999999999,0.26530612244897955,0,25.26,At Risk,0,At-Risk Customers
3205,57,Female,Jacket,Outerwear,92,New Mexico,XL,Lavender,Fall,4.3,No,Free Shipping,No,23,Debit Card,Bi-Weekly,Middle-aged,14,2208,0,23,Gold,0.9000000000000001,0.72,0.44897959183673464,0,63.87,Healthy,2,Premium Customers
3206,40,Female,Hoodie,Clothing,24,Colorado,XL,Magenta,Fall,4.4,No,2-Day Shipping,No,50,Bank Transfer,Every 3 Months,Adult,90,1224,0,50,Silver,0.050000000000000044,0.7600000000000002,1.0,0,47.2,Average,3,Loyal Customers
3207,36,Female,Boots,Footwear,52,California,M,Brown,Winter,3.0,No,Free Shipping,No,49,PayPal,Monthly,Adult,30,2600,0,49,Premium,0.4,0.20000000000000018,0.9795918367346937,0,49.39,Average,3,Loyal Customers
3208,67,Female,Socks,Clothing,29,Arizona,XL,Beige,Summer,2.7,No,Next Day Air,No,14,PayPal,Annually,Senior,365,435,0,14,Bronze,0.11250000000000004,0.08000000000000007,0.26530612244897955,0,14.06,At Risk,0,At-Risk Customers
3209,61,Female,Jewelry,Accessories,30,Indiana,L,Indigo,Winter,3.3,No,2-Day Shipping,No,42,PayPal,Weekly,Senior,7,1290,0,42,Silver,0.125,0.32000000000000006,0.836734693877551,0,36.5,At Risk,3,Loyal Customers
3210,64,Female,Shoes,Footwear,31,Arkansas,L,Peach,Fall,4.3,No,Standard,No,39,Debit Card,Annually,Senior,365,1240,0,39,Silver,0.1375,0.72,0.7755102040816325,0,43.17,Average,3,Loyal Customers
3211,30,Female,Socks,Clothing,67,Nevada,M,Magenta,Summer,2.9,No,Express,No,43,Venmo,Bi-Weekly,Young Adult,14,2948,0,43,Premium,0.5875,0.15999999999999992,0.8571428571428571,0,52.41,Average,2,Premium Customers
3212,53,Female,Pants,Clothing,65,Rhode Island,L,Turquoise,Winter,4.9,No,Standard,No,12,Cash,Monthly,Middle-aged,30,845,0,12,Silver,0.5625,0.9600000000000002,0.22448979591836735,0,48.43,Average,1,High-Spending Customers
3213,27,Female,Sneakers,Footwear,22,Wyoming,M,Indigo,Winter,3.6,No,2-Day Shipping,No,21,Debit Card,Weekly,Young Adult,7,484,0,21,Bronze,0.025000000000000022,0.44000000000000017,0.4081632653061224,0,22.04,At Risk,0,At-Risk Customers
3214,27,Female,Sunglasses,Accessories,56,Texas,M,Brown,Winter,3.3,No,Standard,No,33,Credit Card,Monthly,Young Adult,30,1904,0,33,Gold,0.45000000000000007,0.32000000000000006,0.6530612244897959,0,43.99,Average,3,Loyal Customers
3215,53,Female,Skirt,Clothing,78,Washington,M,Yellow,Spring,3.1,No,Free Shipping,No,6,Debit Card,Annually,Middle-aged,365,546,0,6,Bronze,0.7250000000000001,0.2400000000000002,0.10204081632653061,0,36.86,At Risk,1,High-Spending Customers
3216,34,Female,Coat,Outerwear,90,Rhode Island,M,Magenta,Summer,2.7,No,Free Shipping,No,10,PayPal,Every 3 Months,Adult,90,990,0,10,Silver,0.875,0.08000000000000007,0.18367346938775508,0,42.11,Average,1,High-Spending Customers
3217,39,Female,Hoodie,Clothing,85,Illinois,S,Olive,Winter,3.4,No,Next Day Air,No,18,Cash,Weekly,Adult,7,1615,0,18,Gold,0.8125,0.3600000000000001,0.346938775510204,0,50.11,Average,1,High-Spending Customers
3218,44,Female,Sunglasses,Accessories,58,Oregon,M,Silver,Fall,3.4,No,Express,No,46,Venmo,Weekly,Adult,7,2726,0,46,Premium,0.4750000000000001,0.3600000000000001,0.9183673469387754,0,53.75,Average,3,Loyal Customers
3219,37,Female,Skirt,Clothing,34,Florida,M,Teal,Fall,3.9,No,Express,No,49,PayPal,Monthly,Adult,30,1700,0,49,Gold,0.17500000000000004,0.56,0.9795918367346937,0,47.59,Average,3,Loyal Customers
3220,57,Female,Coat,Outerwear,40,Kansas,L,White,Summer,3.5,No,2-Day Shipping,No,39,Credit Card,Weekly,Middle-aged,7,1600,0,39,Gold,0.25,0.40000000000000013,0.7755102040816325,0,41.27,Average,3,Loyal Customers
3221,38,Female,Handbag,Accessories,29,North Dakota,M,Blue,Fall,4.1,No,Free Shipping,No,16,Cash,Monthly,Adult,30,493,0,16,Bronze,0.11250000000000004,0.6399999999999999,0.3061224489795918,0,26.48,At Risk,0,At-Risk Customers
3222,21,Female,T-shirt,Clothing,76,New Hampshire,M,Yellow,Winter,3.2,No,Standard,No,28,Cash,Annually,Young Adult,365,2204,0,28,Gold,0.7000000000000001,0.28000000000000025,0.5510204081632653,0,50.13,Average,1,High-Spending Customers
3223,45,Female,Sunglasses,Accessories,84,Texas,S,Maroon,Fall,4.6,No,Store Pickup,No,22,PayPal,Quarterly,Middle-aged,90,1932,0,22,Gold,0.8,0.8399999999999999,0.4285714285714285,0,61.66,Healthy,1,High-Spending Customers
3224,68,Female,Shirt,Clothing,65,Montana,S,Gray,Spring,3.9,No,Standard,No,36,Venmo,Bi-Weekly,Senior,14,2405,0,36,Premium,0.5625,0.56,0.7142857142857142,0,55.13,Average,2,Premium Customers
3225,37,Female,Hoodie,Clothing,80,Delaware,L,Indigo,Winter,2.7,No,Free Shipping,No,18,PayPal,Monthly,Adult,30,1520,0,18,Gold,0.75,0.08000000000000007,0.346938775510204,0,42.01,Average,1,High-Spending Customers
3226,53,Female,Blouse,Clothing,98,New Hampshire,M,Pink,Fall,3.0,No,Store Pickup,No,31,Credit Card,Weekly,Middle-aged,7,3136,0,31,Premium,0.9750000000000001,0.20000000000000018,0.6122448979591836,0,61.37,Healthy,2,Premium Customers
3227,57,Female,Sneakers,Footwear,71,Minnesota,XL,Beige,Spring,3.3,No,Next Day Air,No,38,Bank Transfer,Fortnightly,Middle-aged,14,2769,0,38,Premium,0.6375000000000001,0.32000000000000006,0.7551020408163265,0,54.55,Average,2,Premium Customers
3228,28,Female,Scarf,Accessories,69,Alaska,XL,White,Fall,2.7,No,Free Shipping,No,42,Debit Card,Quarterly,Young Adult,90,2967,0,42,Premium,0.6125,0.08000000000000007,0.836734693877551,0,51.2,Average,2,Premium Customers
3229,37,Female,Jewelry,Accessories,95,Connecticut,M,Yellow,Spring,4.6,No,2-Day Shipping,No,27,PayPal,Annually,Adult,365,2660,0,27,Premium,0.9375,0.8399999999999999,0.5306122448979591,0,70.22,Healthy,2,Premium Customers
3230,54,Female,Pants,Clothing,67,Connecticut,M,Teal,Fall,2.7,No,Express,No,24,Cash,Monthly,Middle-aged,30,1675,0,24,Gold,0.5875,0.08000000000000007,0.4693877551020408,0,39.18,At Risk,3,Loyal Customers
3231,49,Female,Sneakers,Footwear,49,Kansas,M,Olive,Summer,2.5,No,Next Day Air,No,38,Debit Card,Annually,Middle-aged,365,1911,0,38,Gold,0.36250000000000004,0.0,0.7551020408163265,0,37.15,At Risk,3,Loyal Customers
3232,62,Female,Shoes,Footwear,97,Nevada,M,Maroon,Winter,4.4,No,Free Shipping,No,9,Credit Card,Annually,Senior,365,970,0,9,Silver,0.9625000000000001,0.7600000000000002,0.16326530612244897,0,58.6,Average,1,High-Spending Customers
3233,45,Female,T-shirt,Clothing,34,Massachusetts,M,White,Spring,4.0,No,Next Day Air,No,19,Bank Transfer,Monthly,Middle-aged,30,680,0,19,Silver,0.17500000000000004,0.6000000000000001,0.36734693877551017,0,30.02,At Risk,0,At-Risk Customers
3234,45,Female,Belt,Accessories,74,Indiana,M,Lavender,Fall,3.8,No,Express,No,11,Debit Card,Bi-Weekly,Middle-aged,14,888,0,11,Silver,0.675,0.52,0.2040816326530612,0,43.52,Average,1,High-Spending Customers
3235,49,Female,Jewelry,Accessories,96,Washington,M,Black,Winter,2.5,No,2-Day Shipping,No,16,Debit Card,Quarterly,Middle-aged,90,1632,0,16,Gold,0.9500000000000002,0.0,0.3061224489795918,0,47.18,Average,1,High-Spending Customers
3236,27,Female,Belt,Accessories,68,Kansas,M,Green,Summer,4.0,No,Free Shipping,No,18,Venmo,Monthly,Young Adult,30,1292,0,18,Silver,0.6000000000000001,0.6000000000000001,0.346938775510204,0,46.41,Average,1,High-Spending Customers
3237,63,Female,Belt,Accessories,84,South Carolina,L,Olive,Fall,4.1,No,Next Day Air,No,8,Cash,Monthly,Senior,30,756,0,8,Silver,0.8,0.6399999999999999,0.14285714285714285,0,49.09,Average,1,High-Spending Customers
3238,61,Female,T-shirt,Clothing,57,Vermont,M,Gray,Summer,2.8,No,Express,No,4,Cash,Weekly,Senior,7,285,0,4,Bronze,0.4625,0.11999999999999988,0.061224489795918366,0,22.74,At Risk,0,At-Risk Customers
3239,25,Female,Sneakers,Footwear,84,Wyoming,XL,Teal,Fall,3.4,No,2-Day Shipping,No,37,Cash,Quarterly,Young Adult,90,3192,0,37,Premium,0.8,0.3600000000000001,0.7346938775510203,0,61.24,Healthy,2,Premium Customers
3240,33,Female,Sunglasses,Accessories,32,Colorado,M,Charcoal,Fall,2.7,No,2-Day Shipping,No,30,Cash,Monthly,Adult,30,992,0,30,Silver,0.15000000000000002,0.08000000000000007,0.5918367346938774,0,25.36,At Risk,0,At-Risk Customers
3241,56,Female,Sandals,Footwear,37,West Virginia,M,Violet,Fall,3.8,No,2-Day Shipping,No,37,Bank Transfer,Monthly,Middle-aged,30,1406,0,37,Gold,0.21250000000000002,0.52,0.7346938775510203,0,40.94,Average,3,Loyal Customers
3242,50,Female,Handbag,Accessories,58,Connecticut,M,Lavender,Summer,4.4,No,Store Pickup,No,30,PayPal,Quarterly,Middle-aged,90,1798,0,30,Gold,0.4750000000000001,0.7600000000000002,0.5918367346938774,0,51.96,Average,3,Loyal Customers
3243,45,Female,Socks,Clothing,74,Oregon,S,Beige,Fall,2.8,No,Express,No,17,Venmo,Weekly,Middle-aged,7,1332,0,17,Gold,0.675,0.11999999999999988,0.32653061224489793,0,39.2,At Risk,1,High-Spending Customers
3244,45,Female,Hoodie,Clothing,99,Idaho,L,Black,Summer,5.0,No,Store Pickup,No,11,Bank Transfer,Every 3 Months,Middle-aged,90,1188,0,11,Silver,0.9875,1.0,0.2040816326530612,0,65.62,Healthy,1,High-Spending Customers
3245,65,Female,Sweater,Clothing,81,Arkansas,M,Black,Fall,4.7,No,Express,No,42,Credit Card,Annually,Senior,365,3483,0,42,Premium,0.7625,0.8800000000000001,0.836734693877551,0,73.2,Healthy,2,Premium Customers
3246,63,Female,Pants,Clothing,76,Kansas,M,Purple,Fall,3.2,No,Next Day Air,No,20,Cash,Weekly,Senior,7,1596,0,20,Gold,0.7000000000000001,0.28000000000000025,0.38775510204081626,0,45.23,Average,1,High-Spending Customers
3247,70,Female,Sneakers,Footwear,98,Michigan,M,Magenta,Summer,2.9,No,Store Pickup,No,37,Cash,Monthly,Senior,30,3724,0,37,Premium,0.9750000000000001,0.15999999999999992,0.7346938775510203,0,64.24,Healthy,2,Premium Customers
3248,53,Female,Gloves,Accessories,91,Arkansas,M,Teal,Summer,3.7,No,Express,No,12,PayPal,Fortnightly,Middle-aged,14,1183,0,12,Silver,0.8875,0.4800000000000002,0.22448979591836735,0,51.83,Average,1,High-Spending Customers
3249,22,Female,T-shirt,Clothing,79,Pennsylvania,S,Teal,Summer,4.2,No,Free Shipping,No,41,Bank Transfer,Quarterly,Young Adult,90,3318,0,41,Premium,0.7375,0.6800000000000002,0.8163265306122448,0,67.59,Healthy,2,Premium Customers
3250,26,Female,Backpack,Accessories,83,Virginia,M,Pink,Summer,3.4,No,Express,No,32,Credit Card,Quarterly,Young Adult,90,2739,0,32,Premium,0.7875000000000001,0.3600000000000001,0.6326530612244897,0,57.68,Average,2,Premium Customers
3251,23,Female,Coat,Outerwear,90,Minnesota,M,Teal,Spring,2.9,No,2-Day Shipping,No,15,Venmo,Weekly,Young Adult,7,1440,0,15,Gold,0.875,0.15999999999999992,0.28571428571428564,0,46.77,Average,1,High-Spending Customers
3252,25,Female,Coat,Outerwear,20,Nevada,M,Gold,Winter,3.7,No,Standard,No,39,Venmo,Quarterly,Young Adult,90,800,0,39,Silver,0.0,0.4800000000000002,0.7755102040816325,0,32.87,At Risk,3,Loyal Customers
3253,69,Female,Sandals,Footwear,21,Montana,L,Brown,Spring,2.7,No,Store Pickup,No,48,Credit Card,Fortnightly,Senior,14,1029,0,48,Silver,0.012500000000000011,0.08000000000000007,0.9591836734693877,0,30.88,At Risk,3,Loyal Customers
3254,36,Female,Backpack,Accessories,60,Nebraska,M,Brown,Fall,3.2,No,2-Day Shipping,No,8,Venmo,Fortnightly,Adult,14,540,0,8,Bronze,0.5,0.28000000000000025,0.14285714285714285,0,29.89,At Risk,0,At-Risk Customers
3255,21,Female,Sweater,Clothing,31,Indiana,S,Magenta,Winter,4.9,No,Store Pickup,No,11,Bank Transfer,Every 3 Months,Young Adult,90,372,0,11,Bronze,0.1375,0.9600000000000002,0.2040816326530612,0,30.82,At Risk,0,At-Risk Customers
3256,57,Female,Shorts,Clothing,40,New Jersey,M,Black,Fall,2.8,No,Next Day Air,No,36,Bank Transfer,Monthly,Middle-aged,30,1480,0,36,Gold,0.25,0.11999999999999988,0.7142857142857142,0,33.83,At Risk,3,Loyal Customers
3257,60,Female,Sunglasses,Accessories,26,Wisconsin,L,Teal,Winter,4.7,No,Free Shipping,No,50,Venmo,Every 3 Months,Senior,90,1326,0,50,Silver,0.07500000000000001,0.8800000000000001,1.0,0,50.6,Average,3,Loyal Customers
3258,44,Female,Shirt,Clothing,98,Minnesota,M,Brown,Fall,3.3,No,Express,No,39,Venmo,Every 3 Months,Adult,90,3920,0,39,Premium,0.9750000000000001,0.32000000000000006,0.7755102040816325,0,68.67,Healthy,2,Premium Customers
3259,31,Female,Shoes,Footwear,51,New Jersey,M,Magenta,Spring,4.3,No,Express,No,11,Credit Card,Bi-Weekly,Young Adult,14,612,0,11,Bronze,0.38750000000000007,0.72,0.2040816326530612,0,36.02,At Risk,0,At-Risk Customers
3260,57,Female,Hat,Accessories,95,Oklahoma,XL,Indigo,Fall,3.7,No,2-Day Shipping,No,5,Debit Card,Every 3 Months,Middle-aged,90,570,0,5,Bronze,0.9375,0.4800000000000002,0.08163265306122448,0,49.55,Average,1,High-Spending Customers
3261,39,Female,Scarf,Accessories,36,Wisconsin,M,Violet,Summer,4.5,No,2-Day Shipping,No,7,Credit Card,Annually,Adult,365,288,0,7,Bronze,0.2,0.8,0.12244897959183673,0,27.67,At Risk,0,At-Risk Customers
3262,48,Female,Belt,Accessories,52,Rhode Island,L,Cyan,Winter,3.4,No,Store Pickup,No,50,Debit Card,Weekly,Middle-aged,7,2652,0,50,Premium,0.4,0.3600000000000001,1.0,0,53.2,Average,3,Loyal Customers
3263,42,Female,T-shirt,Clothing,35,Indiana,M,Violet,Spring,2.7,No,Standard,No,21,Cash,Every 3 Months,Adult,90,770,0,21,Silver,0.1875,0.08000000000000007,0.4081632653061224,0,21.34,At Risk,0,At-Risk Customers
3264,56,Female,Shorts,Clothing,68,Vermont,S,Black,Fall,4.4,No,Express,No,31,Debit Card,Fortnightly,Middle-aged,14,2176,0,31,Gold,0.6000000000000001,0.7600000000000002,0.6122448979591836,0,57.57,Average,2,Premium Customers
3265,28,Female,Pants,Clothing,50,Maine,S,Charcoal,Winter,4.0,No,Express,No,39,Cash,Bi-Weekly,Young Adult,14,2000,0,39,Gold,0.375,0.6000000000000001,0.7755102040816325,0,50.27,Average,3,Loyal Customers
3266,40,Female,Sunglasses,Accessories,100,Alabama,M,White,Winter,3.2,No,Express,No,28,Credit Card,Fortnightly,Adult,14,2900,0,28,Premium,1.0,0.28000000000000025,0.5510204081632653,0,62.13,Healthy,2,Premium Customers
3267,49,Female,Coat,Outerwear,74,Alabama,S,Gray,Winter,4.2,No,Next Day Air,No,33,Bank Transfer,Weekly,Middle-aged,7,2516,0,33,Premium,0.675,0.6800000000000002,0.6530612244897959,0,60.19,Healthy,2,Premium Customers
3268,37,Female,Hoodie,Clothing,45,Idaho,L,Pink,Winter,3.0,No,Store Pickup,No,42,Credit Card,Quarterly,Adult,90,1935,0,42,Gold,0.3125,0.20000000000000018,0.836734693877551,0,41.6,Average,3,Loyal Customers
3269,22,Female,Dress,Clothing,97,Arkansas,M,Cyan,Fall,2.8,No,Free Shipping,No,5,Bank Transfer,Every 3 Months,Young Adult,90,582,0,5,Bronze,0.9625000000000001,0.11999999999999988,0.08163265306122448,0,43.35,Average,1,High-Spending Customers
3270,27,Female,Blouse,Clothing,60,Ohio,M,Blue,Winter,4.9,No,Express,No,25,Cash,Monthly,Young Adult,30,1560,0,25,Gold,0.5,0.9600000000000002,0.4897959183673469,0,53.89,Average,1,High-Spending Customers
3271,59,Female,Socks,Clothing,25,Illinois,M,Indigo,Winter,4.7,No,Express,No,48,PayPal,Annually,Senior,365,1225,0,48,Silver,0.0625,0.8800000000000001,0.9591836734693877,0,48.88,Average,3,Loyal Customers
3272,35,Female,Socks,Clothing,55,Nevada,XL,Magenta,Spring,4.4,No,Standard,No,30,Credit Card,Weekly,Adult,7,1705,0,30,Gold,0.4375,0.7600000000000002,0.5918367346938774,0,50.46,Average,3,Loyal Customers
3273,58,Female,Shoes,Footwear,99,Texas,M,Lavender,Winter,3.1,No,Next Day Air,No,34,PayPal,Quarterly,Senior,90,3465,0,34,Premium,0.9875,0.2400000000000002,0.673469387755102,0,64.5,Healthy,2,Premium Customers
3274,58,Female,Belt,Accessories,45,Nevada,S,Orange,Summer,2.6,No,Free Shipping,No,34,PayPal,Every 3 Months,Senior,90,1575,0,34,Gold,0.3125,0.040000000000000036,0.673469387755102,0,33.5,At Risk,3,Loyal Customers
3275,46,Female,Sweater,Clothing,20,Oklahoma,M,Cyan,Spring,3.9,No,Store Pickup,No,14,Cash,Fortnightly,Middle-aged,14,300,0,14,Bronze,0.0,0.56,0.26530612244897955,0,19.16,At Risk,0,At-Risk Customers
3276,43,Female,Pants,Clothing,88,Alabama,XL,Green,Summer,2.6,No,2-Day Shipping,No,2,Debit Card,Weekly,Adult,7,264,0,2,Bronze,0.8500000000000001,0.040000000000000036,0.02040816326530612,0,35.41,At Risk,1,High-Spending Customers
3277,39,Female,Scarf,Accessories,99,South Dakota,M,White,Summer,4.0,No,Store Pickup,No,41,PayPal,Every 3 Months,Adult,90,4158,0,41,Premium,0.9875,0.6000000000000001,0.8163265306122448,0,75.99,Healthy,2,Premium Customers
3278,59,Female,Skirt,Clothing,86,Texas,M,Blue,Spring,4.9,No,Store Pickup,No,3,Credit Card,Monthly,Senior,30,344,0,3,Bronze,0.825,0.9600000000000002,0.04081632653061225,0,53.42,Average,1,High-Spending Customers
3279,59,Female,Dress,Clothing,70,Montana,M,Black,Summer,3.3,No,2-Day Shipping,No,18,Bank Transfer,Weekly,Senior,7,1330,0,18,Silver,0.625,0.32000000000000006,0.346938775510204,0,41.81,Average,1,High-Spending Customers
3280,59,Female,Hat,Accessories,50,Wyoming,S,Red,Fall,3.0,No,Express,No,1,Debit Card,Fortnightly,Senior,14,100,0,1,Bronze,0.375,0.20000000000000018,0.0,0,19.0,At Risk,0,At-Risk Customers
3281,45,Female,Handbag,Accessories,57,New York,L,Red,Winter,2.7,No,Next Day Air,No,5,PayPal,Monthly,Middle-aged,30,342,0,5,Bronze,0.4625,0.08000000000000007,0.08163265306122448,0,22.55,At Risk,0,At-Risk Customers
3282,27,Female,Pants,Clothing,69,Oregon,L,Gold,Winter,3.1,No,Free Shipping,No,41,Bank Transfer,Annually,Young Adult,365,2898,0,41,Premium,0.6125,0.2400000000000002,0.8163265306122448,0,53.79,Average,2,Premium Customers
3283,24,Female,T-shirt,Clothing,94,California,M,Red,Fall,4.8,No,Next Day Air,No,5,Credit Card,Monthly,Young Adult,30,564,0,5,Bronze,0.925,0.9199999999999999,0.08163265306122448,0,57.85,Average,1,High-Spending Customers
3284,47,Female,Jacket,Outerwear,24,North Carolina,L,Purple,Spring,2.9,No,Express,No,10,Debit Card,Every 3 Months,Middle-aged,90,264,0,10,Bronze,0.050000000000000044,0.15999999999999992,0.18367346938775508,0,10.71,At Risk,0,At-Risk Customers
3285,70,Female,Scarf,Accessories,79,Kentucky,L,White,Spring,4.5,No,2-Day Shipping,No,20,Venmo,Annually,Senior,365,1659,0,20,Gold,0.7375,0.8,0.38775510204081626,0,57.13,Average,1,High-Spending Customers
3286,58,Female,Hat,Accessories,31,Hawaii,XL,Magenta,Fall,4.6,No,Free Shipping,No,11,Cash,Weekly,Senior,7,372,0,11,Bronze,0.1375,0.8399999999999999,0.2040816326530612,0,28.42,At Risk,0,At-Risk Customers
3287,45,Female,Jacket,Outerwear,67,Illinois,L,Pink,Winter,5.0,No,Express,No,4,Venmo,Fortnightly,Middle-aged,14,335,0,4,Bronze,0.5875,1.0,0.061224489795918366,0,45.34,Average,1,High-Spending Customers
3288,24,Female,Skirt,Clothing,63,West Virginia,L,Black,Spring,4.3,No,2-Day Shipping,No,38,Credit Card,Weekly,Young Adult,7,2457,0,38,Premium,0.5375000000000001,0.72,0.7551020408163265,0,58.55,Average,2,Premium Customers
3289,67,Female,Handbag,Accessories,61,South Carolina,XL,White,Spring,4.9,No,Next Day Air,No,19,Credit Card,Bi-Weekly,Senior,14,1220,0,19,Silver,0.5125000000000001,0.9600000000000002,0.36734693877551017,0,50.72,Average,1,High-Spending Customers
3290,31,Female,Backpack,Accessories,50,Montana,M,Maroon,Summer,4.0,No,2-Day Shipping,No,16,Venmo,Every 3 Months,Young Adult,90,850,0,16,Silver,0.375,0.6000000000000001,0.3061224489795918,0,36.18,At Risk,0,At-Risk Customers
3291,52,Female,Coat,Outerwear,82,North Dakota,L,Black,Spring,3.1,No,Free Shipping,No,2,PayPal,Monthly,Middle-aged,30,246,0,2,Bronze,0.7750000000000001,0.2400000000000002,0.02040816326530612,0,36.41,At Risk,1,High-Spending Customers
3292,29,Female,Belt,Accessories,51,New Mexico,L,Olive,Fall,2.6,No,2-Day Shipping,No,11,Cash,Monthly,Young Adult,30,612,0,11,Bronze,0.38750000000000007,0.040000000000000036,0.2040816326530612,0,22.42,At Risk,0,At-Risk Customers
3293,62,Female,Handbag,Accessories,23,Missouri,L,Gray,Spring,4.9,No,Standard,No,18,Bank Transfer,Fortnightly,Senior,14,437,0,18,Bronze,0.03750000000000003,0.9600000000000002,0.346938775510204,0,31.11,At Risk,0,At-Risk Customers
3294,19,Female,Coat,Outerwear,91,West Virginia,M,Gold,Spring,3.5,No,2-Day Shipping,No,47,Credit Card,Fortnightly,Young Adult,14,4368,0,47,Premium,0.8875,0.40000000000000013,0.9387755102040816,0,71.66,Healthy,2,Premium Customers
3295,62,Female,Sweater,Clothing,60,South Carolina,S,Magenta,Spring,4.5,No,Store Pickup,No,15,Bank Transfer,Bi-Weekly,Senior,14,960,0,15,Silver,0.5,0.8,0.28571428571428564,0,44.57,Average,1,High-Spending Customers
3296,70,Female,Blouse,Clothing,34,West Virginia,S,Lavender,Summer,2.8,No,Next Day Air,No,15,Cash,Weekly,Senior,7,544,0,15,Bronze,0.17500000000000004,0.11999999999999988,0.28571428571428564,0,17.97,At Risk,0,At-Risk Customers
3297,20,Female,Blouse,Clothing,23,Alaska,M,Green,Spring,4.2,No,Next Day Air,No,47,Venmo,Quarterly,Young Adult,90,1104,0,47,Silver,0.03750000000000003,0.6800000000000002,0.9387755102040816,0,43.26,Average,3,Loyal Customers
3298,67,Female,Belt,Accessories,82,West Virginia,M,Violet,Fall,4.1,No,Free Shipping,No,47,PayPal,Monthly,Senior,30,3936,0,47,Premium,0.7750000000000001,0.6399999999999999,0.9387755102040816,0,71.96,Healthy,2,Premium Customers
3299,65,Female,Jacket,Outerwear,73,New Mexico,M,Brown,Fall,3.5,No,Express,No,6,Bank Transfer,Every 3 Months,Senior,90,511,0,6,Bronze,0.6625000000000001,0.40000000000000013,0.10204081632653061,0,37.56,At Risk,1,High-Spending Customers
3300,45,Female,Shorts,Clothing,32,South Dakota,L,Teal,Spring,4.0,No,2-Day Shipping,No,18,Venmo,Monthly,Middle-aged,30,608,0,18,Bronze,0.15000000000000002,0.6000000000000001,0.346938775510204,0,28.41,At Risk,0,At-Risk Customers
3301,26,Female,Hat,Accessories,80,Oklahoma,M,Charcoal,Spring,4.0,No,Express,No,40,Bank Transfer,Bi-Weekly,Young Adult,14,3280,0,40,Premium,0.75,0.6000000000000001,0.7959183673469387,0,65.88,Healthy,2,Premium Customers
3302,36,Female,Pants,Clothing,58,Oklahoma,XL,Charcoal,Summer,2.5,No,Free Shipping,No,31,Credit Card,Fortnightly,Adult,14,1856,0,31,Gold,0.4750000000000001,0.0,0.6122448979591836,0,37.37,At Risk,3,Loyal Customers
3303,36,Female,Blouse,Clothing,82,Alabama,XL,Beige,Winter,4.2,No,Standard,No,31,Venmo,Bi-Weekly,Adult,14,2624,0,31,Premium,0.7750000000000001,0.6800000000000002,0.6122448979591836,0,62.97,Healthy,2,Premium Customers
3304,20,Female,Belt,Accessories,60,Mississippi,S,Turquoise,Summer,3.4,No,Next Day Air,No,4,Credit Card,Fortnightly,Young Adult,14,300,0,4,Bronze,0.5,0.3600000000000001,0.061224489795918366,0,29.04,At Risk,0,At-Risk Customers
3305,30,Female,Handbag,Accessories,79,Mississippi,XL,Orange,Fall,4.8,No,Next Day Air,No,36,Bank Transfer,Every 3 Months,Young Adult,90,2923,0,36,Premium,0.7375,0.9199999999999999,0.7142857142857142,0,69.33,Healthy,2,Premium Customers
3306,34,Female,Hoodie,Clothing,41,Nebraska,L,Cyan,Summer,4.9,No,Standard,No,31,PayPal,Bi-Weekly,Adult,14,1312,0,31,Silver,0.26250000000000007,0.9600000000000002,0.6122448979591836,0,48.07,Average,3,Loyal Customers
3307,63,Female,Jacket,Outerwear,39,Colorado,L,Orange,Summer,3.6,No,Store Pickup,No,6,Venmo,Fortnightly,Senior,14,273,0,6,Bronze,0.23750000000000004,0.44000000000000017,0.10204081632653061,0,21.36,At Risk,0,At-Risk Customers
3308,18,Female,Scarf,Accessories,36,Pennsylvania,S,Green,Winter,4.0,No,Store Pickup,No,1,Cash,Monthly,Young Adult,30,72,0,1,Bronze,0.2,0.6000000000000001,0.0,0,20.0,At Risk,0,At-Risk Customers
3309,55,Female,Jeans,Clothing,70,Utah,M,Pink,Fall,2.6,No,Express,No,29,Cash,Monthly,Middle-aged,30,2100,0,29,Gold,0.625,0.040000000000000036,0.5714285714285714,0,42.94,Average,3,Loyal Customers
3310,48,Female,Handbag,Accessories,47,Massachusetts,M,Blue,Summer,3.1,No,Store Pickup,No,19,PayPal,Monthly,Middle-aged,30,940,0,19,Silver,0.3375,0.2400000000000002,0.36734693877551017,0,29.32,At Risk,0,At-Risk Customers
3311,45,Female,Jacket,Outerwear,27,Iowa,M,Pink,Winter,3.6,No,Free Shipping,No,12,PayPal,Fortnightly,Middle-aged,14,351,0,12,Bronze,0.08750000000000002,0.44000000000000017,0.22448979591836735,0,19.03,At Risk,0,At-Risk Customers
3312,29,Female,Hat,Accessories,52,Florida,L,Blue,Summer,4.0,No,Express,No,18,Bank Transfer,Annually,Young Adult,365,988,0,18,Silver,0.4,0.6000000000000001,0.346938775510204,0,38.41,At Risk,0,At-Risk Customers
3313,55,Female,Sneakers,Footwear,75,Louisiana,L,Black,Summer,3.9,No,Next Day Air,No,45,Cash,Quarterly,Middle-aged,90,3450,0,45,Premium,0.6875,0.56,0.8979591836734693,0,65.64,Healthy,2,Premium Customers
3314,55,Female,Hat,Accessories,30,Kansas,XL,Black,Fall,3.9,No,Express,No,45,Credit Card,Monthly,Middle-aged,30,1380,0,45,Gold,0.125,0.56,0.8979591836734693,0,43.14,Average,3,Loyal Customers
3315,55,Female,Socks,Clothing,94,Kansas,M,Violet,Spring,3.3,No,Standard,No,8,Credit Card,Quarterly,Middle-aged,90,846,0,8,Silver,0.925,0.32000000000000006,0.14285714285714285,0,47.69,Average,1,High-Spending Customers
3316,48,Female,Scarf,Accessories,68,Kentucky,S,Gold,Summer,2.9,No,Standard,No,4,PayPal,Every 3 Months,Middle-aged,90,340,0,4,Bronze,0.6000000000000001,0.15999999999999992,0.061224489795918366,0,29.04,At Risk,0,At-Risk Customers
3317,42,Female,Socks,Clothing,45,New Mexico,M,Olive,Summer,3.1,No,Free Shipping,No,5,Debit Card,Fortnightly,Adult,14,270,0,5,Bronze,0.3125,0.2400000000000002,0.08163265306122448,0,19.75,At Risk,0,At-Risk Customers
3318,21,Female,Hat,Accessories,67,North Carolina,XL,Pink,Summer,4.7,No,Standard,No,30,Cash,Quarterly,Young Adult,90,2077,0,30,Gold,0.5875,0.8800000000000001,0.5918367346938774,0,58.86,Average,2,Premium Customers
3319,45,Female,Jacket,Outerwear,46,North Dakota,M,Olive,Summer,3.9,No,Free Shipping,No,15,PayPal,Monthly,Middle-aged,30,736,0,15,Silver,0.32500000000000007,0.56,0.28571428571428564,0,32.77,At Risk,0,At-Risk Customers
3320,23,Female,Shorts,Clothing,31,North Dakota,M,Indigo,Summer,4.3,No,Next Day Air,No,17,Credit Card,Every 3 Months,Young Adult,90,558,0,17,Bronze,0.1375,0.72,0.32653061224489793,0,29.7,At Risk,0,At-Risk Customers
3321,66,Female,Blouse,Clothing,44,Illinois,XL,Silver,Fall,4.2,No,2-Day Shipping,No,45,Cash,Every 3 Months,Senior,90,2024,0,45,Gold,0.30000000000000004,0.6800000000000002,0.8979591836734693,0,52.54,Average,3,Loyal Customers
3322,32,Female,Coat,Outerwear,100,Maine,S,Charcoal,Winter,4.3,No,Next Day Air,No,3,Venmo,Annually,Adult,365,400,0,3,Bronze,1.0,0.72,0.04081632653061225,0,55.62,Average,1,High-Spending Customers
3323,52,Female,Sweater,Clothing,92,Indiana,XL,Orange,Winter,4.6,No,Next Day Air,No,43,PayPal,Weekly,Middle-aged,7,4048,0,43,Premium,0.9000000000000001,0.8399999999999999,0.8571428571428571,0,78.51,Healthy,2,Premium Customers
3324,54,Female,Handbag,Accessories,78,North Dakota,M,Yellow,Winter,3.8,No,Free Shipping,No,4,Credit Card,Monthly,Middle-aged,30,390,0,4,Bronze,0.7250000000000001,0.52,0.061224489795918366,0,41.24,Average,1,High-Spending Customers
3325,37,Female,T-shirt,Clothing,32,Missouri,S,Red,Fall,3.3,No,Standard,No,41,Venmo,Weekly,Adult,7,1344,0,41,Gold,0.15000000000000002,0.32000000000000006,0.8163265306122448,0,36.89,At Risk,3,Loyal Customers
3326,29,Female,Sandals,Footwear,97,Alaska,M,Maroon,Fall,3.7,No,2-Day Shipping,No,16,Venmo,Monthly,Young Adult,30,1649,0,16,Gold,0.9625000000000001,0.4800000000000002,0.3061224489795918,0,57.28,Average,1,High-Spending Customers
3327,47,Female,Gloves,Accessories,95,North Dakota,M,Magenta,Summer,4.3,No,Standard,No,10,Debit Card,Annually,Middle-aged,365,1045,0,10,Silver,0.9375,0.72,0.18367346938775508,0,57.41,Average,1,High-Spending Customers
3328,47,Female,Shorts,Clothing,64,Connecticut,M,Black,Spring,4.1,No,Express,No,2,Debit Card,Quarterly,Middle-aged,90,192,0,2,Bronze,0.55,0.6399999999999999,0.02040816326530612,0,35.41,At Risk,1,High-Spending Customers
3329,42,Female,Sandals,Footwear,35,Wisconsin,M,Violet,Spring,3.2,No,Free Shipping,No,11,Cash,Bi-Weekly,Adult,14,420,0,11,Bronze,0.1875,0.28000000000000025,0.2040816326530612,0,19.22,At Risk,0,At-Risk Customers
3330,34,Female,Backpack,Accessories,54,New Jersey,M,Gray,Winter,3.8,No,Express,No,1,Debit Card,Bi-Weekly,Adult,14,108,0,1,Bronze,0.42500000000000004,0.52,0.0,0,27.4,At Risk,0,At-Risk Customers
3331,38,Female,Sneakers,Footwear,96,Missouri,M,Black,Spring,3.2,No,2-Day Shipping,No,41,Bank Transfer,Quarterly,Adult,90,4032,0,41,Premium,0.9500000000000002,0.28000000000000025,0.8163265306122448,0,68.09,Healthy,2,Premium Customers
3332,55,Female,Sunglasses,Accessories,58,California,M,Pink,Summer,3.5,No,Free Shipping,No,39,PayPal,Quarterly,Middle-aged,90,2320,0,39,Premium,0.4750000000000001,0.40000000000000013,0.7755102040816325,0,50.27,Average,3,Loyal Customers
3333,27,Female,T-shirt,Clothing,23,Washington,M,Silver,Summer,3.1,No,2-Day Shipping,No,1,PayPal,Bi-Weekly,Young Adult,14,46,0,1,Bronze,0.03750000000000003,0.2400000000000002,0.0,0,6.3,At Risk,0,At-Risk Customers
3334,55,Female,Jeans,Clothing,35,Minnesota,M,Violet,Spring,4.2,No,Express,No,3,PayPal,Monthly,Middle-aged,30,140,0,3,Bronze,0.1875,0.6800000000000002,0.04081632653061225,0,22.32,At Risk,0,At-Risk Customers
3335,66,Female,Shirt,Clothing,23,California,M,Beige,Summer,3.4,No,Free Shipping,No,21,Credit Card,Annually,Senior,365,506,0,21,Bronze,0.03750000000000003,0.3600000000000001,0.4081632653061224,0,20.94,At Risk,0,At-Risk Customers
3336,44,Female,Hat,Accessories,94,Texas,XL,Cyan,Winter,3.5,No,Express,No,48,Bank Transfer,Quarterly,Adult,90,4606,0,48,Premium,0.925,0.40000000000000013,0.9591836734693877,0,73.78,Healthy,2,Premium Customers
3337,39,Female,Blouse,Clothing,45,Montana,M,Brown,Fall,4.0,No,Free Shipping,No,24,Debit Card,Annually,Adult,365,1125,0,24,Silver,0.3125,0.6000000000000001,0.4693877551020408,0,38.58,At Risk,3,Loyal Customers
3338,23,Female,Jacket,Outerwear,23,Arizona,L,Blue,Winter,4.4,No,2-Day Shipping,No,45,Bank Transfer,Bi-Weekly,Young Adult,14,1058,0,45,Silver,0.03750000000000003,0.7600000000000002,0.8979591836734693,0,43.64,Average,3,Loyal Customers
3339,29,Female,Skirt,Clothing,94,Minnesota,L,White,Winter,2.9,No,2-Day Shipping,No,46,Credit Card,Monthly,Young Adult,30,4418,0,46,Premium,0.925,0.15999999999999992,0.9183673469387754,0,67.75,Healthy,2,Premium Customers
3340,20,Female,Gloves,Accessories,99,Nebraska,M,Cyan,Fall,3.6,No,Store Pickup,No,35,Cash,Fortnightly,Young Adult,14,3564,0,35,Premium,0.9875,0.44000000000000017,0.693877551020408,0,69.12,Healthy,2,Premium Customers
3341,42,Female,T-shirt,Clothing,36,Virginia,XL,Maroon,Fall,4.4,No,Free Shipping,No,47,Credit Card,Fortnightly,Adult,14,1728,0,47,Gold,0.2,0.7600000000000002,0.9387755102040816,0,51.36,Average,3,Loyal Customers
3342,55,Female,Jacket,Outerwear,50,Connecticut,XL,Olive,Summer,4.5,No,Standard,No,35,Credit Card,Monthly,Middle-aged,30,1800,0,35,Gold,0.375,0.8,0.693877551020408,0,51.82,Average,3,Loyal Customers
3343,66,Female,Jacket,Outerwear,81,New Jersey,M,Violet,Spring,3.8,No,Free Shipping,No,45,Credit Card,Weekly,Senior,7,3726,0,45,Premium,0.7625,0.52,0.8979591836734693,0,67.84,Healthy,2,Premium Customers
3344,24,Female,Shorts,Clothing,31,Kentucky,XL,Green,Winter,3.6,No,2-Day Shipping,No,6,Cash,Bi-Weekly,Young Adult,14,217,0,6,Bronze,0.1375,0.44000000000000017,0.10204081632653061,0,17.36,At Risk,0,At-Risk Customers
3345,62,Female,Hat,Accessories,48,Washington,XL,Magenta,Fall,4.3,No,Free Shipping,No,20,Cash,Annually,Senior,365,1008,0,20,Silver,0.3500000000000001,0.72,0.38775510204081626,0,40.03,Average,0,At-Risk Customers
3346,28,Female,Handbag,Accessories,91,Florida,M,Turquoise,Summer,4.0,No,2-Day Shipping,No,3,Venmo,Bi-Weekly,Young Adult,14,364,0,3,Bronze,0.8875,0.6000000000000001,0.04081632653061225,0,48.72,Average,1,High-Spending Customers
3347,30,Female,Jeans,Clothing,99,Oklahoma,M,Black,Summer,3.4,No,Express,No,30,Venmo,Quarterly,Young Adult,90,3069,0,30,Premium,0.9875,0.3600000000000001,0.5918367346938774,0,64.46,Healthy,2,Premium Customers
3348,22,Female,Shoes,Footwear,70,Iowa,XL,Cyan,Summer,4.4,No,Standard,No,28,PayPal,Bi-Weekly,Young Adult,14,2030,0,28,Gold,0.625,0.7600000000000002,0.5510204081632653,0,56.73,Average,1,High-Spending Customers
3349,28,Female,T-shirt,Clothing,74,New Hampshire,L,Gray,Winter,2.8,No,Standard,No,15,Cash,Every 3 Months,Young Adult,90,1184,0,15,Silver,0.675,0.11999999999999988,0.28571428571428564,0,37.97,At Risk,1,High-Spending Customers
3350,35,Female,Jewelry,Accessories,79,Georgia,M,Red,Fall,2.8,No,Store Pickup,No,29,PayPal,Quarterly,Adult,90,2370,0,29,Premium,0.7375,0.11999999999999988,0.5714285714285714,0,49.04,Average,2,Premium Customers
3351,45,Female,Handbag,Accessories,33,Mississippi,S,Olive,Fall,4.9,No,2-Day Shipping,No,15,Cash,Bi-Weekly,Middle-aged,14,528,0,15,Bronze,0.16250000000000003,0.9600000000000002,0.28571428571428564,0,34.27,At Risk,0,At-Risk Customers
3352,43,Female,Shirt,Clothing,49,New Hampshire,L,Cyan,Spring,4.2,No,2-Day Shipping,No,18,Bank Transfer,Fortnightly,Adult,14,931,0,18,Silver,0.36250000000000004,0.6800000000000002,0.346938775510204,0,38.51,At Risk,0,At-Risk Customers
3353,55,Female,Belt,Accessories,96,Washington,M,Teal,Summer,2.9,No,Next Day Air,No,7,Bank Transfer,Bi-Weekly,Middle-aged,14,768,0,7,Silver,0.9500000000000002,0.15999999999999992,0.12244897959183673,0,44.87,Average,1,High-Spending Customers
3354,31,Female,Dress,Clothing,66,Ohio,L,Teal,Fall,4.6,No,Free Shipping,No,19,Credit Card,Every 3 Months,Young Adult,90,1320,0,19,Silver,0.5750000000000001,0.8399999999999999,0.36734693877551017,0,50.82,Average,1,High-Spending Customers
3355,42,Female,Skirt,Clothing,45,Maryland,M,Orange,Fall,2.8,No,Next Day Air,No,15,PayPal,Weekly,Adult,7,720,0,15,Silver,0.3125,0.11999999999999988,0.28571428571428564,0,23.47,At Risk,0,At-Risk Customers
3356,40,Female,Blouse,Clothing,28,Delaware,M,Peach,Spring,2.6,No,Store Pickup,No,3,Bank Transfer,Bi-Weekly,Adult,14,112,0,3,Bronze,0.10000000000000003,0.040000000000000036,0.04081632653061225,0,6.02,At Risk,0,At-Risk Customers
3357,39,Female,Jeans,Clothing,48,Tennessee,M,Silver,Summer,3.5,No,Store Pickup,No,13,PayPal,Bi-Weekly,Adult,14,672,0,13,Silver,0.3500000000000001,0.40000000000000013,0.24489795918367344,0,29.35,At Risk,0,At-Risk Customers
3358,41,Female,Hoodie,Clothing,67,Arkansas,M,Pink,Winter,3.5,No,Free Shipping,No,37,Credit Card,Monthly,Adult,30,2546,0,37,Premium,0.5875,0.40000000000000013,0.7346938775510203,0,53.54,Average,2,Premium Customers
3359,56,Female,T-shirt,Clothing,59,Tennessee,M,Magenta,Fall,3.4,No,2-Day Shipping,No,26,Cash,Annually,Middle-aged,365,1593,0,26,Gold,0.48750000000000004,0.3600000000000001,0.510204081632653,0,42.01,Average,3,Loyal Customers
3360,43,Female,Sunglasses,Accessories,74,New Hampshire,L,Red,Fall,3.9,No,Next Day Air,No,29,Debit Card,Monthly,Adult,30,2220,0,29,Gold,0.675,0.56,0.5714285714285714,0,55.34,Average,2,Premium Customers
3361,22,Female,Jacket,Outerwear,81,Minnesota,M,Maroon,Spring,3.3,No,2-Day Shipping,No,47,Cash,Every 3 Months,Young Adult,90,3888,0,47,Premium,0.7625,0.32000000000000006,0.9387755102040816,0,65.06,Healthy,2,Premium Customers
3362,47,Female,Shoes,Footwear,26,Florida,M,Silver,Spring,4.1,No,Free Shipping,No,47,Credit Card,Bi-Weekly,Middle-aged,14,1248,0,47,Silver,0.07500000000000001,0.6399999999999999,0.9387755102040816,0,43.96,Average,3,Loyal Customers
3363,50,Female,Handbag,Accessories,61,Tennessee,M,Gray,Summer,3.0,No,Next Day Air,No,48,Venmo,Fortnightly,Middle-aged,14,2989,0,48,Premium,0.5125000000000001,0.20000000000000018,0.9591836734693877,0,53.28,Average,2,Premium Customers
3364,58,Female,Sweater,Clothing,23,California,M,Turquoise,Winter,3.0,No,Next Day Air,No,46,Bank Transfer,Bi-Weekly,Senior,14,1081,0,46,Silver,0.03750000000000003,0.20000000000000018,0.9183673469387754,0,33.05,At Risk,3,Loyal Customers
3365,50,Female,Scarf,Accessories,33,Oregon,M,Peach,Fall,3.2,No,Standard,No,7,Credit Card,Monthly,Middle-aged,30,264,0,7,Bronze,0.16250000000000003,0.28000000000000025,0.12244897959183673,0,15.77,At Risk,0,At-Risk Customers
3366,43,Female,Skirt,Clothing,58,Tennessee,L,Teal,Fall,3.9,No,Express,No,45,Credit Card,Every 3 Months,Adult,90,2668,0,45,Premium,0.4750000000000001,0.56,0.8979591836734693,0,57.14,Average,2,Premium Customers
3367,38,Female,Gloves,Accessories,65,North Carolina,M,Red,Spring,3.6,No,2-Day Shipping,No,47,Debit Card,Quarterly,Adult,90,3120,0,47,Premium,0.5625,0.44000000000000017,0.9387755102040816,0,59.46,Average,2,Premium Customers
3368,44,Female,T-shirt,Clothing,48,Tennessee,M,Blue,Summer,3.1,No,Store Pickup,No,6,Venmo,Fortnightly,Adult,14,336,0,6,Bronze,0.3500000000000001,0.2400000000000002,0.10204081632653061,0,21.86,At Risk,0,At-Risk Customers
3369,30,Female,Sandals,Footwear,25,Nebraska,M,Blue,Spring,4.8,No,Express,No,29,Bank Transfer,Every 3 Months,Young Adult,90,750,0,29,Silver,0.0625,0.9199999999999999,0.5714285714285714,0,38.04,At Risk,3,Loyal Customers
3370,47,Female,Sweater,Clothing,51,Maine,M,Indigo,Winter,3.8,No,2-Day Shipping,No,42,Cash,Monthly,Middle-aged,30,2193,0,42,Gold,0.38750000000000007,0.52,0.836734693877551,0,51.0,Average,3,Loyal Customers
3371,30,Female,Belt,Accessories,31,Illinois,M,Charcoal,Summer,2.8,No,Store Pickup,No,46,Cash,Fortnightly,Young Adult,14,1457,0,46,Gold,0.1375,0.11999999999999988,0.9183673469387754,0,35.45,At Risk,3,Loyal Customers
3372,49,Female,Hoodie,Clothing,99,Colorado,S,Turquoise,Winter,4.0,No,Next Day Air,No,28,PayPal,Annually,Middle-aged,365,2871,0,28,Premium,0.9875,0.6000000000000001,0.5510204081632653,0,68.03,Healthy,2,Premium Customers
3373,56,Female,Socks,Clothing,25,Pennsylvania,M,Maroon,Winter,4.6,No,Free Shipping,No,14,Credit Card,Every 3 Months,Middle-aged,90,375,0,14,Bronze,0.0625,0.8399999999999999,0.26530612244897955,0,27.26,At Risk,0,At-Risk Customers
3374,70,Female,Sandals,Footwear,52,Minnesota,M,Purple,Spring,3.5,No,Store Pickup,No,12,Debit Card,Every 3 Months,Senior,90,676,0,12,Silver,0.4,0.40000000000000013,0.22448979591836735,0,30.73,At Risk,0,At-Risk Customers
3375,22,Female,Blouse,Clothing,47,Nevada,S,Lavender,Spring,3.7,No,2-Day Shipping,No,41,Debit Card,Annually,Young Adult,365,1974,0,41,Gold,0.3375,0.4800000000000002,0.8163265306122448,0,47.59,Average,3,Loyal Customers
3376,51,Female,Boots,Footwear,98,Connecticut,XL,Yellow,Fall,4.9,No,Express,No,8,Credit Card,Annually,Middle-aged,365,882,0,8,Silver,0.9750000000000001,0.9600000000000002,0.14285714285714285,0,62.49,Healthy,1,High-Spending Customers
3377,22,Female,Hat,Accessories,46,Ohio,M,Green,Winter,4.1,No,Store Pickup,No,24,Cash,Quarterly,Young Adult,90,1150,0,24,Silver,0.32500000000000007,0.6399999999999999,0.4693877551020408,0,39.88,At Risk,3,Loyal Customers
3378,37,Female,Shirt,Clothing,32,Kentucky,M,Yellow,Winter,4.6,No,Next Day Air,No,18,PayPal,Fortnightly,Adult,14,608,0,18,Bronze,0.15000000000000002,0.8399999999999999,0.346938775510204,0,33.21,At Risk,0,At-Risk Customers
3379,49,Female,Shorts,Clothing,75,Minnesota,L,Gold,Fall,4.5,No,Next Day Air,No,6,Cash,Quarterly,Middle-aged,90,525,0,6,Bronze,0.6875,0.8,0.10204081632653061,0,46.56,Average,1,High-Spending Customers
3380,61,Female,Handbag,Accessories,51,Tennessee,L,Turquoise,Summer,5.0,No,Store Pickup,No,40,Cash,Weekly,Senior,7,2091,0,40,Gold,0.38750000000000007,1.0,0.7959183673469387,0,59.38,Average,3,Loyal Customers
3381,41,Female,Dress,Clothing,52,North Dakota,L,Blue,Summer,3.8,No,Standard,No,6,PayPal,Every 3 Months,Adult,90,364,0,6,Bronze,0.4,0.52,0.10204081632653061,0,29.46,At Risk,0,At-Risk Customers
3382,57,Female,Hat,Accessories,66,Minnesota,L,Turquoise,Winter,4.7,No,Standard,No,27,Credit Card,Quarterly,Middle-aged,90,1848,0,27,Gold,0.5750000000000001,0.8800000000000001,0.5306122448979591,0,56.52,Average,1,High-Spending Customers
3383,34,Female,Sweater,Clothing,35,Nebraska,M,Maroon,Spring,2.8,No,Express,No,2,Bank Transfer,Weekly,Adult,7,105,0,2,Bronze,0.1875,0.11999999999999988,0.02040816326530612,0,10.51,At Risk,0,At-Risk Customers
3384,27,Female,Coat,Outerwear,43,Delaware,M,Pink,Fall,2.6,No,Next Day Air,No,39,Venmo,Bi-Weekly,Young Adult,14,1720,0,39,Gold,0.2875,0.040000000000000036,0.7755102040816325,0,35.57,At Risk,3,Loyal Customers
3385,39,Female,Hoodie,Clothing,24,Minnesota,L,Maroon,Summer,3.8,No,Free Shipping,No,9,Venmo,Quarterly,Adult,90,240,0,9,Bronze,0.050000000000000044,0.52,0.16326530612244897,0,17.3,At Risk,0,At-Risk Customers
3386,62,Female,Jewelry,Accessories,83,Rhode Island,M,Olive,Winter,2.8,No,Standard,No,16,Credit Card,Every 3 Months,Senior,90,1411,0,16,Gold,0.7875000000000001,0.11999999999999988,0.3061224489795918,0,43.08,Average,1,High-Spending Customers
3387,34,Female,T-shirt,Clothing,62,Michigan,M,Lavender,Fall,2.6,No,2-Day Shipping,No,36,Cash,Quarterly,Adult,90,2294,0,36,Premium,0.525,0.040000000000000036,0.7142857142857142,0,43.23,Average,3,Loyal Customers
3388,53,Female,Pants,Clothing,78,New Jersey,S,Pink,Spring,3.4,No,2-Day Shipping,No,2,Credit Card,Bi-Weekly,Middle-aged,14,234,0,2,Bronze,0.7250000000000001,0.3600000000000001,0.02040816326530612,0,36.81,At Risk,1,High-Spending Customers
3389,35,Female,Sweater,Clothing,61,South Dakota,M,Cyan,Spring,4.5,No,Store Pickup,No,21,Credit Card,Weekly,Adult,7,1342,0,21,Gold,0.5125000000000001,0.8,0.4081632653061224,0,48.74,Average,1,High-Spending Customers
3390,38,Female,Pants,Clothing,57,North Carolina,L,Maroon,Fall,3.8,No,Free Shipping,No,39,Venmo,Annually,Adult,365,2280,0,39,Gold,0.4625,0.52,0.7755102040816325,0,52.17,Average,3,Loyal Customers
3391,32,Female,Socks,Clothing,70,Oregon,S,Red,Summer,3.0,No,Next Day Air,No,38,PayPal,Annually,Adult,365,2730,0,38,Premium,0.625,0.20000000000000018,0.7551020408163265,0,51.65,Average,2,Premium Customers
3392,47,Female,Hoodie,Clothing,57,Montana,M,Silver,Fall,3.7,No,2-Day Shipping,No,6,Debit Card,Every 3 Months,Middle-aged,90,399,0,6,Bronze,0.4625,0.4800000000000002,0.10204081632653061,0,31.16,At Risk,0,At-Risk Customers
3393,53,Female,Scarf,Accessories,74,New Jersey,XL,Blue,Winter,4.4,No,Free Shipping,No,6,Venmo,Bi-Weekly,Middle-aged,14,518,0,6,Bronze,0.675,0.7600000000000002,0.10204081632653061,0,45.26,Average,1,High-Spending Customers
3394,60,Female,Dress,Clothing,90,Arizona,M,Gold,Fall,3.1,No,Next Day Air,No,50,Debit Card,Monthly,Senior,30,4590,0,50,Premium,0.875,0.2400000000000002,1.0,0,69.8,Healthy,2,Premium Customers
3395,31,Female,Sandals,Footwear,98,Vermont,S,Yellow,Spring,4.2,No,Store Pickup,No,9,PayPal,Annually,Young Adult,365,980,0,9,Silver,0.9750000000000001,0.6800000000000002,0.16326530612244897,0,57.5,Average,1,High-Spending Customers
3396,44,Female,Dress,Clothing,43,Colorado,M,Silver,Winter,3.1,No,Free Shipping,No,15,Debit Card,Every 3 Months,Adult,90,688,0,15,Silver,0.2875,0.2400000000000002,0.28571428571428564,0,24.87,At Risk,0,At-Risk Customers
3397,29,Female,Pants,Clothing,37,Tennessee,XL,Black,Winter,5.0,No,Next Day Air,No,5,PayPal,Quarterly,Young Adult,90,222,0,5,Bronze,0.21250000000000002,1.0,0.08163265306122448,0,30.95,At Risk,0,At-Risk Customers
3398,19,Female,Blouse,Clothing,38,New Jersey,L,Yellow,Summer,2.7,No,Standard,No,13,Bank Transfer,Bi-Weekly,Young Adult,14,532,0,13,Bronze,0.22500000000000003,0.08000000000000007,0.24489795918367344,0,17.95,At Risk,0,At-Risk Customers
3399,54,Female,Jeans,Clothing,60,Montana,L,Pink,Winter,3.8,No,Standard,No,44,Cash,Fortnightly,Middle-aged,14,2700,0,44,Premium,0.5,0.52,0.8775510204081631,0,56.73,Average,2,Premium Customers
3400,40,Female,Pants,Clothing,55,Montana,XL,Yellow,Winter,3.3,No,Standard,No,36,Debit Card,Annually,Adult,365,2035,0,36,Gold,0.4375,0.32000000000000006,0.7142857142857142,0,45.33,Average,3,Loyal Customers
3401,39,Female,Sunglasses,Accessories,51,Nevada,M,Lavender,Fall,4.8,No,Free Shipping,No,18,Venmo,Fortnightly,Adult,14,969,0,18,Silver,0.38750000000000007,0.9199999999999999,0.346938775510204,0,44.31,Average,1,High-Spending Customers
3402,44,Female,Backpack,Accessories,71,Nevada,L,Peach,Winter,3.4,No,Standard,No,39,Credit Card,Weekly,Adult,7,2840,0,39,Premium,0.6375000000000001,0.3600000000000001,0.7755102040816325,0,55.97,Average,2,Premium Customers
3403,22,Female,Hoodie,Clothing,61,Louisiana,M,Black,Spring,4.4,No,2-Day Shipping,No,11,PayPal,Every 3 Months,Young Adult,90,732,0,11,Silver,0.5125000000000001,0.7600000000000002,0.2040816326530612,0,41.82,Average,1,High-Spending Customers
3404,30,Female,Boots,Footwear,65,Illinois,M,Olive,Summer,3.9,No,Standard,No,1,Cash,Bi-Weekly,Young Adult,14,130,0,1,Bronze,0.5625,0.56,0.0,0,33.7,At Risk,0,At-Risk Customers
3405,69,Female,Gloves,Accessories,34,South Carolina,L,Olive,Fall,3.9,No,2-Day Shipping,No,34,Credit Card,Annually,Senior,365,1190,0,34,Silver,0.17500000000000004,0.56,0.673469387755102,0,38.4,At Risk,3,Loyal Customers
3406,28,Female,Blouse,Clothing,87,Washington,M,White,Summer,4.2,No,Store Pickup,No,47,Bank Transfer,Bi-Weekly,Young Adult,14,4176,0,47,Premium,0.8375000000000001,0.6800000000000002,0.9387755102040816,0,75.26,Healthy,2,Premium Customers
3407,57,Female,Sweater,Clothing,79,Nebraska,M,Red,Spring,4.0,No,Store Pickup,No,24,Venmo,Quarterly,Middle-aged,90,1975,0,24,Gold,0.7375,0.6000000000000001,0.4693877551020408,0,55.58,Average,1,High-Spending Customers
3408,46,Female,Dress,Clothing,46,Alabama,S,Purple,Spring,2.6,No,Store Pickup,No,20,Cash,Quarterly,Middle-aged,90,966,0,20,Silver,0.32500000000000007,0.040000000000000036,0.38775510204081626,0,25.43,At Risk,0,At-Risk Customers
3409,48,Female,Socks,Clothing,72,Montana,L,Purple,Summer,4.4,No,Standard,No,11,Bank Transfer,Annually,Middle-aged,365,864,0,11,Silver,0.65,0.7600000000000002,0.2040816326530612,0,47.32,Average,1,High-Spending Customers
3410,24,Female,Shirt,Clothing,93,Minnesota,M,Teal,Summer,3.2,No,Next Day Air,No,3,Credit Card,Every 3 Months,Young Adult,90,372,0,3,Bronze,0.9125000000000001,0.28000000000000025,0.04081632653061225,0,43.32,Average,1,High-Spending Customers
3411,50,Female,Sandals,Footwear,76,Ohio,L,Teal,Summer,4.3,No,Free Shipping,No,38,Bank Transfer,Bi-Weekly,Middle-aged,14,2964,0,38,Premium,0.7000000000000001,0.72,0.7551020408163265,0,65.05,Healthy,2,Premium Customers
3412,29,Female,Shoes,Footwear,56,New York,L,Gray,Winter,4.9,No,2-Day Shipping,No,45,Cash,Weekly,Young Adult,7,2576,0,45,Premium,0.45000000000000007,0.9600000000000002,0.8979591836734693,0,64.14,Healthy,2,Premium Customers
3413,61,Female,Sandals,Footwear,83,Indiana,M,Magenta,Fall,3.8,No,Store Pickup,No,31,Venmo,Quarterly,Senior,90,2656,0,31,Premium,0.7875000000000001,0.52,0.6122448979591836,0,60.27,Healthy,2,Premium Customers
3414,34,Female,Gloves,Accessories,90,Delaware,XL,Black,Winter,2.5,No,Express,No,16,PayPal,Bi-Weekly,Adult,14,1530,0,16,Gold,0.875,0.0,0.3061224489795918,0,44.18,Average,1,High-Spending Customers
3415,27,Female,Boots,Footwear,94,Connecticut,M,Maroon,Spring,4.9,No,Next Day Air,No,3,Bank Transfer,Quarterly,Young Adult,90,376,0,3,Bronze,0.925,0.9600000000000002,0.04081632653061225,0,57.42,Average,1,High-Spending Customers
3416,38,Female,Blouse,Clothing,68,New York,M,Gold,Fall,3.0,No,2-Day Shipping,No,15,Bank Transfer,Annually,Adult,365,1088,0,15,Silver,0.6000000000000001,0.20000000000000018,0.28571428571428564,0,36.57,At Risk,1,High-Spending Customers
3417,25,Female,Sandals,Footwear,53,Alabama,M,Purple,Spring,3.2,No,Store Pickup,No,11,Bank Transfer,Every 3 Months,Young Adult,90,636,0,11,Bronze,0.4125000000000001,0.28000000000000025,0.2040816326530612,0,28.22,At Risk,0,At-Risk Customers
3418,54,Female,Coat,Outerwear,35,Massachusetts,M,Blue,Summer,2.9,No,2-Day Shipping,No,22,Debit Card,Fortnightly,Middle-aged,14,805,0,22,Silver,0.1875,0.15999999999999992,0.4285714285714285,0,23.56,At Risk,0,At-Risk Customers
3419,53,Female,Jacket,Outerwear,30,South Carolina,M,Beige,Summer,2.8,No,Free Shipping,No,35,Debit Card,Annually,Middle-aged,365,1080,0,35,Silver,0.125,0.11999999999999988,0.693877551020408,0,28.22,At Risk,3,Loyal Customers
3420,23,Female,Jewelry,Accessories,26,West Virginia,L,Indigo,Winter,3.1,No,Store Pickup,No,5,Venmo,Bi-Weekly,Young Adult,14,156,0,5,Bronze,0.07500000000000001,0.2400000000000002,0.08163265306122448,0,10.25,At Risk,0,At-Risk Customers
3421,19,Female,Hat,Accessories,60,Kentucky,M,Purple,Winter,3.4,No,Express,No,35,PayPal,Bi-Weekly,Young Adult,14,2160,0,35,Gold,0.5,0.3600000000000001,0.693877551020408,0,48.02,Average,3,Loyal Customers
3422,57,Female,Shoes,Footwear,30,New Jersey,M,Maroon,Summer,2.9,No,Free Shipping,No,27,PayPal,Weekly,Middle-aged,7,840,0,27,Silver,0.125,0.15999999999999992,0.5306122448979591,0,24.12,At Risk,0,At-Risk Customers
3423,19,Female,Coat,Outerwear,91,New York,L,Beige,Winter,3.2,No,Next Day Air,No,9,Venmo,Monthly,Young Adult,30,910,0,9,Silver,0.8875,0.28000000000000025,0.16326530612244897,0,46.0,Average,1,High-Spending Customers
3424,33,Female,Boots,Footwear,71,Massachusetts,M,Brown,Spring,3.8,No,Next Day Air,No,21,PayPal,Bi-Weekly,Adult,14,1562,0,21,Gold,0.6375000000000001,0.52,0.4081632653061224,0,48.14,Average,1,High-Spending Customers
3425,33,Female,Scarf,Accessories,64,Florida,L,Green,Summer,3.6,No,2-Day Shipping,No,23,Credit Card,Monthly,Adult,30,1536,0,23,Gold,0.55,0.44000000000000017,0.44897959183673464,0,44.27,Average,1,High-Spending Customers
3426,38,Female,Hat,Accessories,54,Michigan,M,Blue,Summer,4.3,No,Next Day Air,No,3,Debit Card,Bi-Weekly,Adult,14,216,0,3,Bronze,0.42500000000000004,0.72,0.04081632653061225,0,32.62,At Risk,0,At-Risk Customers
3427,47,Female,Socks,Clothing,35,Oregon,XL,Magenta,Fall,4.8,No,2-Day Shipping,No,31,Credit Card,Annually,Middle-aged,365,1120,0,31,Silver,0.1875,0.9199999999999999,0.6122448979591836,0,44.27,Average,3,Loyal Customers
3428,39,Female,T-shirt,Clothing,38,Michigan,XL,Turquoise,Winter,2.5,No,Store Pickup,No,44,Cash,Annually,Adult,365,1710,0,44,Gold,0.22500000000000003,0.0,0.8775510204081631,0,35.33,At Risk,3,Loyal Customers
3429,32,Female,Jewelry,Accessories,69,Washington,M,Gray,Fall,2.5,No,Next Day Air,No,20,Venmo,Monthly,Adult,30,1449,0,20,Gold,0.6125,0.0,0.38775510204081626,0,36.13,At Risk,1,High-Spending Customers
3430,27,Female,Skirt,Clothing,96,Alaska,S,Purple,Winter,4.6,No,Express,No,34,Debit Card,Weekly,Young Adult,7,3360,0,34,Premium,0.9500000000000002,0.8399999999999999,0.673469387755102,0,75.0,Healthy,2,Premium Customers
3431,67,Female,Socks,Clothing,73,Montana,M,Lavender,Winter,4.2,No,Next Day Air,No,17,Bank Transfer,Every 3 Months,Senior,90,1314,0,17,Silver,0.6625000000000001,0.6800000000000002,0.32653061224489793,0,49.9,Average,1,High-Spending Customers
3432,46,Female,Belt,Accessories,49,New Mexico,S,Green,Summer,4.2,No,Express,No,20,Venmo,Annually,Middle-aged,365,1029,0,20,Silver,0.36250000000000004,0.6800000000000002,0.38775510204081626,0,39.73,At Risk,0,At-Risk Customers
3433,36,Female,Boots,Footwear,44,Connecticut,M,Gray,Summer,4.8,No,2-Day Shipping,No,46,PayPal,Every 3 Months,Adult,90,2068,0,46,Gold,0.30000000000000004,0.9199999999999999,0.9183673469387754,0,57.95,Average,3,Loyal Customers
3434,62,Female,Socks,Clothing,93,Alaska,M,Yellow,Spring,4.5,No,Free Shipping,No,28,PayPal,Annually,Senior,365,2697,0,28,Premium,0.9125000000000001,0.8,0.5510204081632653,0,69.03,Healthy,2,Premium Customers
3435,31,Female,Pants,Clothing,72,Ohio,S,Orange,Summer,3.3,No,2-Day Shipping,No,6,Venmo,Fortnightly,Young Adult,14,504,0,6,Bronze,0.65,0.32000000000000006,0.10204081632653061,0,35.46,At Risk,1,High-Spending Customers
3436,68,Female,Socks,Clothing,91,Montana,M,Beige,Summer,2.7,No,2-Day Shipping,No,50,Debit Card,Bi-Weekly,Senior,14,4641,0,50,Premium,0.8875,0.08000000000000007,1.0,0,67.1,Healthy,2,Premium Customers
3437,57,Female,Belt,Accessories,83,Nebraska,L,Peach,Winter,2.8,No,2-Day Shipping,No,41,Bank Transfer,Monthly,Middle-aged,30,3486,0,41,Premium,0.7875000000000001,0.11999999999999988,0.8163265306122448,0,58.39,Average,2,Premium Customers
3438,22,Female,Jacket,Outerwear,62,Oklahoma,S,Green,Winter,3.5,No,2-Day Shipping,No,50,PayPal,Annually,Young Adult,365,3162,0,50,Premium,0.525,0.40000000000000013,1.0,0,59.0,Average,2,Premium Customers
3439,26,Female,Shirt,Clothing,71,Kentucky,M,Violet,Fall,3.0,No,Store Pickup,No,33,Credit Card,Monthly,Young Adult,30,2414,0,33,Premium,0.6375000000000001,0.20000000000000018,0.6530612244897959,0,49.09,Average,3,Loyal Customers
3440,43,Female,Gloves,Accessories,93,Idaho,M,Gray,Summer,4.5,No,Express,No,25,Venmo,Quarterly,Adult,90,2418,0,25,Premium,0.9125000000000001,0.8,0.4897959183673469,0,67.19,Healthy,2,Premium Customers
3441,45,Female,Handbag,Accessories,63,Maryland,L,Magenta,Fall,4.3,No,2-Day Shipping,No,2,PayPal,Weekly,Middle-aged,7,189,0,2,Bronze,0.5375000000000001,0.72,0.02040816326530612,0,36.51,At Risk,1,High-Spending Customers
3442,64,Female,Sweater,Clothing,96,Tennessee,XL,Charcoal,Fall,4.1,No,Standard,No,15,Credit Card,Annually,Senior,365,1536,0,15,Gold,0.9500000000000002,0.6399999999999999,0.28571428571428564,0,59.37,Average,1,High-Spending Customers
3443,28,Female,Skirt,Clothing,78,Michigan,M,Violet,Spring,4.3,No,Next Day Air,No,12,PayPal,Weekly,Young Adult,7,1014,0,12,Silver,0.7250000000000001,0.72,0.22448979591836735,0,50.13,Average,1,High-Spending Customers
3444,47,Female,Dress,Clothing,24,Tennessee,L,Silver,Summer,5.0,No,Free Shipping,No,28,Cash,Bi-Weekly,Middle-aged,14,696,0,28,Silver,0.050000000000000044,1.0,0.5510204081632653,0,38.53,At Risk,3,Loyal Customers
3445,53,Female,Pants,Clothing,63,Rhode Island,S,Green,Summer,3.8,No,2-Day Shipping,No,12,Bank Transfer,Bi-Weekly,Middle-aged,14,819,0,12,Silver,0.5375000000000001,0.52,0.22448979591836735,0,38.63,At Risk,1,High-Spending Customers
3446,42,Female,Hat,Accessories,58,Florida,M,Magenta,Fall,4.9,No,Standard,No,3,Debit Card,Annually,Adult,365,232,0,3,Bronze,0.4750000000000001,0.9600000000000002,0.04081632653061225,0,39.42,At Risk,1,High-Spending Customers
3447,51,Female,Boots,Footwear,55,Louisiana,S,Purple,Spring,5.0,No,2-Day Shipping,No,20,Cash,Weekly,Middle-aged,7,1155,0,20,Silver,0.4375,1.0,0.38775510204081626,0,49.13,Average,1,High-Spending Customers
3448,62,Female,Sandals,Footwear,58,Arkansas,M,Blue,Fall,4.3,No,Express,No,3,Bank Transfer,Bi-Weekly,Senior,14,232,0,3,Bronze,0.4750000000000001,0.72,0.04081632653061225,0,34.62,At Risk,0,At-Risk Customers
3449,18,Female,Coat,Outerwear,28,Kentucky,S,Yellow,Winter,4.1,No,Express,No,32,Bank Transfer,Fortnightly,Young Adult,14,924,0,32,Silver,0.10000000000000003,0.6399999999999999,0.6326530612244897,0,35.78,At Risk,3,Loyal Customers
3450,48,Female,Blouse,Clothing,37,Kansas,M,Brown,Spring,4.5,No,Standard,No,35,Cash,Monthly,Middle-aged,30,1332,0,35,Gold,0.21250000000000002,0.8,0.693877551020408,0,45.32,Average,3,Loyal Customers
3451,20,Female,Shorts,Clothing,78,Vermont,M,Pink,Spring,3.6,No,Store Pickup,No,31,PayPal,Monthly,Young Adult,30,2496,0,31,Premium,0.7250000000000001,0.44000000000000017,0.6122448979591836,0,56.17,Average,2,Premium Customers
3452,32,Female,Blouse,Clothing,73,Nevada,XL,Silver,Fall,3.0,No,Free Shipping,No,13,Credit Card,Annually,Adult,365,1022,0,13,Silver,0.6625000000000001,0.20000000000000018,0.24489795918367344,0,37.85,At Risk,1,High-Spending Customers
3453,26,Female,Jacket,Outerwear,20,Oklahoma,M,Indigo,Spring,3.7,No,Next Day Air,No,3,Venmo,Fortnightly,Young Adult,14,80,0,3,Bronze,0.0,0.4800000000000002,0.04081632653061225,0,10.82,At Risk,0,At-Risk Customers
3454,31,Female,Shirt,Clothing,60,Alabama,L,Pink,Winter,4.3,No,Standard,No,48,Venmo,Bi-Weekly,Young Adult,14,2940,0,48,Premium,0.5,0.72,0.9591836734693877,0,63.18,Healthy,2,Premium Customers
3455,55,Female,Handbag,Accessories,71,Louisiana,S,Lavender,Fall,4.6,No,Store Pickup,No,15,PayPal,Bi-Weekly,Middle-aged,14,1136,0,15,Silver,0.6375000000000001,0.8399999999999999,0.28571428571428564,0,50.87,Average,1,High-Spending Customers
3456,49,Female,T-shirt,Clothing,89,Ohio,M,Orange,Fall,4.7,No,Standard,No,13,Venmo,Annually,Middle-aged,365,1246,0,13,Silver,0.8625,0.8800000000000001,0.24489795918367344,0,59.45,Average,1,High-Spending Customers
3457,42,Female,Hoodie,Clothing,53,Texas,M,Red,Fall,4.6,No,Express,No,21,Venmo,Monthly,Adult,30,1166,0,21,Silver,0.4125000000000001,0.8399999999999999,0.4081632653061224,0,45.54,Average,1,High-Spending Customers
3458,64,Female,Jewelry,Accessories,87,Maryland,M,Gray,Summer,3.0,No,Express,No,29,Cash,Fortnightly,Senior,14,2610,0,29,Premium,0.8375000000000001,0.20000000000000018,0.5714285714285714,0,54.64,Average,2,Premium Customers
3459,68,Female,Jewelry,Accessories,37,West Virginia,L,Violet,Spring,3.4,No,Standard,No,24,Venmo,Quarterly,Senior,90,925,0,24,Silver,0.21250000000000002,0.3600000000000001,0.4693877551020408,0,29.78,At Risk,0,At-Risk Customers
3460,68,Female,Hoodie,Clothing,37,Ohio,L,Green,Fall,3.8,No,Express,No,21,PayPal,Annually,Senior,365,814,0,21,Silver,0.21250000000000002,0.52,0.4081632653061224,0,31.14,At Risk,0,At-Risk Customers
3461,41,Female,Scarf,Accessories,78,Indiana,M,Gold,Spring,3.1,No,Express,No,5,Bank Transfer,Bi-Weekly,Adult,14,468,0,5,Bronze,0.7250000000000001,0.2400000000000002,0.08163265306122448,0,36.25,At Risk,1,High-Spending Customers
3462,51,Female,Shoes,Footwear,23,Wyoming,S,Maroon,Spring,4.4,No,Standard,No,47,Cash,Quarterly,Middle-aged,90,1104,0,47,Silver,0.03750000000000003,0.7600000000000002,0.9387755102040816,0,44.86,Average,3,Loyal Customers
3463,44,Female,Jeans,Clothing,73,Michigan,L,Olive,Spring,4.5,No,Standard,No,34,Credit Card,Every 3 Months,Adult,90,2555,0,34,Premium,0.6625000000000001,0.8,0.673469387755102,0,62.7,Healthy,2,Premium Customers
3464,27,Female,Jewelry,Accessories,27,Maine,M,Yellow,Fall,2.8,No,2-Day Shipping,No,45,PayPal,Fortnightly,Young Adult,14,1242,0,45,Silver,0.08750000000000002,0.11999999999999988,0.8979591836734693,0,32.84,At Risk,3,Loyal Customers
3465,36,Female,Coat,Outerwear,59,Utah,S,Peach,Winter,2.7,No,Next Day Air,No,12,PayPal,Annually,Adult,365,767,0,12,Silver,0.48750000000000004,0.08000000000000007,0.22448979591836735,0,27.83,At Risk,0,At-Risk Customers
3466,19,Female,Backpack,Accessories,53,Iowa,M,Gold,Spring,3.4,No,Standard,No,31,Debit Card,Weekly,Young Adult,7,1696,0,31,Gold,0.4125000000000001,0.3600000000000001,0.6122448979591836,0,42.07,Average,3,Loyal Customers
3467,49,Female,Socks,Clothing,42,Maryland,S,Purple,Summer,4.6,No,Standard,No,43,Bank Transfer,Annually,Middle-aged,365,1848,0,43,Gold,0.275,0.8399999999999999,0.8571428571428571,0,53.51,Average,3,Loyal Customers
3468,18,Female,Scarf,Accessories,45,Texas,M,Charcoal,Fall,5.0,No,Next Day Air,No,5,Credit Card,Annually,Young Adult,365,270,0,5,Bronze,0.3125,1.0,0.08163265306122448,0,34.95,At Risk,0,At-Risk Customers
3469,36,Female,Sunglasses,Accessories,89,Ohio,S,Indigo,Winter,3.5,No,Standard,No,36,Debit Card,Quarterly,Adult,90,3293,0,36,Premium,0.8625,0.40000000000000013,0.7142857142857142,0,63.93,Healthy,2,Premium Customers
3470,36,Female,Socks,Clothing,85,North Dakota,L,Magenta,Fall,3.3,No,Store Pickup,No,12,Cash,Annually,Adult,365,1105,0,12,Silver,0.8125,0.32000000000000006,0.22448979591836735,0,45.63,Average,1,High-Spending Customers
3471,19,Female,Coat,Outerwear,69,West Virginia,S,Olive,Summer,4.5,No,Free Shipping,No,31,Cash,Bi-Weekly,Young Adult,14,2208,0,31,Gold,0.6125,0.8,0.6122448979591836,0,58.87,Average,2,Premium Customers
3472,43,Female,Sandals,Footwear,66,North Carolina,S,Blue,Spring,3.1,No,Store Pickup,No,31,Cash,Bi-Weekly,Adult,14,2112,0,31,Gold,0.5750000000000001,0.2400000000000002,0.6122448979591836,0,46.17,Average,3,Loyal Customers
3473,31,Female,Blouse,Clothing,42,Georgia,S,White,Summer,4.0,No,Free Shipping,No,15,Debit Card,Weekly,Young Adult,7,672,0,15,Silver,0.275,0.6000000000000001,0.28571428571428564,0,31.57,At Risk,0,At-Risk Customers
3474,63,Female,Dress,Clothing,40,Kansas,M,Cyan,Spring,2.5,No,Express,No,11,Cash,Weekly,Senior,7,480,0,11,Bronze,0.25,0.0,0.2040816326530612,0,16.12,At Risk,0,At-Risk Customers
3475,41,Female,Pants,Clothing,82,Maine,M,Cyan,Winter,4.4,No,Store Pickup,No,18,Venmo,Monthly,Adult,30,1558,0,18,Gold,0.7750000000000001,0.7600000000000002,0.346938775510204,0,56.61,Average,1,High-Spending Customers
3476,48,Female,Sneakers,Footwear,88,South Carolina,M,Orange,Spring,4.4,No,Express,No,9,Cash,Quarterly,Middle-aged,90,880,0,9,Silver,0.8500000000000001,0.7600000000000002,0.16326530612244897,0,54.1,Average,1,High-Spending Customers
3477,68,Female,Boots,Footwear,99,South Carolina,XL,Orange,Summer,3.2,No,Free Shipping,No,11,Cash,Weekly,Senior,7,1188,0,11,Silver,0.9875,0.28000000000000025,0.2040816326530612,0,51.22,Average,1,High-Spending Customers
3478,53,Female,Handbag,Accessories,85,Kentucky,S,Teal,Spring,3.8,No,Store Pickup,No,38,Debit Card,Bi-Weekly,Middle-aged,14,3315,0,38,Premium,0.8125,0.52,0.7551020408163265,0,65.55,Healthy,2,Premium Customers
3479,36,Female,Handbag,Accessories,57,Arizona,M,Magenta,Fall,4.6,No,Store Pickup,No,42,PayPal,Quarterly,Adult,90,2451,0,42,Premium,0.4625,0.8399999999999999,0.836734693877551,0,60.4,Healthy,2,Premium Customers
3480,46,Female,Sweater,Clothing,56,New York,S,Orange,Summer,4.9,No,Standard,No,41,Cash,Monthly,Middle-aged,30,2352,0,41,Premium,0.45000000000000007,0.9600000000000002,0.8163265306122448,0,61.69,Healthy,2,Premium Customers
3481,21,Female,Sandals,Footwear,79,New Hampshire,L,Peach,Winter,3.5,No,Free Shipping,No,45,PayPal,Monthly,Young Adult,30,3634,0,45,Premium,0.7375,0.40000000000000013,0.8979591836734693,0,64.44,Healthy,2,Premium Customers
3482,52,Female,Socks,Clothing,67,Ohio,S,Maroon,Summer,3.4,No,Store Pickup,No,41,Debit Card,Bi-Weekly,Middle-aged,14,2814,0,41,Premium,0.5875,0.3600000000000001,0.8163265306122448,0,55.19,Average,2,Premium Customers
3483,66,Female,Gloves,Accessories,61,Hawaii,M,Gold,Winter,3.9,No,Next Day Air,No,35,Debit Card,Weekly,Senior,7,2196,0,35,Gold,0.5125000000000001,0.56,0.693877551020408,0,52.52,Average,3,Loyal Customers
3484,19,Female,Hoodie,Clothing,37,Texas,L,White,Winter,3.9,No,Express,No,21,Credit Card,Every 3 Months,Young Adult,90,814,0,21,Silver,0.21250000000000002,0.56,0.4081632653061224,0,31.94,At Risk,0,At-Risk Customers
3485,44,Female,Dress,Clothing,75,Illinois,L,Gray,Fall,4.2,No,Free Shipping,No,13,Credit Card,Bi-Weekly,Adult,14,1050,0,13,Silver,0.6875,0.6800000000000002,0.24489795918367344,0,48.45,Average,1,High-Spending Customers
3486,50,Female,Shirt,Clothing,21,Massachusetts,XL,Brown,Winter,3.4,No,Standard,No,23,Debit Card,Fortnightly,Middle-aged,14,504,0,23,Bronze,0.012500000000000011,0.3600000000000001,0.44897959183673464,0,21.17,At Risk,0,At-Risk Customers
3487,51,Female,Shorts,Clothing,89,North Carolina,L,Charcoal,Winter,4.9,No,Standard,No,6,PayPal,Weekly,Middle-aged,7,623,0,6,Bronze,0.8625,0.9600000000000002,0.10204081632653061,0,56.76,Average,1,High-Spending Customers
3488,25,Female,Sandals,Footwear,24,West Virginia,L,Beige,Fall,2.9,No,Store Pickup,No,39,Bank Transfer,Annually,Young Adult,365,960,0,39,Silver,0.050000000000000044,0.15999999999999992,0.7755102040816325,0,28.47,At Risk,3,Loyal Customers
3489,62,Female,Sweater,Clothing,27,Delaware,XL,Teal,Spring,4.9,No,Store Pickup,No,7,Cash,Quarterly,Senior,90,216,0,7,Bronze,0.08750000000000002,0.9600000000000002,0.12244897959183673,0,26.37,At Risk,0,At-Risk Customers
3490,48,Female,Dress,Clothing,26,Idaho,L,Black,Summer,4.6,No,2-Day Shipping,No,32,PayPal,Every 3 Months,Middle-aged,90,858,0,32,Silver,0.07500000000000001,0.8399999999999999,0.6326530612244897,0,38.78,At Risk,3,Loyal Customers
3491,62,Female,Boots,Footwear,82,Oregon,M,Violet,Spring,3.6,No,Store Pickup,No,43,Credit Card,Quarterly,Senior,90,3608,0,43,Premium,0.7750000000000001,0.44000000000000017,0.8571428571428571,0,65.51,Healthy,2,Premium Customers
3492,22,Female,Pants,Clothing,28,Maine,M,Orange,Winter,4.3,No,Express,No,15,Cash,Monthly,Young Adult,30,448,0,15,Bronze,0.10000000000000003,0.72,0.28571428571428564,0,26.97,At Risk,0,At-Risk Customers
3493,48,Female,Gloves,Accessories,65,South Dakota,M,Turquoise,Fall,4.6,No,Standard,No,48,Bank Transfer,Annually,Middle-aged,365,3185,0,48,Premium,0.5625,0.8399999999999999,0.9591836734693877,0,68.08,Healthy,2,Premium Customers
3494,48,Female,Pants,Clothing,82,New Mexico,XL,Black,Winter,4.7,No,Store Pickup,No,35,Credit Card,Weekly,Middle-aged,7,2952,0,35,Premium,0.7750000000000001,0.8800000000000001,0.693877551020408,0,69.42,Healthy,2,Premium Customers
3495,62,Female,Scarf,Accessories,38,Washington,M,Silver,Winter,3.5,No,Free Shipping,No,41,PayPal,Quarterly,Senior,90,1596,0,41,Gold,0.22500000000000003,0.40000000000000013,0.8163265306122448,0,41.49,Average,3,Loyal Customers
3496,24,Female,Shorts,Clothing,33,Georgia,XL,Gray,Spring,2.8,No,Free Shipping,No,14,Cash,Weekly,Young Adult,7,495,0,14,Bronze,0.16250000000000003,0.11999999999999988,0.26530612244897955,0,16.86,At Risk,0,At-Risk Customers
3497,39,Female,Shoes,Footwear,38,Idaho,M,Pink,Summer,4.0,No,Free Shipping,No,22,PayPal,Monthly,Adult,30,874,0,22,Silver,0.22500000000000003,0.6000000000000001,0.4285714285714285,0,33.86,At Risk,0,At-Risk Customers
3498,35,Female,Handbag,Accessories,48,Colorado,M,Red,Spring,4.3,No,Store Pickup,No,16,Venmo,Every 3 Months,Adult,90,816,0,16,Silver,0.3500000000000001,0.72,0.3061224489795918,0,37.58,At Risk,0,At-Risk Customers
3499,47,Female,Sandals,Footwear,35,Kentucky,M,Lavender,Summer,3.8,No,Standard,No,2,Bank Transfer,Bi-Weekly,Middle-aged,14,105,0,2,Bronze,0.1875,0.52,0.02040816326530612,0,18.51,At Risk,0,At-Risk Customers
3500,22,Female,Socks,Clothing,29,New Jersey,L,Indigo,Fall,3.0,No,Next Day Air,No,13,PayPal,Every 3 Months,Young Adult,90,406,0,13,Bronze,0.11250000000000004,0.20000000000000018,0.24489795918367344,0,15.85,At Risk,0,At-Risk Customers
3501,38,Female,Shirt,Clothing,48,Oregon,S,Silver,Fall,4.6,No,Next Day Air,No,38,Debit Card,Fortnightly,Adult,14,1872,0,38,Gold,0.3500000000000001,0.8399999999999999,0.7551020408163265,0,53.45,Average,3,Loyal Customers
3502,53,Female,Shoes,Footwear,87,Nebraska,M,Silver,Fall,4.8,No,Standard,No,43,Bank Transfer,Weekly,Middle-aged,7,3828,0,43,Premium,0.8375000000000001,0.9199999999999999,0.8571428571428571,0,77.61,Healthy,2,Premium Customers
3503,31,Female,Backpack,Accessories,62,Massachusetts,M,Green,Fall,4.7,No,Next Day Air,No,26,Bank Transfer,Quarterly,Young Adult,90,1674,0,26,Gold,0.525,0.8800000000000001,0.510204081632653,0,53.91,Average,1,High-Spending Customers
3504,31,Female,Shirt,Clothing,96,Nebraska,M,Pink,Spring,3.9,No,Free Shipping,No,39,Cash,Weekly,Young Adult,7,3840,0,39,Premium,0.9500000000000002,0.56,0.7755102040816325,0,72.47,Healthy,2,Premium Customers
3505,65,Female,Handbag,Accessories,41,Hawaii,S,Violet,Fall,4.0,No,Next Day Air,No,50,Venmo,Monthly,Senior,30,2091,0,50,Gold,0.26250000000000007,0.6000000000000001,1.0,0,52.5,Average,3,Loyal Customers
3506,48,Female,Jewelry,Accessories,42,Indiana,L,Red,Winter,3.7,No,2-Day Shipping,No,40,Bank Transfer,Every 3 Months,Middle-aged,90,1722,0,40,Gold,0.275,0.4800000000000002,0.7959183673469387,0,44.48,Average,3,Loyal Customers
3507,18,Female,Shirt,Clothing,57,Illinois,L,Olive,Winter,3.7,No,2-Day Shipping,No,12,Cash,Fortnightly,Young Adult,14,741,0,12,Silver,0.4625,0.4800000000000002,0.22448979591836735,0,34.83,At Risk,0,At-Risk Customers
3508,46,Female,Handbag,Accessories,65,Colorado,S,Purple,Spring,4.2,No,Store Pickup,No,33,Credit Card,Every 3 Months,Middle-aged,90,2210,0,33,Gold,0.5625,0.6800000000000002,0.6530612244897959,0,55.69,Average,2,Premium Customers
3509,52,Female,Pants,Clothing,54,Pennsylvania,M,Gray,Fall,4.7,No,Standard,No,49,Bank Transfer,Weekly,Middle-aged,7,2700,0,49,Premium,0.42500000000000004,0.8800000000000001,0.9795918367346937,0,63.99,Healthy,2,Premium Customers
3510,50,Female,T-shirt,Clothing,22,Ohio,L,Brown,Winter,4.3,No,Next Day Air,No,43,Venmo,Bi-Weekly,Middle-aged,14,968,0,43,Silver,0.025000000000000022,0.72,0.8571428571428571,0,41.11,Average,3,Loyal Customers
3511,49,Female,Sneakers,Footwear,96,Pennsylvania,S,Orange,Fall,4.9,No,2-Day Shipping,No,14,Venmo,Monthly,Middle-aged,30,1440,0,14,Gold,0.9500000000000002,0.9600000000000002,0.26530612244897955,0,65.16,Healthy,1,High-Spending Customers
3512,69,Female,Jewelry,Accessories,81,Mississippi,M,Blue,Summer,3.9,No,2-Day Shipping,No,21,Credit Card,Every 3 Months,Senior,90,1782,0,21,Gold,0.7625,0.56,0.4081632653061224,0,53.94,Average,1,High-Spending Customers
3513,36,Female,Shirt,Clothing,46,Kentucky,M,White,Fall,3.4,No,Free Shipping,No,31,Debit Card,Quarterly,Adult,90,1472,0,31,Gold,0.32500000000000007,0.3600000000000001,0.6122448979591836,0,38.57,At Risk,3,Loyal Customers
3514,30,Female,Blouse,Clothing,74,Alaska,XL,Charcoal,Spring,4.2,No,Store Pickup,No,29,Credit Card,Fortnightly,Young Adult,14,2220,0,29,Gold,0.675,0.6800000000000002,0.5714285714285714,0,57.74,Average,2,Premium Customers
3515,25,Female,Sneakers,Footwear,50,Georgia,XL,Gray,Winter,4.7,No,Express,No,32,Cash,Monthly,Young Adult,30,1650,0,32,Gold,0.375,0.8800000000000001,0.6326530612244897,0,51.58,Average,3,Loyal Customers
3516,19,Female,Dress,Clothing,80,South Dakota,XL,Charcoal,Winter,4.0,No,Next Day Air,No,16,Debit Card,Bi-Weekly,Young Adult,14,1360,0,16,Gold,0.75,0.6000000000000001,0.3061224489795918,0,51.18,Average,1,High-Spending Customers
3517,34,Female,Boots,Footwear,56,South Carolina,S,White,Summer,4.0,No,Free Shipping,No,38,PayPal,Bi-Weekly,Adult,14,2184,0,38,Gold,0.45000000000000007,0.6000000000000001,0.7551020408163265,0,52.65,Average,3,Loyal Customers
3518,29,Female,Skirt,Clothing,69,Tennessee,M,Orange,Winter,3.1,No,Next Day Air,No,34,Debit Card,Every 3 Months,Young Adult,90,2415,0,34,Premium,0.6125,0.2400000000000002,0.673469387755102,0,49.5,Average,3,Loyal Customers
3519,50,Female,Shirt,Clothing,97,Colorado,M,Black,Spring,4.2,No,Standard,No,30,PayPal,Quarterly,Middle-aged,90,3007,0,30,Premium,0.9625000000000001,0.6800000000000002,0.5918367346938774,0,69.86,Healthy,2,Premium Customers
3520,31,Female,Shorts,Clothing,66,Wisconsin,M,White,Winter,3.7,No,Next Day Air,No,14,Bank Transfer,Fortnightly,Young Adult,14,990,0,14,Silver,0.5750000000000001,0.4800000000000002,0.26530612244897955,0,40.56,Average,1,High-Spending Customers
3521,41,Female,Hat,Accessories,70,Georgia,S,Brown,Spring,3.1,No,Express,No,33,Bank Transfer,Monthly,Adult,30,2380,0,33,Premium,0.625,0.2400000000000002,0.6530612244897959,0,49.39,Average,3,Loyal Customers
3522,52,Female,Shoes,Footwear,50,Maryland,M,Pink,Winter,3.7,No,Store Pickup,No,35,Venmo,Weekly,Middle-aged,7,1800,0,35,Gold,0.375,0.4800000000000002,0.693877551020408,0,45.42,Average,3,Loyal Customers
3523,27,Female,Pants,Clothing,85,New Jersey,M,Yellow,Spring,3.2,No,Store Pickup,No,13,Cash,Quarterly,Young Adult,90,1190,0,13,Silver,0.8125,0.28000000000000025,0.24489795918367344,0,45.45,Average,1,High-Spending Customers
3524,49,Female,Backpack,Accessories,59,Nevada,M,Cyan,Summer,2.8,No,Standard,No,30,Cash,Fortnightly,Middle-aged,14,1829,0,30,Gold,0.48750000000000004,0.11999999999999988,0.5918367346938774,0,39.66,At Risk,3,Loyal Customers
3525,69,Female,Pants,Clothing,74,Michigan,L,Silver,Summer,2.9,No,Free Shipping,No,30,Credit Card,Monthly,Senior,30,2294,0,30,Premium,0.675,0.15999999999999992,0.5918367346938774,0,47.96,Average,3,Loyal Customers
3526,45,Female,Sunglasses,Accessories,38,Wyoming,L,Olive,Winter,3.5,No,Standard,No,47,Bank Transfer,Annually,Middle-aged,365,1824,0,47,Gold,0.22500000000000003,0.40000000000000013,0.9387755102040816,0,45.16,Average,3,Loyal Customers
3527,20,Female,Sweater,Clothing,99,Massachusetts,M,Olive,Spring,3.8,No,Express,No,1,PayPal,Every 3 Months,Young Adult,90,198,0,1,Bronze,0.9875,0.52,0.0,0,49.9,Average,1,High-Spending Customers
3528,25,Female,Blouse,Clothing,97,Washington,S,Charcoal,Spring,4.7,No,Free Shipping,No,1,Cash,Weekly,Young Adult,7,194,0,1,Bronze,0.9625000000000001,0.8800000000000001,0.0,0,56.1,Average,1,High-Spending Customers
3529,38,Female,Scarf,Accessories,67,Maine,L,Gray,Summer,4.5,No,Free Shipping,No,33,PayPal,Annually,Adult,365,2278,0,33,Gold,0.5875,0.8,0.6530612244897959,0,59.09,Average,2,Premium Customers
3530,55,Female,T-shirt,Clothing,20,Montana,S,Maroon,Winter,3.9,No,Next Day Air,No,43,Bank Transfer,Weekly,Middle-aged,7,880,0,43,Silver,0.0,0.56,0.8571428571428571,0,36.91,At Risk,3,Loyal Customers
3531,62,Female,Sunglasses,Accessories,45,Oklahoma,L,Black,Spring,3.4,No,Express,No,37,PayPal,Weekly,Senior,7,1710,0,37,Gold,0.3125,0.3600000000000001,0.7346938775510203,0,41.74,Average,3,Loyal Customers
3532,54,Female,Shoes,Footwear,52,North Dakota,XL,Violet,Winter,4.6,No,2-Day Shipping,No,23,Cash,Quarterly,Middle-aged,90,1248,0,23,Silver,0.4,0.8399999999999999,0.44897959183673464,0,46.27,Average,1,High-Spending Customers
3533,61,Female,Pants,Clothing,68,Connecticut,L,Indigo,Fall,4.6,No,Standard,No,12,Credit Card,Annually,Senior,365,884,0,12,Silver,0.6000000000000001,0.8399999999999999,0.22448979591836735,0,47.53,Average,1,High-Spending Customers
3534,50,Female,Sneakers,Footwear,98,Texas,L,Yellow,Fall,4.7,No,Standard,No,30,Venmo,Fortnightly,Middle-aged,14,3038,0,30,Premium,0.9750000000000001,0.8800000000000001,0.5918367346938774,0,74.36,Healthy,2,Premium Customers
3535,65,Female,Shoes,Footwear,83,Delaware,M,Gray,Fall,3.2,No,Express,No,7,Cash,Weekly,Senior,7,664,0,7,Silver,0.7875000000000001,0.28000000000000025,0.12244897959183673,0,40.77,Average,1,High-Spending Customers
3536,68,Female,Shorts,Clothing,51,Mississippi,M,Red,Summer,5.0,No,Express,No,20,Debit Card,Monthly,Senior,30,1071,0,20,Silver,0.38750000000000007,1.0,0.38775510204081626,0,47.13,Average,1,High-Spending Customers
3537,55,Female,Handbag,Accessories,21,Minnesota,L,Peach,Spring,4.5,No,Express,No,10,Venmo,Monthly,Middle-aged,30,231,0,10,Bronze,0.012500000000000011,0.8,0.18367346938775508,0,22.01,At Risk,0,At-Risk Customers
3538,57,Female,Handbag,Accessories,92,Georgia,M,Gray,Spring,3.5,No,Standard,No,40,Credit Card,Every 3 Months,Middle-aged,90,3772,0,40,Premium,0.9000000000000001,0.40000000000000013,0.7959183673469387,0,67.88,Healthy,2,Premium Customers
3539,56,Female,Shoes,Footwear,63,Iowa,S,White,Spring,4.5,No,Store Pickup,No,21,Venmo,Monthly,Middle-aged,30,1386,0,21,Gold,0.5375000000000001,0.8,0.4081632653061224,0,49.74,Average,1,High-Spending Customers
3540,29,Female,Jewelry,Accessories,56,New York,S,Green,Spring,3.2,No,Express,No,17,Credit Card,Bi-Weekly,Young Adult,14,1008,0,17,Silver,0.45000000000000007,0.28000000000000025,0.32653061224489793,0,33.4,At Risk,0,At-Risk Customers
3541,24,Female,Shorts,Clothing,95,Nevada,M,Magenta,Spring,4.6,No,Free Shipping,No,5,Bank Transfer,Weekly,Young Adult,7,570,0,5,Bronze,0.9375,0.8399999999999999,0.08163265306122448,0,56.75,Average,1,High-Spending Customers
3542,59,Female,Blouse,Clothing,66,Virginia,M,Olive,Winter,4.0,No,Next Day Air,No,22,PayPal,Annually,Senior,365,1518,0,22,Gold,0.5750000000000001,0.6000000000000001,0.4285714285714285,0,47.86,Average,1,High-Spending Customers
3543,62,Female,Coat,Outerwear,28,Idaho,S,Olive,Spring,4.2,No,Express,No,5,Venmo,Weekly,Senior,7,168,0,5,Bronze,0.10000000000000003,0.6800000000000002,0.08163265306122448,0,20.05,At Risk,0,At-Risk Customers
3544,58,Female,Hat,Accessories,83,Colorado,M,Blue,Winter,4.1,No,Standard,No,18,PayPal,Every 3 Months,Senior,90,1577,0,18,Gold,0.7875000000000001,0.6399999999999999,0.346938775510204,0,54.71,Average,1,High-Spending Customers
3545,64,Female,Socks,Clothing,55,Wisconsin,XL,Charcoal,Fall,3.6,No,2-Day Shipping,No,42,Cash,Every 3 Months,Senior,90,2365,0,42,Premium,0.4375,0.44000000000000017,0.836734693877551,0,51.4,Average,3,Loyal Customers
3546,48,Female,Sandals,Footwear,28,Connecticut,M,Yellow,Spring,3.7,No,2-Day Shipping,No,22,Debit Card,Annually,Middle-aged,365,644,0,22,Bronze,0.10000000000000003,0.4800000000000002,0.4285714285714285,0,26.46,At Risk,0,At-Risk Customers
3547,60,Female,Scarf,Accessories,79,Kansas,M,Violet,Summer,3.6,No,Free Shipping,No,37,Bank Transfer,Bi-Weekly,Senior,14,3002,0,37,Premium,0.7375,0.44000000000000017,0.7346938775510203,0,60.34,Healthy,2,Premium Customers
3548,52,Female,Scarf,Accessories,31,Pennsylvania,L,Magenta,Summer,3.8,No,Standard,No,23,Credit Card,Annually,Middle-aged,365,744,0,23,Silver,0.1375,0.52,0.44897959183673464,0,29.37,At Risk,0,At-Risk Customers
3549,63,Female,Blouse,Clothing,37,Utah,M,Red,Fall,3.0,No,Standard,No,47,Debit Card,Fortnightly,Senior,14,1776,0,47,Gold,0.21250000000000002,0.20000000000000018,0.9387755102040816,0,40.66,Average,3,Loyal Customers
3550,44,Female,T-shirt,Clothing,34,Oregon,M,Cyan,Summer,3.4,No,2-Day Shipping,No,11,Bank Transfer,Fortnightly,Adult,14,408,0,11,Bronze,0.17500000000000004,0.3600000000000001,0.2040816326530612,0,20.32,At Risk,0,At-Risk Customers
3551,63,Female,Shoes,Footwear,74,West Virginia,S,Orange,Winter,4.8,No,Standard,No,32,Cash,Weekly,Senior,7,2442,0,32,Premium,0.675,0.9199999999999999,0.6326530612244897,0,64.38,Healthy,2,Premium Customers
3552,66,Female,Gloves,Accessories,31,Montana,L,Black,Spring,2.6,No,Store Pickup,No,20,Venmo,Weekly,Senior,7,651,0,20,Bronze,0.1375,0.040000000000000036,0.38775510204081626,0,17.93,At Risk,0,At-Risk Customers
3553,22,Female,Sunglasses,Accessories,66,Kentucky,M,Blue,Winter,2.9,No,Next Day Air,No,3,PayPal,Quarterly,Young Adult,90,264,0,3,Bronze,0.5750000000000001,0.15999999999999992,0.04081632653061225,0,27.42,At Risk,0,At-Risk Customers
3554,62,Female,Shoes,Footwear,99,Minnesota,M,Charcoal,Spring,4.9,No,Free Shipping,No,32,Bank Transfer,Weekly,Senior,7,3267,0,32,Premium,0.9875,0.9600000000000002,0.6326530612244897,0,77.68,Healthy,2,Premium Customers
3555,39,Female,Dress,Clothing,55,Louisiana,M,Indigo,Spring,5.0,No,Free Shipping,No,5,Credit Card,Fortnightly,Adult,14,330,0,5,Bronze,0.4375,1.0,0.08163265306122448,0,39.95,At Risk,1,High-Spending Customers
3556,25,Female,Blouse,Clothing,23,Delaware,L,Silver,Spring,4.6,No,Next Day Air,No,45,Cash,Quarterly,Young Adult,90,1058,0,45,Silver,0.03750000000000003,0.8399999999999999,0.8979591836734693,0,45.24,Average,3,Loyal Customers
3557,70,Female,Sweater,Clothing,88,Arizona,M,Brown,Fall,4.2,No,Express,No,43,Cash,Bi-Weekly,Senior,14,3872,0,43,Premium,0.8500000000000001,0.6800000000000002,0.8571428571428571,0,73.31,Healthy,2,Premium Customers
3558,52,Female,Jacket,Outerwear,26,Nevada,M,Peach,Summer,4.9,No,Next Day Air,No,1,PayPal,Every 3 Months,Middle-aged,90,52,0,1,Bronze,0.07500000000000001,0.9600000000000002,0.0,0,22.2,At Risk,0,At-Risk Customers
3559,68,Female,Backpack,Accessories,94,Alaska,L,Magenta,Summer,4.8,No,Standard,No,9,Venmo,Quarterly,Senior,90,940,0,9,Silver,0.925,0.9199999999999999,0.16326530612244897,0,60.3,Healthy,1,High-Spending Customers
3560,18,Female,Shorts,Clothing,25,Utah,M,Beige,Fall,3.0,No,Next Day Air,No,13,Venmo,Every 3 Months,Young Adult,90,350,0,13,Bronze,0.0625,0.20000000000000018,0.24489795918367344,0,13.85,At Risk,0,At-Risk Customers
3561,18,Female,Socks,Clothing,96,Kansas,XL,Violet,Fall,3.5,No,Express,No,5,Credit Card,Annually,Young Adult,365,576,0,5,Bronze,0.9500000000000002,0.40000000000000013,0.08163265306122448,0,48.45,Average,1,High-Spending Customers
3562,63,Female,Sneakers,Footwear,29,North Carolina,L,Black,Spring,3.4,No,Standard,No,39,Credit Card,Fortnightly,Senior,14,1160,0,39,Silver,0.11250000000000004,0.3600000000000001,0.7755102040816325,0,34.97,At Risk,3,Loyal Customers
3563,47,Female,Sneakers,Footwear,36,Maryland,M,Cyan,Winter,3.4,No,Free Shipping,No,7,Bank Transfer,Weekly,Middle-aged,7,288,0,7,Bronze,0.2,0.3600000000000001,0.12244897959183673,0,18.87,At Risk,0,At-Risk Customers
3564,43,Female,Blouse,Clothing,90,Maine,M,Green,Summer,4.9,No,Standard,No,8,Credit Card,Every 3 Months,Adult,90,810,0,8,Silver,0.875,0.9600000000000002,0.14285714285714285,0,58.49,Average,1,High-Spending Customers
3565,60,Female,Gloves,Accessories,38,Illinois,S,Brown,Summer,4.4,No,Free Shipping,No,40,Venmo,Annually,Senior,365,1558,0,40,Gold,0.22500000000000003,0.7600000000000002,0.7959183673469387,0,48.08,Average,3,Loyal Customers
3566,49,Female,Handbag,Accessories,52,Pennsylvania,S,Gray,Spring,4.2,No,Store Pickup,No,35,PayPal,Monthly,Middle-aged,30,1872,0,35,Gold,0.4,0.6800000000000002,0.693877551020408,0,50.42,Average,3,Loyal Customers
3567,28,Female,Jeans,Clothing,88,Alaska,S,Orange,Spring,3.1,No,Next Day Air,No,14,Venmo,Monthly,Young Adult,30,1320,0,14,Silver,0.8500000000000001,0.2400000000000002,0.26530612244897955,0,46.76,Average,1,High-Spending Customers
3568,32,Female,Scarf,Accessories,56,New Mexico,S,Silver,Summer,4.0,No,Next Day Air,No,26,Credit Card,Monthly,Adult,30,1512,0,26,Gold,0.45000000000000007,0.6000000000000001,0.510204081632653,0,45.31,Average,3,Loyal Customers
3569,29,Female,Sandals,Footwear,71,Arkansas,M,Purple,Spring,4.8,No,Next Day Air,No,14,PayPal,Quarterly,Young Adult,90,1065,0,14,Silver,0.6375000000000001,0.9199999999999999,0.26530612244897955,0,51.86,Average,1,High-Spending Customers
3570,35,Female,Sandals,Footwear,94,Alaska,M,Olive,Fall,3.3,No,Express,No,9,Bank Transfer,Fortnightly,Adult,14,940,0,9,Silver,0.925,0.32000000000000006,0.16326530612244897,0,48.3,Average,1,High-Spending Customers
3571,23,Female,Dress,Clothing,97,Louisiana,XL,Teal,Winter,4.7,No,Standard,No,32,Debit Card,Annually,Young Adult,365,3201,0,32,Premium,0.9625000000000001,0.8800000000000001,0.6326530612244897,0,75.08,Healthy,2,Premium Customers
3572,70,Female,Skirt,Clothing,27,North Dakota,M,White,Summer,3.2,No,Standard,No,15,Bank Transfer,Every 3 Months,Senior,90,432,0,15,Bronze,0.08750000000000002,0.28000000000000025,0.28571428571428564,0,17.67,At Risk,0,At-Risk Customers
3573,23,Female,Shorts,Clothing,28,Rhode Island,M,Black,Spring,5.0,No,Standard,No,25,Credit Card,Monthly,Young Adult,30,728,0,25,Silver,0.10000000000000003,1.0,0.4897959183673469,0,38.69,At Risk,3,Loyal Customers
3574,43,Female,Jeans,Clothing,67,Connecticut,L,Maroon,Fall,4.9,No,Free Shipping,No,27,PayPal,Monthly,Adult,30,1876,0,27,Gold,0.5875,0.9600000000000002,0.5306122448979591,0,58.62,Average,1,High-Spending Customers
3575,29,Female,Socks,Clothing,70,New York,M,Cyan,Fall,4.9,No,Express,No,39,Bank Transfer,Quarterly,Young Adult,90,2800,0,39,Premium,0.625,0.9600000000000002,0.7755102040816325,0,67.47,Healthy,2,Premium Customers
3576,61,Female,Coat,Outerwear,95,Kentucky,M,Violet,Fall,3.7,No,Express,No,49,Venmo,Bi-Weekly,Senior,14,4750,0,49,Premium,0.9375,0.4800000000000002,0.9795918367346937,0,76.49,Healthy,2,Premium Customers
3577,29,Female,Boots,Footwear,24,Maine,L,Yellow,Spring,3.0,No,Express,No,12,Venmo,Bi-Weekly,Young Adult,14,312,0,12,Bronze,0.050000000000000044,0.20000000000000018,0.22448979591836735,0,12.73,At Risk,0,At-Risk Customers
3578,66,Female,Belt,Accessories,35,Missouri,S,Yellow,Winter,2.6,No,Standard,No,13,Bank Transfer,Weekly,Senior,7,490,0,13,Bronze,0.1875,0.040000000000000036,0.24489795918367344,0,15.65,At Risk,0,At-Risk Customers
3579,46,Female,Shoes,Footwear,22,Georgia,L,Olive,Winter,2.6,No,Standard,No,22,Bank Transfer,Quarterly,Middle-aged,90,506,0,22,Bronze,0.025000000000000022,0.040000000000000036,0.4285714285714285,0,14.66,At Risk,0,At-Risk Customers
3580,34,Female,Scarf,Accessories,66,Arizona,L,Olive,Fall,4.8,No,Standard,No,19,Credit Card,Every 3 Months,Adult,90,1320,0,19,Silver,0.5750000000000001,0.9199999999999999,0.36734693877551017,0,52.42,Average,1,High-Spending Customers
3581,51,Female,Blouse,Clothing,83,New Hampshire,M,Magenta,Summer,3.2,No,2-Day Shipping,No,3,Cash,Bi-Weekly,Middle-aged,14,332,0,3,Bronze,0.7875000000000001,0.28000000000000025,0.04081632653061225,0,38.32,At Risk,1,High-Spending Customers
3582,26,Female,Dress,Clothing,95,Georgia,M,Orange,Fall,4.9,No,Next Day Air,No,50,Credit Card,Weekly,Young Adult,7,4845,0,50,Premium,0.9375,0.9600000000000002,1.0,0,86.7,Excellent,2,Premium Customers
3583,23,Female,Shorts,Clothing,41,California,S,Beige,Summer,3.4,No,2-Day Shipping,No,15,PayPal,Annually,Young Adult,365,656,0,15,Bronze,0.26250000000000007,0.3600000000000001,0.28571428571428564,0,26.27,At Risk,0,At-Risk Customers
3584,52,Female,Blouse,Clothing,77,Arizona,L,Brown,Summer,2.7,No,Store Pickup,No,44,Credit Card,Every 3 Months,Middle-aged,90,3465,0,44,Premium,0.7125,0.08000000000000007,0.8775510204081631,0,56.43,Average,2,Premium Customers
3585,39,Female,Sneakers,Footwear,52,Florida,L,Indigo,Fall,4.8,No,Express,No,48,Debit Card,Monthly,Adult,30,2548,0,48,Premium,0.4,0.9199999999999999,0.9591836734693877,0,63.18,Healthy,2,Premium Customers
3586,39,Female,Gloves,Accessories,41,New York,XL,Gray,Winter,4.1,No,Standard,No,4,Venmo,Bi-Weekly,Adult,14,205,0,4,Bronze,0.26250000000000007,0.6399999999999999,0.061224489795918366,0,25.14,At Risk,0,At-Risk Customers
3587,33,Female,Hoodie,Clothing,28,Idaho,M,Yellow,Winter,4.6,No,Store Pickup,No,12,PayPal,Bi-Weekly,Adult,14,364,0,12,Bronze,0.10000000000000003,0.8399999999999999,0.22448979591836735,0,27.53,At Risk,0,At-Risk Customers
3588,33,Female,Sweater,Clothing,90,Virginia,S,Violet,Summer,4.4,No,Standard,No,33,Debit Card,Annually,Adult,365,3060,0,33,Premium,0.875,0.7600000000000002,0.6530612244897959,0,69.79,Healthy,2,Premium Customers
3589,23,Female,Sunglasses,Accessories,55,Michigan,M,Magenta,Spring,3.5,No,2-Day Shipping,No,40,Cash,Annually,Young Adult,365,2255,0,40,Gold,0.4375,0.40000000000000013,0.7959183673469387,0,49.38,Average,3,Loyal Customers
3590,31,Female,Belt,Accessories,73,New Hampshire,M,Blue,Spring,4.8,No,Next Day Air,No,38,Cash,Every 3 Months,Young Adult,90,2847,0,38,Premium,0.6625000000000001,0.9199999999999999,0.7551020408163265,0,67.55,Healthy,2,Premium Customers
3591,27,Female,Dress,Clothing,87,South Dakota,M,Gray,Fall,2.9,No,2-Day Shipping,No,19,Venmo,Every 3 Months,Young Adult,90,1740,0,19,Gold,0.8375000000000001,0.15999999999999992,0.36734693877551017,0,47.72,Average,1,High-Spending Customers
3592,48,Female,Jacket,Outerwear,89,South Dakota,M,Gold,Winter,3.2,No,2-Day Shipping,No,38,Bank Transfer,Quarterly,Middle-aged,90,3471,0,38,Premium,0.8625,0.28000000000000025,0.7551020408163265,0,62.75,Healthy,2,Premium Customers
3593,61,Female,Boots,Footwear,82,New Jersey,L,Lavender,Spring,4.4,No,2-Day Shipping,No,18,Venmo,Fortnightly,Senior,14,1558,0,18,Gold,0.7750000000000001,0.7600000000000002,0.346938775510204,0,56.61,Average,1,High-Spending Customers
3594,63,Female,Sandals,Footwear,80,Wyoming,M,Black,Spring,4.6,No,Next Day Air,No,24,PayPal,Monthly,Senior,30,2000,0,24,Gold,0.75,0.8399999999999999,0.4693877551020408,0,60.88,Healthy,1,High-Spending Customers
3595,19,Female,Scarf,Accessories,87,Alabama,L,Charcoal,Summer,2.6,No,2-Day Shipping,No,29,Venmo,Quarterly,Young Adult,90,2610,0,29,Premium,0.8375000000000001,0.040000000000000036,0.5714285714285714,0,51.44,Average,2,Premium Customers
3596,21,Female,Blouse,Clothing,41,South Dakota,M,Violet,Spring,3.1,No,Store Pickup,No,14,PayPal,Annually,Young Adult,365,615,0,14,Bronze,0.26250000000000007,0.2400000000000002,0.26530612244897955,0,23.26,At Risk,0,At-Risk Customers
3597,28,Female,Hoodie,Clothing,83,South Carolina,M,Charcoal,Spring,4.3,No,Standard,No,44,Cash,Fortnightly,Young Adult,14,3735,0,44,Premium,0.7875000000000001,0.72,0.8775510204081631,0,72.23,Healthy,2,Premium Customers
3598,29,Female,Sunglasses,Accessories,71,New Mexico,M,Maroon,Summer,3.1,No,Standard,No,18,Bank Transfer,Quarterly,Young Adult,90,1349,0,18,Gold,0.6375000000000001,0.2400000000000002,0.346938775510204,0,40.71,Average,1,High-Spending Customers
3599,23,Female,Hoodie,Clothing,76,Connecticut,XL,Purple,Spring,4.6,No,Store Pickup,No,19,Bank Transfer,Bi-Weekly,Young Adult,14,1520,0,19,Gold,0.7000000000000001,0.8399999999999999,0.36734693877551017,0,55.82,Average,1,High-Spending Customers
3600,37,Female,Scarf,Accessories,34,Kansas,S,Peach,Spring,4.6,No,Express,No,4,Cash,Weekly,Adult,7,170,0,4,Bronze,0.17500000000000004,0.8399999999999999,0.061224489795918366,0,25.64,At Risk,0,At-Risk Customers
3601,67,Female,Dress,Clothing,81,South Carolina,XL,Olive,Spring,2.7,No,Free Shipping,No,25,Cash,Bi-Weekly,Senior,14,2106,0,25,Gold,0.7625,0.08000000000000007,0.4897959183673469,0,46.79,Average,1,High-Spending Customers
3602,34,Female,T-shirt,Clothing,47,North Carolina,M,Indigo,Summer,3.0,No,Next Day Air,No,3,PayPal,Monthly,Adult,30,188,0,3,Bronze,0.3375,0.20000000000000018,0.04081632653061225,0,18.72,At Risk,0,At-Risk Customers
3603,58,Female,Skirt,Clothing,36,Wyoming,S,Magenta,Summer,3.3,No,Store Pickup,No,40,Debit Card,Quarterly,Senior,90,1476,0,40,Gold,0.2,0.32000000000000006,0.7959183673469387,0,38.28,At Risk,3,Loyal Customers
3604,45,Female,Jeans,Clothing,51,Louisiana,M,Gold,Spring,2.7,No,Free Shipping,No,5,Cash,Weekly,Middle-aged,7,306,0,5,Bronze,0.38750000000000007,0.08000000000000007,0.08163265306122448,0,19.55,At Risk,0,At-Risk Customers
3605,63,Female,Hoodie,Clothing,86,Louisiana,M,Orange,Fall,3.3,No,Standard,No,17,Debit Card,Annually,Senior,365,1548,0,17,Gold,0.825,0.32000000000000006,0.32653061224489793,0,49.2,Average,1,High-Spending Customers
3606,68,Female,Jeans,Clothing,41,Alabama,M,Gold,Fall,4.3,No,Store Pickup,No,36,Bank Transfer,Every 3 Months,Senior,90,1517,0,36,Gold,0.26250000000000007,0.72,0.7142857142857142,0,46.33,Average,3,Loyal Customers
3607,41,Female,Sandals,Footwear,90,Minnesota,XL,Purple,Fall,4.8,No,Express,No,41,Venmo,Annually,Adult,365,3780,0,41,Premium,0.875,0.9199999999999999,0.8163265306122448,0,77.89,Healthy,2,Premium Customers
3608,50,Female,Hat,Accessories,93,New Mexico,L,Charcoal,Fall,3.3,No,Standard,No,20,Venmo,Bi-Weekly,Middle-aged,14,1953,0,20,Gold,0.9125000000000001,0.32000000000000006,0.38775510204081626,0,54.53,Average,1,High-Spending Customers
3609,24,Female,Gloves,Accessories,56,Tennessee,M,Cyan,Fall,4.3,No,Next Day Air,No,2,Cash,Every 3 Months,Young Adult,90,168,0,2,Bronze,0.45000000000000007,0.72,0.02040816326530612,0,33.01,At Risk,0,At-Risk Customers
3610,21,Female,Socks,Clothing,39,New Mexico,M,Cyan,Summer,3.0,No,2-Day Shipping,No,31,Debit Card,Monthly,Young Adult,30,1248,0,31,Silver,0.23750000000000004,0.20000000000000018,0.6122448979591836,0,31.87,At Risk,3,Loyal Customers
3611,18,Female,Jacket,Outerwear,86,Texas,XL,Green,Fall,4.8,No,2-Day Shipping,No,23,Bank Transfer,Fortnightly,Young Adult,14,2064,0,23,Gold,0.825,0.9199999999999999,0.44897959183673464,0,64.87,Healthy,1,High-Spending Customers
3612,63,Female,T-shirt,Clothing,82,Washington,M,Silver,Spring,2.9,No,Standard,No,30,Credit Card,Annually,Senior,365,2542,0,30,Premium,0.7750000000000001,0.15999999999999992,0.5918367346938774,0,51.96,Average,2,Premium Customers
3613,47,Female,Sandals,Footwear,29,Michigan,M,Teal,Summer,3.6,No,Standard,No,26,Cash,Every 3 Months,Middle-aged,90,783,0,26,Silver,0.11250000000000004,0.44000000000000017,0.510204081632653,0,28.61,At Risk,0,At-Risk Customers
3614,58,Female,Hat,Accessories,27,Minnesota,M,Magenta,Fall,3.5,No,Store Pickup,No,40,Venmo,Annually,Senior,365,1107,0,40,Silver,0.08750000000000002,0.40000000000000013,0.7959183673469387,0,35.38,At Risk,3,Loyal Customers
3615,46,Female,Gloves,Accessories,25,Delaware,L,Maroon,Spring,4.7,No,2-Day Shipping,No,19,Bank Transfer,Annually,Middle-aged,365,500,0,19,Bronze,0.0625,0.8800000000000001,0.36734693877551017,0,31.12,At Risk,0,At-Risk Customers
3616,35,Female,Dress,Clothing,31,California,M,Gold,Winter,4.4,No,Free Shipping,No,4,Credit Card,Monthly,Adult,30,155,0,4,Bronze,0.1375,0.7600000000000002,0.061224489795918366,0,22.54,At Risk,0,At-Risk Customers
3617,42,Female,Hoodie,Clothing,23,Wisconsin,L,Purple,Winter,3.3,No,Store Pickup,No,33,Debit Card,Fortnightly,Adult,14,782,0,33,Silver,0.03750000000000003,0.32000000000000006,0.6530612244897959,0,27.49,At Risk,0,At-Risk Customers
3618,48,Female,Belt,Accessories,47,Kentucky,M,Lavender,Fall,4.3,No,Express,No,29,Debit Card,Monthly,Middle-aged,30,1410,0,29,Gold,0.3375,0.72,0.5714285714285714,0,45.04,Average,3,Loyal Customers
3619,28,Female,Gloves,Accessories,67,Nevada,M,Maroon,Fall,4.0,No,2-Day Shipping,No,47,PayPal,Bi-Weekly,Young Adult,14,3216,0,47,Premium,0.5875,0.6000000000000001,0.9387755102040816,0,63.66,Healthy,2,Premium Customers
3620,44,Female,Scarf,Accessories,75,North Carolina,S,Magenta,Winter,4.9,No,2-Day Shipping,No,50,Venmo,Weekly,Adult,7,3825,0,50,Premium,0.6875,0.9600000000000002,1.0,0,76.7,Healthy,2,Premium Customers
3621,60,Female,Sandals,Footwear,82,Louisiana,M,Turquoise,Summer,2.9,No,Express,No,28,Credit Card,Fortnightly,Senior,14,2378,0,28,Premium,0.7750000000000001,0.15999999999999992,0.5510204081632653,0,50.73,Average,2,Premium Customers
3622,38,Female,Sneakers,Footwear,32,New Jersey,XL,Silver,Summer,4.0,No,2-Day Shipping,No,5,Cash,Fortnightly,Adult,14,192,0,5,Bronze,0.15000000000000002,0.6000000000000001,0.08163265306122448,0,20.45,At Risk,0,At-Risk Customers
3623,46,Female,Dress,Clothing,41,Wisconsin,M,Purple,Fall,4.3,No,Store Pickup,No,12,Credit Card,Annually,Middle-aged,365,533,0,12,Bronze,0.26250000000000007,0.72,0.22448979591836735,0,31.63,At Risk,0,At-Risk Customers
3624,39,Female,Jewelry,Accessories,89,Arkansas,M,Violet,Winter,2.7,No,2-Day Shipping,No,4,PayPal,Weekly,Adult,7,445,0,4,Bronze,0.8625,0.08000000000000007,0.061224489795918366,0,37.94,At Risk,1,High-Spending Customers
3625,22,Female,Hat,Accessories,82,Texas,XL,Peach,Fall,5.0,No,Store Pickup,No,22,Bank Transfer,Bi-Weekly,Young Adult,14,1886,0,22,Gold,0.7750000000000001,1.0,0.4285714285714285,0,63.86,Healthy,1,High-Spending Customers
3626,44,Female,Scarf,Accessories,99,Illinois,L,Green,Winter,4.4,No,Express,No,32,PayPal,Weekly,Adult,7,3267,0,32,Premium,0.9875,0.7600000000000002,0.6326530612244897,0,73.68,Healthy,2,Premium Customers
3627,69,Female,Blouse,Clothing,98,Mississippi,L,Teal,Fall,3.5,No,Express,No,32,Venmo,Quarterly,Senior,90,3234,0,32,Premium,0.9750000000000001,0.40000000000000013,0.6326530612244897,0,65.98,Healthy,2,Premium Customers
3628,39,Female,Belt,Accessories,54,Delaware,M,Silver,Winter,3.3,No,Next Day Air,No,48,Cash,Every 3 Months,Adult,90,2646,0,48,Premium,0.42500000000000004,0.32000000000000006,0.9591836734693877,0,52.18,Average,3,Loyal Customers
3629,53,Female,Blouse,Clothing,88,Georgia,L,Purple,Summer,3.8,No,Free Shipping,No,35,Credit Card,Monthly,Middle-aged,30,3168,0,35,Premium,0.8500000000000001,0.52,0.693877551020408,0,65.22,Healthy,2,Premium Customers
3630,52,Female,T-shirt,Clothing,43,Kansas,L,Lavender,Summer,4.5,No,Standard,No,44,Debit Card,Fortnightly,Middle-aged,14,1935,0,44,Gold,0.2875,0.8,0.8775510204081631,0,53.83,Average,3,Loyal Customers
3631,65,Female,Hat,Accessories,73,Oklahoma,M,Lavender,Winter,4.8,No,Store Pickup,No,29,Cash,Weekly,Senior,7,2190,0,29,Gold,0.6625000000000001,0.9199999999999999,0.5714285714285714,0,62.04,Healthy,2,Premium Customers
3632,48,Female,Hat,Accessories,50,New Jersey,M,Peach,Fall,2.9,No,Store Pickup,No,26,Credit Card,Monthly,Middle-aged,30,1350,0,26,Gold,0.375,0.15999999999999992,0.510204081632653,0,33.51,At Risk,3,Loyal Customers
3633,27,Female,Sneakers,Footwear,73,Utah,L,Green,Spring,3.2,No,Express,No,3,Debit Card,Quarterly,Young Adult,90,292,0,3,Bronze,0.6625000000000001,0.28000000000000025,0.04081632653061225,0,33.32,At Risk,1,High-Spending Customers
3634,39,Female,Gloves,Accessories,51,Montana,M,Orange,Spring,2.8,No,Free Shipping,No,1,Bank Transfer,Bi-Weekly,Adult,14,102,0,1,Bronze,0.38750000000000007,0.11999999999999988,0.0,0,17.9,At Risk,0,At-Risk Customers
3635,59,Female,Socks,Clothing,22,Ohio,M,Pink,Winter,3.3,No,Standard,No,17,PayPal,Annually,Senior,365,396,0,17,Bronze,0.025000000000000022,0.32000000000000006,0.32653061224489793,0,17.2,At Risk,0,At-Risk Customers
3636,52,Female,Sandals,Footwear,32,Colorado,L,Cyan,Fall,3.3,No,Free Shipping,No,17,Credit Card,Fortnightly,Middle-aged,14,576,0,17,Bronze,0.15000000000000002,0.32000000000000006,0.32653061224489793,0,22.2,At Risk,0,At-Risk Customers
3637,50,Female,Sandals,Footwear,38,California,L,Lavender,Summer,4.2,No,2-Day Shipping,No,36,Cash,Weekly,Middle-aged,7,1406,0,36,Gold,0.22500000000000003,0.6800000000000002,0.7142857142857142,0,44.03,Average,3,Loyal Customers
3638,32,Female,Boots,Footwear,66,Utah,L,Yellow,Winter,3.6,No,Express,No,32,Credit Card,Fortnightly,Adult,14,2178,0,32,Gold,0.5750000000000001,0.44000000000000017,0.6326530612244897,0,50.78,Average,3,Loyal Customers
3639,40,Female,Backpack,Accessories,20,Kansas,M,Olive,Spring,4.6,No,Express,No,50,PayPal,Bi-Weekly,Adult,14,1020,0,50,Silver,0.0,0.8399999999999999,1.0,0,46.8,Average,3,Loyal Customers
3640,26,Female,Coat,Outerwear,44,Illinois,M,Brown,Summer,3.6,No,2-Day Shipping,No,39,Venmo,Annually,Young Adult,365,1760,0,39,Gold,0.30000000000000004,0.44000000000000017,0.7755102040816325,0,44.07,Average,3,Loyal Customers
3641,47,Female,Sunglasses,Accessories,31,Minnesota,L,Pink,Spring,4.0,No,Next Day Air,No,17,PayPal,Monthly,Middle-aged,30,558,0,17,Bronze,0.1375,0.6000000000000001,0.32653061224489793,0,27.3,At Risk,0,At-Risk Customers
3642,51,Female,Jacket,Outerwear,45,New York,M,Cyan,Fall,2.7,No,Free Shipping,No,39,Bank Transfer,Every 3 Months,Middle-aged,90,1800,0,39,Gold,0.3125,0.08000000000000007,0.7755102040816325,0,37.37,At Risk,3,Loyal Customers
3643,47,Female,Dress,Clothing,71,Arizona,L,Maroon,Summer,4.4,No,Store Pickup,No,5,PayPal,Annually,Middle-aged,365,426,0,5,Bronze,0.6375000000000001,0.7600000000000002,0.08163265306122448,0,43.15,Average,1,High-Spending Customers
3644,53,Female,Scarf,Accessories,96,Tennessee,XL,Magenta,Fall,3.2,No,Standard,No,47,Debit Card,Annually,Middle-aged,365,4608,0,47,Premium,0.9500000000000002,0.28000000000000025,0.9387755102040816,0,71.76,Healthy,2,Premium Customers
3645,35,Female,Blouse,Clothing,32,Arkansas,M,Violet,Winter,2.6,No,Next Day Air,No,18,Venmo,Weekly,Adult,7,608,0,18,Bronze,0.15000000000000002,0.040000000000000036,0.346938775510204,0,17.21,At Risk,0,At-Risk Customers
3646,38,Female,Backpack,Accessories,90,Colorado,L,Silver,Summer,3.4,No,Free Shipping,No,31,Credit Card,Every 3 Months,Adult,90,2880,0,31,Premium,0.875,0.3600000000000001,0.6122448979591836,0,60.57,Healthy,2,Premium Customers
3647,69,Female,Jewelry,Accessories,68,Nevada,M,Maroon,Spring,5.0,No,2-Day Shipping,No,39,Debit Card,Fortnightly,Senior,14,2720,0,39,Premium,0.6000000000000001,1.0,0.7755102040816325,0,67.27,Healthy,2,Premium Customers
3648,47,Female,Shorts,Clothing,45,Kansas,M,Gray,Winter,2.9,No,Store Pickup,No,12,Bank Transfer,Weekly,Middle-aged,7,585,0,12,Bronze,0.3125,0.15999999999999992,0.22448979591836735,0,22.43,At Risk,0,At-Risk Customers
3649,31,Female,Skirt,Clothing,67,New York,M,White,Winter,5.0,No,Free Shipping,No,45,Cash,Bi-Weekly,Young Adult,14,3082,0,45,Premium,0.5875,1.0,0.8979591836734693,0,70.44,Healthy,2,Premium Customers
3650,68,Female,Skirt,Clothing,57,Minnesota,M,Brown,Fall,4.4,No,Standard,No,33,Credit Card,Fortnightly,Senior,14,1938,0,33,Gold,0.4625,0.7600000000000002,0.6530612244897959,0,53.29,Average,3,Loyal Customers
3651,51,Female,Jeans,Clothing,60,Ohio,M,Silver,Summer,3.5,No,2-Day Shipping,No,3,PayPal,Annually,Middle-aged,365,240,0,3,Bronze,0.5,0.40000000000000013,0.04081632653061225,0,29.22,At Risk,0,At-Risk Customers
3652,20,Female,Handbag,Accessories,32,Arizona,M,Yellow,Spring,3.8,No,Express,No,5,Venmo,Every 3 Months,Young Adult,90,192,0,5,Bronze,0.15000000000000002,0.52,0.08163265306122448,0,18.85,At Risk,0,At-Risk Customers
3653,27,Female,Handbag,Accessories,29,Kentucky,S,Magenta,Fall,3.8,No,Store Pickup,No,23,Debit Card,Monthly,Young Adult,30,696,0,23,Silver,0.11250000000000004,0.52,0.44897959183673464,0,28.37,At Risk,0,At-Risk Customers
3654,67,Female,Coat,Outerwear,20,Minnesota,M,Blue,Spring,3.9,No,Next Day Air,No,39,Credit Card,Fortnightly,Senior,14,800,0,39,Silver,0.0,0.56,0.7755102040816325,0,34.47,At Risk,3,Loyal Customers
3655,21,Female,Jewelry,Accessories,98,Arkansas,M,Green,Winter,3.3,No,Next Day Air,No,10,Credit Card,Annually,Young Adult,365,1078,0,10,Silver,0.9750000000000001,0.32000000000000006,0.18367346938775508,0,50.91,Average,1,High-Spending Customers
3656,20,Female,Sweater,Clothing,27,Wyoming,M,Yellow,Fall,2.9,No,Next Day Air,No,4,Credit Card,Bi-Weekly,Young Adult,14,135,0,4,Bronze,0.08750000000000002,0.15999999999999992,0.061224489795918366,0,8.54,At Risk,0,At-Risk Customers
3657,35,Female,Jacket,Outerwear,67,North Dakota,XL,Cyan,Spring,3.7,No,2-Day Shipping,No,18,Credit Card,Monthly,Adult,30,1273,0,18,Silver,0.5875,0.4800000000000002,0.346938775510204,0,43.51,Average,1,High-Spending Customers
3658,58,Female,Shoes,Footwear,82,Alabama,L,Gold,Winter,3.7,No,Express,No,1,Debit Card,Every 3 Months,Senior,90,164,0,1,Bronze,0.7750000000000001,0.4800000000000002,0.0,0,40.6,Average,1,High-Spending Customers
3659,28,Female,T-shirt,Clothing,72,Mississippi,M,Magenta,Fall,4.6,No,Standard,No,18,PayPal,Fortnightly,Young Adult,14,1368,0,18,Gold,0.65,0.8399999999999999,0.346938775510204,0,53.21,Average,1,High-Spending Customers
3660,27,Female,Sandals,Footwear,77,Illinois,S,Gray,Fall,4.9,No,Store Pickup,No,46,Bank Transfer,Annually,Young Adult,365,3619,0,46,Premium,0.7125,0.9600000000000002,0.9183673469387754,0,75.25,Healthy,2,Premium Customers
3661,19,Female,Shoes,Footwear,74,Arkansas,L,Indigo,Winter,3.1,No,2-Day Shipping,No,13,Bank Transfer,Fortnightly,Young Adult,14,1036,0,13,Silver,0.675,0.2400000000000002,0.24489795918367344,0,39.15,At Risk,1,High-Spending Customers
3662,63,Female,Sandals,Footwear,39,Kansas,S,White,Winter,3.5,No,Next Day Air,No,5,Credit Card,Fortnightly,Senior,14,234,0,5,Bronze,0.23750000000000004,0.40000000000000013,0.08163265306122448,0,19.95,At Risk,0,At-Risk Customers
3663,69,Female,Shorts,Clothing,80,Rhode Island,M,Indigo,Spring,4.9,No,Next Day Air,No,11,Debit Card,Weekly,Senior,7,960,0,11,Silver,0.75,0.9600000000000002,0.2040816326530612,0,55.32,Average,1,High-Spending Customers
3664,65,Female,Backpack,Accessories,59,Florida,M,Green,Summer,4.4,No,Express,No,49,Credit Card,Weekly,Senior,7,2950,0,49,Premium,0.48750000000000004,0.7600000000000002,0.9795918367346937,0,64.09,Healthy,2,Premium Customers
3665,63,Female,Jacket,Outerwear,68,Missouri,M,Turquoise,Fall,4.4,No,Store Pickup,No,1,Debit Card,Fortnightly,Senior,14,136,0,1,Bronze,0.6000000000000001,0.7600000000000002,0.0,0,39.2,At Risk,1,High-Spending Customers
3666,28,Female,Socks,Clothing,77,North Carolina,M,Peach,Fall,3.4,No,Next Day Air,No,11,Credit Card,Quarterly,Young Adult,90,924,0,11,Silver,0.7125,0.3600000000000001,0.2040816326530612,0,41.82,Average,1,High-Spending Customers
3667,67,Female,Jewelry,Accessories,50,Alabama,M,Olive,Winter,3.0,No,2-Day Shipping,No,47,Cash,Every 3 Months,Senior,90,2400,0,47,Premium,0.375,0.20000000000000018,0.9387755102040816,0,47.16,Average,3,Loyal Customers
3668,51,Female,Pants,Clothing,45,Washington,L,Cyan,Fall,2.6,No,Next Day Air,No,20,Venmo,Monthly,Middle-aged,30,945,0,20,Silver,0.3125,0.040000000000000036,0.38775510204081626,0,24.93,At Risk,0,At-Risk Customers
3669,59,Female,Blouse,Clothing,71,Michigan,XL,Magenta,Summer,3.2,No,Store Pickup,No,18,Venmo,Annually,Senior,365,1349,0,18,Gold,0.6375000000000001,0.28000000000000025,0.346938775510204,0,41.51,Average,1,High-Spending Customers
3670,25,Female,Socks,Clothing,52,Washington,S,Silver,Fall,4.6,No,Store Pickup,No,43,PayPal,Quarterly,Young Adult,90,2288,0,43,Premium,0.4,0.8399999999999999,0.8571428571428571,0,58.51,Average,3,Loyal Customers
3671,31,Female,Shoes,Footwear,50,Vermont,S,White,Winter,3.8,No,Free Shipping,No,4,PayPal,Every 3 Months,Young Adult,90,250,0,4,Bronze,0.375,0.52,0.061224489795918366,0,27.24,At Risk,0,At-Risk Customers
3672,62,Female,Handbag,Accessories,66,Illinois,L,Pink,Summer,4.8,No,2-Day Shipping,No,20,Venmo,Quarterly,Senior,90,1386,0,20,Gold,0.5750000000000001,0.9199999999999999,0.38775510204081626,0,53.03,Average,1,High-Spending Customers
3673,51,Female,Sandals,Footwear,81,New York,S,Pink,Fall,4.5,No,Free Shipping,No,7,PayPal,Monthly,Middle-aged,30,648,0,7,Bronze,0.7625,0.8,0.12244897959183673,0,50.17,Average,1,High-Spending Customers
3674,32,Female,Socks,Clothing,28,Rhode Island,M,Pink,Summer,4.2,No,2-Day Shipping,No,31,Bank Transfer,Fortnightly,Adult,14,896,0,31,Silver,0.10000000000000003,0.6800000000000002,0.6122448979591836,0,35.97,At Risk,3,Loyal Customers
3675,35,Female,Handbag,Accessories,65,Washington,M,Blue,Winter,2.7,No,2-Day Shipping,No,41,Venmo,Fortnightly,Adult,14,2730,0,41,Premium,0.5625,0.08000000000000007,0.8163265306122448,0,48.59,Average,3,Loyal Customers
3676,70,Female,Hat,Accessories,80,Virginia,M,White,Winter,4.5,No,Express,No,3,Bank Transfer,Monthly,Senior,30,320,0,3,Bronze,0.75,0.8,0.04081632653061225,0,47.22,Average,1,High-Spending Customers
3677,19,Female,Jewelry,Accessories,94,Wisconsin,S,Teal,Spring,4.9,No,Free Shipping,No,16,PayPal,Monthly,Young Adult,30,1598,0,16,Gold,0.925,0.9600000000000002,0.3061224489795918,0,65.38,Healthy,1,High-Spending Customers
3678,32,Female,Backpack,Accessories,30,Michigan,M,Gray,Fall,2.8,No,Standard,No,43,Cash,Annually,Adult,365,1320,0,43,Silver,0.125,0.11999999999999988,0.8571428571428571,0,33.11,At Risk,3,Loyal Customers
3679,56,Female,Shirt,Clothing,45,Texas,S,Beige,Fall,3.5,No,Standard,No,29,Bank Transfer,Fortnightly,Middle-aged,14,1350,0,29,Gold,0.3125,0.40000000000000013,0.5714285714285714,0,37.64,At Risk,3,Loyal Customers
3680,53,Female,Coat,Outerwear,91,Idaho,M,Violet,Summer,2.5,No,Store Pickup,No,5,Cash,Bi-Weekly,Middle-aged,14,546,0,5,Bronze,0.8875,0.0,0.08163265306122448,0,37.95,At Risk,1,High-Spending Customers
3681,22,Female,Sunglasses,Accessories,36,Iowa,S,Blue,Winter,2.9,No,Standard,No,30,Debit Card,Quarterly,Young Adult,90,1116,0,30,Silver,0.2,0.15999999999999992,0.5918367346938774,0,28.96,At Risk,3,Loyal Customers
3682,26,Female,Gloves,Accessories,73,Connecticut,XL,Magenta,Fall,4.2,No,Next Day Air,No,33,Debit Card,Monthly,Young Adult,30,2482,0,33,Premium,0.6625000000000001,0.6800000000000002,0.6530612244897959,0,59.69,Average,2,Premium Customers
3683,42,Female,Shirt,Clothing,60,Wyoming,M,Maroon,Fall,4.6,No,Store Pickup,No,46,Venmo,Bi-Weekly,Adult,14,2820,0,46,Premium,0.5,0.8399999999999999,0.9183673469387754,0,64.35,Healthy,2,Premium Customers
3684,30,Female,Socks,Clothing,77,Mississippi,M,Purple,Winter,3.0,No,Free Shipping,No,17,Venmo,Fortnightly,Young Adult,14,1386,0,17,Gold,0.7125,0.20000000000000018,0.32653061224489793,0,42.3,Average,1,High-Spending Customers
3685,29,Female,Skirt,Clothing,86,Pennsylvania,L,Charcoal,Spring,4.4,No,Free Shipping,No,47,Credit Card,Bi-Weekly,Young Adult,14,4128,0,47,Premium,0.825,0.7600000000000002,0.9387755102040816,0,76.36,Healthy,2,Premium Customers
3686,47,Female,Shorts,Clothing,42,Tennessee,L,Red,Summer,2.6,No,Standard,No,17,Cash,Bi-Weekly,Middle-aged,14,756,0,17,Silver,0.275,0.040000000000000036,0.32653061224489793,0,21.6,At Risk,0,At-Risk Customers
3687,59,Female,Sandals,Footwear,70,Louisiana,M,Charcoal,Spring,4.8,No,Free Shipping,No,17,Cash,Bi-Weekly,Senior,14,1260,0,17,Silver,0.625,0.9199999999999999,0.32653061224489793,0,53.2,Average,1,High-Spending Customers
3688,34,Female,Shirt,Clothing,44,Arkansas,L,Lavender,Summer,2.9,No,Next Day Air,No,28,Bank Transfer,Every 3 Months,Adult,90,1276,0,28,Silver,0.30000000000000004,0.15999999999999992,0.5510204081632653,0,31.73,At Risk,3,Loyal Customers
3689,52,Female,Sunglasses,Accessories,91,West Virginia,L,White,Spring,3.0,No,Next Day Air,No,8,Cash,Monthly,Middle-aged,30,819,0,8,Silver,0.8875,0.20000000000000018,0.14285714285714285,0,43.79,Average,1,High-Spending Customers
3690,47,Female,Jewelry,Accessories,30,South Carolina,L,Red,Fall,4.5,No,Standard,No,8,Bank Transfer,Quarterly,Middle-aged,90,270,0,8,Bronze,0.125,0.8,0.14285714285714285,0,25.29,At Risk,0,At-Risk Customers
3691,24,Female,Blouse,Clothing,23,Kansas,S,Violet,Fall,3.7,No,Store Pickup,No,4,Bank Transfer,Bi-Weekly,Young Adult,14,115,0,4,Bronze,0.03750000000000003,0.4800000000000002,0.061224489795918366,0,12.94,At Risk,0,At-Risk Customers
3692,63,Female,Sandals,Footwear,21,Michigan,XL,Orange,Summer,4.8,No,Next Day Air,No,24,PayPal,Weekly,Senior,7,525,0,24,Bronze,0.012500000000000011,0.9199999999999999,0.4693877551020408,0,32.98,At Risk,0,At-Risk Customers
3693,59,Female,Coat,Outerwear,34,Alabama,L,Turquoise,Spring,4.8,No,Free Shipping,No,29,Cash,Fortnightly,Senior,14,1020,0,29,Silver,0.17500000000000004,0.9199999999999999,0.5714285714285714,0,42.54,Average,3,Loyal Customers
3694,66,Female,Blouse,Clothing,46,South Dakota,M,Violet,Summer,4.7,No,2-Day Shipping,No,10,Venmo,Weekly,Senior,7,506,0,10,Bronze,0.32500000000000007,0.8800000000000001,0.18367346938775508,0,36.11,At Risk,0,At-Risk Customers
3695,45,Female,Sweater,Clothing,41,Rhode Island,M,Blue,Winter,2.6,No,Express,No,11,PayPal,Bi-Weekly,Middle-aged,14,492,0,11,Bronze,0.26250000000000007,0.040000000000000036,0.2040816326530612,0,17.42,At Risk,0,At-Risk Customers
3696,38,Female,Skirt,Clothing,33,Florida,M,White,Fall,4.6,No,Standard,No,18,Bank Transfer,Fortnightly,Adult,14,627,0,18,Bronze,0.16250000000000003,0.8399999999999999,0.346938775510204,0,33.71,At Risk,0,At-Risk Customers
3697,63,Female,Blouse,Clothing,48,Connecticut,L,Turquoise,Fall,3.4,No,Next Day Air,No,26,Bank Transfer,Annually,Senior,365,1296,0,26,Silver,0.3500000000000001,0.3600000000000001,0.510204081632653,0,36.51,At Risk,3,Loyal Customers
3698,55,Female,Hoodie,Clothing,66,Pennsylvania,L,Pink,Winter,3.0,No,Standard,No,39,Cash,Weekly,Middle-aged,7,2640,0,39,Premium,0.5750000000000001,0.20000000000000018,0.7755102040816325,0,50.27,Average,3,Loyal Customers
3699,25,Female,Skirt,Clothing,54,California,XL,Maroon,Spring,4.0,No,2-Day Shipping,No,4,Venmo,Annually,Young Adult,365,270,0,4,Bronze,0.42500000000000004,0.6000000000000001,0.061224489795918366,0,30.84,At Risk,0,At-Risk Customers
3700,51,Female,Backpack,Accessories,55,Oklahoma,M,Olive,Fall,2.6,No,Store Pickup,No,24,Bank Transfer,Weekly,Middle-aged,7,1375,0,24,Gold,0.4375,0.040000000000000036,0.4693877551020408,0,32.38,At Risk,0,At-Risk Customers
3701,28,Female,Handbag,Accessories,84,North Dakota,XL,Charcoal,Summer,3.4,No,Store Pickup,No,2,Bank Transfer,Every 3 Months,Young Adult,90,252,0,2,Bronze,0.8,0.3600000000000001,0.02040816326530612,0,39.81,At Risk,1,High-Spending Customers
3702,46,Female,Sandals,Footwear,66,New Mexico,M,Charcoal,Spring,4.5,No,Store Pickup,No,36,Cash,Annually,Middle-aged,365,2442,0,36,Premium,0.5750000000000001,0.8,0.7142857142857142,0,60.43,Healthy,2,Premium Customers
3703,58,Female,Shoes,Footwear,65,South Carolina,M,Indigo,Spring,2.7,No,Store Pickup,No,36,Venmo,Weekly,Senior,7,2405,0,36,Premium,0.5625,0.08000000000000007,0.7142857142857142,0,45.53,Average,3,Loyal Customers
3704,30,Female,Sandals,Footwear,83,Michigan,S,Teal,Fall,2.9,No,Standard,No,23,PayPal,Every 3 Months,Young Adult,90,1992,0,23,Gold,0.7875000000000001,0.15999999999999992,0.44897959183673464,0,48.17,Average,1,High-Spending Customers
3705,68,Female,Sunglasses,Accessories,61,Missouri,L,Black,Winter,4.0,No,Store Pickup,No,36,Credit Card,Quarterly,Senior,90,2257,0,36,Gold,0.5125000000000001,0.6000000000000001,0.7142857142857142,0,53.93,Average,3,Loyal Customers
3706,28,Female,Skirt,Clothing,65,Colorado,L,Teal,Summer,3.2,No,Free Shipping,No,2,Debit Card,Annually,Young Adult,365,195,0,2,Bronze,0.5625,0.28000000000000025,0.02040816326530612,0,28.71,At Risk,0,At-Risk Customers
3707,26,Female,Sandals,Footwear,55,Kansas,M,Green,Spring,4.0,No,Store Pickup,No,17,Cash,Bi-Weekly,Young Adult,14,990,0,17,Silver,0.4375,0.6000000000000001,0.32653061224489793,0,39.3,At Risk,1,High-Spending Customers
3708,35,Female,Gloves,Accessories,79,Illinois,M,Gold,Fall,3.4,No,2-Day Shipping,No,19,Venmo,Weekly,Adult,7,1580,0,19,Gold,0.7375,0.3600000000000001,0.36734693877551017,0,47.72,Average,1,High-Spending Customers
3709,40,Female,Hoodie,Clothing,96,South Carolina,M,Red,Fall,4.9,No,Express,No,41,PayPal,Monthly,Adult,30,4032,0,41,Premium,0.9500000000000002,0.9600000000000002,0.8163265306122448,0,81.69,Excellent,2,Premium Customers
3710,31,Female,Socks,Clothing,43,Utah,M,Silver,Fall,3.6,No,Free Shipping,No,27,PayPal,Quarterly,Young Adult,90,1204,0,27,Silver,0.2875,0.44000000000000017,0.5306122448979591,0,36.22,At Risk,3,Loyal Customers
3711,60,Female,Jewelry,Accessories,40,Hawaii,M,Yellow,Summer,3.6,No,2-Day Shipping,No,32,Bank Transfer,Fortnightly,Senior,14,1320,0,32,Silver,0.25,0.44000000000000017,0.6326530612244897,0,37.78,At Risk,3,Loyal Customers
3712,69,Female,Hat,Accessories,62,Texas,XL,Peach,Fall,3.2,No,Free Shipping,No,33,Cash,Annually,Senior,365,2108,0,33,Gold,0.525,0.28000000000000025,0.6530612244897959,0,46.19,Average,3,Loyal Customers
3713,51,Female,Blouse,Clothing,72,Oregon,M,Turquoise,Spring,3.7,No,2-Day Shipping,No,24,PayPal,Quarterly,Middle-aged,90,1800,0,24,Gold,0.65,0.4800000000000002,0.4693877551020408,0,49.68,Average,1,High-Spending Customers
3714,49,Female,Shoes,Footwear,87,Arizona,M,Peach,Spring,2.6,No,Express,No,31,Debit Card,Every 3 Months,Middle-aged,90,2784,0,31,Premium,0.8375000000000001,0.040000000000000036,0.6122448979591836,0,52.67,Average,2,Premium Customers
3715,18,Female,Hat,Accessories,31,New York,S,Peach,Winter,3.9,No,Express,No,35,Credit Card,Weekly,Young Adult,7,1116,0,35,Silver,0.1375,0.56,0.693877551020408,0,37.52,At Risk,3,Loyal Customers
3716,63,Female,Sunglasses,Accessories,34,Nebraska,S,Orange,Fall,3.4,No,Free Shipping,No,2,Bank Transfer,Monthly,Senior,30,102,0,2,Bronze,0.17500000000000004,0.3600000000000001,0.02040816326530612,0,14.81,At Risk,0,At-Risk Customers
3717,57,Female,Shirt,Clothing,53,Vermont,M,Charcoal,Fall,3.4,No,Next Day Air,No,42,Debit Card,Every 3 Months,Middle-aged,90,2279,0,42,Gold,0.4125000000000001,0.3600000000000001,0.836734693877551,0,48.8,Average,3,Loyal Customers
3718,45,Female,T-shirt,Clothing,85,Maryland,XL,White,Summer,4.2,No,Express,No,47,Bank Transfer,Every 3 Months,Middle-aged,90,4080,0,47,Premium,0.8125,0.6800000000000002,0.9387755102040816,0,74.26,Healthy,2,Premium Customers
3719,36,Female,Pants,Clothing,50,Tennessee,L,Turquoise,Fall,2.9,No,Standard,No,44,Bank Transfer,Bi-Weekly,Adult,14,2250,0,44,Gold,0.375,0.15999999999999992,0.8775510204081631,0,44.53,Average,3,Loyal Customers
3720,20,Female,Pants,Clothing,91,Pennsylvania,M,Red,Summer,4.1,No,Free Shipping,No,8,Bank Transfer,Every 3 Months,Young Adult,90,819,0,8,Silver,0.8875,0.6399999999999999,0.14285714285714285,0,52.59,Average,1,High-Spending Customers
3721,21,Female,Hat,Accessories,56,South Carolina,M,Peach,Fall,3.6,No,Free Shipping,No,13,Credit Card,Quarterly,Young Adult,90,784,0,13,Silver,0.45000000000000007,0.44000000000000017,0.24489795918367344,0,34.15,At Risk,0,At-Risk Customers
3722,62,Female,Coat,Outerwear,60,Connecticut,L,Pink,Fall,4.0,No,Next Day Air,No,10,Cash,Annually,Senior,365,660,0,10,Bronze,0.5,0.6000000000000001,0.18367346938775508,0,37.51,At Risk,1,High-Spending Customers
3723,23,Female,Jacket,Outerwear,34,Kentucky,XL,Yellow,Fall,4.0,No,Standard,No,1,Credit Card,Fortnightly,Young Adult,14,68,0,1,Bronze,0.17500000000000004,0.6000000000000001,0.0,0,19.0,At Risk,0,At-Risk Customers
3724,26,Female,Sandals,Footwear,30,Rhode Island,M,Beige,Spring,3.6,No,Free Shipping,No,1,Debit Card,Monthly,Young Adult,30,60,0,1,Bronze,0.125,0.44000000000000017,0.0,0,13.8,At Risk,0,At-Risk Customers
3725,30,Female,Gloves,Accessories,71,Colorado,L,Green,Winter,3.1,No,Express,No,18,Bank Transfer,Annually,Young Adult,365,1349,0,18,Gold,0.6375000000000001,0.2400000000000002,0.346938775510204,0,40.71,Average,1,High-Spending Customers
3726,18,Female,Dress,Clothing,100,Oklahoma,S,Turquoise,Winter,4.4,No,Next Day Air,No,2,PayPal,Annually,Young Adult,365,300,0,2,Bronze,1.0,0.7600000000000002,0.02040816326530612,0,55.81,Average,1,High-Spending Customers
3727,47,Female,Belt,Accessories,85,Idaho,XL,Orange,Fall,4.3,No,Next Day Air,No,36,Debit Card,Every 3 Months,Middle-aged,90,3145,0,36,Premium,0.8125,0.72,0.7142857142857142,0,68.33,Healthy,2,Premium Customers
3728,41,Female,Socks,Clothing,83,Maine,M,Gold,Summer,3.5,No,Next Day Air,No,17,Debit Card,Bi-Weekly,Adult,14,1494,0,17,Gold,0.7875000000000001,0.40000000000000013,0.32653061224489793,0,49.3,Average,1,High-Spending Customers
3729,62,Female,Jacket,Outerwear,31,Vermont,L,Red,Winter,3.0,No,Standard,No,1,Debit Card,Annually,Senior,365,62,0,1,Bronze,0.1375,0.20000000000000018,0.0,0,9.5,At Risk,0,At-Risk Customers
3730,28,Female,Boots,Footwear,82,Rhode Island,M,Teal,Spring,4.7,No,2-Day Shipping,No,50,Cash,Quarterly,Young Adult,90,4182,0,50,Premium,0.7750000000000001,0.8800000000000001,1.0,0,78.6,Healthy,2,Premium Customers
3731,46,Female,Shirt,Clothing,79,Florida,M,Teal,Summer,2.5,No,2-Day Shipping,No,3,Credit Card,Bi-Weekly,Middle-aged,14,316,0,3,Bronze,0.7375,0.0,0.04081632653061225,0,30.72,At Risk,0,At-Risk Customers
3732,54,Female,Hat,Accessories,62,West Virginia,M,Lavender,Spring,3.1,No,2-Day Shipping,No,45,PayPal,Quarterly,Middle-aged,90,2852,0,45,Premium,0.525,0.2400000000000002,0.8979591836734693,0,52.74,Average,2,Premium Customers
3733,36,Female,Shoes,Footwear,92,Indiana,L,Pink,Spring,3.3,No,Free Shipping,No,28,PayPal,Annually,Adult,365,2668,0,28,Premium,0.9000000000000001,0.32000000000000006,0.5510204081632653,0,58.93,Average,2,Premium Customers
3734,25,Female,Socks,Clothing,58,Illinois,M,Maroon,Fall,4.7,No,Next Day Air,No,6,Debit Card,Every 3 Months,Young Adult,90,406,0,6,Bronze,0.4750000000000001,0.8800000000000001,0.10204081632653061,0,39.66,At Risk,1,High-Spending Customers
3735,38,Female,Hoodie,Clothing,88,California,M,Beige,Spring,3.4,No,Next Day Air,No,33,Debit Card,Every 3 Months,Adult,90,2992,0,33,Premium,0.8500000000000001,0.3600000000000001,0.6530612244897959,0,60.79,Healthy,2,Premium Customers
3736,38,Female,Sandals,Footwear,44,Massachusetts,L,Orange,Spring,3.1,No,2-Day Shipping,No,29,PayPal,Annually,Adult,365,1320,0,29,Silver,0.30000000000000004,0.2400000000000002,0.5714285714285714,0,33.94,At Risk,3,Loyal Customers
3737,42,Female,Jeans,Clothing,56,Idaho,M,Red,Spring,4.6,No,Store Pickup,No,2,PayPal,Every 3 Months,Adult,90,168,0,2,Bronze,0.45000000000000007,0.8399999999999999,0.02040816326530612,0,35.41,At Risk,0,At-Risk Customers
3738,19,Female,Jewelry,Accessories,23,Kentucky,S,Maroon,Winter,4.9,No,Free Shipping,No,43,PayPal,Bi-Weekly,Young Adult,14,1012,0,43,Silver,0.03750000000000003,0.9600000000000002,0.8571428571428571,0,46.41,Average,3,Loyal Customers
3739,34,Female,Shorts,Clothing,45,Delaware,M,Brown,Spring,2.7,No,Free Shipping,No,48,Cash,Fortnightly,Adult,14,2205,0,48,Gold,0.3125,0.08000000000000007,0.9591836734693877,0,42.88,Average,3,Loyal Customers
3740,38,Female,Sunglasses,Accessories,31,Idaho,M,Olive,Fall,4.2,No,Free Shipping,No,43,Credit Card,Weekly,Adult,7,1364,0,43,Gold,0.1375,0.6800000000000002,0.8571428571428571,0,44.81,Average,3,Loyal Customers
3741,42,Female,Pants,Clothing,96,Virginia,M,Silver,Summer,2.6,No,Store Pickup,No,26,Debit Card,Bi-Weekly,Adult,14,2592,0,26,Premium,0.9500000000000002,0.040000000000000036,0.510204081632653,0,54.11,Average,2,Premium Customers
3742,58,Female,Shirt,Clothing,96,Arizona,M,Purple,Spring,3.2,No,2-Day Shipping,No,26,Debit Card,Bi-Weekly,Senior,14,2592,0,26,Premium,0.9500000000000002,0.28000000000000025,0.510204081632653,0,58.91,Average,2,Premium Customers
3743,56,Female,Shirt,Clothing,80,Maryland,M,Gray,Fall,4.4,No,Standard,No,50,Credit Card,Bi-Weekly,Middle-aged,14,4080,0,50,Premium,0.75,0.7600000000000002,1.0,0,75.2,Healthy,2,Premium Customers
3744,62,Female,Pants,Clothing,28,Idaho,L,Cyan,Fall,3.6,No,Free Shipping,No,36,Debit Card,Quarterly,Senior,90,1036,0,36,Silver,0.10000000000000003,0.44000000000000017,0.7142857142857142,0,34.23,At Risk,3,Loyal Customers
3745,24,Female,Hoodie,Clothing,51,New Jersey,M,Gray,Summer,2.7,No,Next Day Air,No,26,Bank Transfer,Fortnightly,Young Adult,14,1377,0,26,Gold,0.38750000000000007,0.08000000000000007,0.510204081632653,0,32.41,At Risk,3,Loyal Customers
3746,60,Female,Socks,Clothing,41,Washington,L,Gold,Spring,4.3,No,Express,No,2,Debit Card,Monthly,Senior,30,123,0,2,Bronze,0.26250000000000007,0.72,0.02040816326530612,0,25.51,At Risk,0,At-Risk Customers
3747,53,Female,Coat,Outerwear,99,Idaho,XL,Cyan,Summer,2.6,No,Next Day Air,No,49,PayPal,Monthly,Middle-aged,30,4950,0,49,Premium,0.9875,0.040000000000000036,0.9795918367346937,0,69.69,Healthy,2,Premium Customers
3748,26,Female,Sweater,Clothing,53,Rhode Island,L,Olive,Spring,4.3,No,Store Pickup,No,32,Bank Transfer,Bi-Weekly,Young Adult,14,1749,0,32,Gold,0.4125000000000001,0.72,0.6326530612244897,0,49.88,Average,3,Loyal Customers
3749,34,Female,Backpack,Accessories,25,Delaware,M,Violet,Fall,3.9,No,2-Day Shipping,No,3,Venmo,Annually,Adult,365,100,0,3,Bronze,0.0625,0.56,0.04081632653061225,0,14.92,At Risk,0,At-Risk Customers
3750,24,Female,Blouse,Clothing,95,Alaska,L,Yellow,Winter,2.9,No,2-Day Shipping,No,38,Venmo,Every 3 Months,Young Adult,90,3705,0,38,Premium,0.9375,0.15999999999999992,0.7551020408163265,0,63.35,Healthy,2,Premium Customers
3751,42,Female,Hoodie,Clothing,88,Arizona,M,Gold,Fall,3.1,No,Free Shipping,No,5,PayPal,Monthly,Adult,30,528,0,5,Bronze,0.8500000000000001,0.2400000000000002,0.08163265306122448,0,41.25,Average,1,High-Spending Customers
3752,36,Female,Jewelry,Accessories,97,Alabama,S,Silver,Fall,4.2,No,Free Shipping,No,8,Credit Card,Every 3 Months,Adult,90,873,0,8,Silver,0.9625000000000001,0.6800000000000002,0.14285714285714285,0,56.39,Average,1,High-Spending Customers
3753,24,Female,Coat,Outerwear,81,Washington,L,Pink,Winter,4.1,No,2-Day Shipping,No,43,Venmo,Weekly,Young Adult,7,3564,0,43,Premium,0.7625,0.6399999999999999,0.8571428571428571,0,69.01,Healthy,2,Premium Customers
3754,39,Female,Sunglasses,Accessories,26,Louisiana,S,Turquoise,Winter,4.2,No,Next Day Air,No,22,Bank Transfer,Fortnightly,Adult,14,598,0,22,Bronze,0.07500000000000001,0.6800000000000002,0.4285714285714285,0,29.46,At Risk,0,At-Risk Customers
3755,46,Female,Shoes,Footwear,41,Nebraska,M,Turquoise,Summer,4.4,No,Express,No,10,Cash,Every 3 Months,Middle-aged,90,451,0,10,Bronze,0.26250000000000007,0.7600000000000002,0.18367346938775508,0,31.21,At Risk,0,At-Risk Customers
3756,64,Female,Skirt,Clothing,93,Pennsylvania,M,Peach,Fall,3.4,No,Free Shipping,No,26,Credit Card,Monthly,Senior,30,2511,0,26,Premium,0.9125000000000001,0.3600000000000001,0.510204081632653,0,59.01,Average,2,Premium Customers
3757,64,Female,Skirt,Clothing,69,South Carolina,L,Teal,Spring,4.8,No,Express,No,42,Debit Card,Bi-Weekly,Senior,14,2967,0,42,Premium,0.6125,0.9199999999999999,0.836734693877551,0,68.0,Healthy,2,Premium Customers
3758,61,Female,Skirt,Clothing,44,California,L,Red,Fall,4.5,No,2-Day Shipping,No,33,Cash,Weekly,Senior,7,1496,0,33,Gold,0.30000000000000004,0.8,0.6530612244897959,0,47.59,Average,3,Loyal Customers
3759,61,Female,Sandals,Footwear,54,Indiana,S,Black,Spring,2.7,No,Store Pickup,No,23,Bank Transfer,Quarterly,Senior,90,1296,0,23,Silver,0.42500000000000004,0.08000000000000007,0.44897959183673464,0,32.07,At Risk,0,At-Risk Customers
3760,44,Female,Sneakers,Footwear,61,Missouri,M,Pink,Spring,3.5,No,Store Pickup,No,30,Venmo,Quarterly,Adult,90,1891,0,30,Gold,0.5125000000000001,0.40000000000000013,0.5918367346938774,0,46.26,Average,3,Loyal Customers
3761,65,Female,Socks,Clothing,80,Connecticut,M,Peach,Fall,3.1,No,Next Day Air,No,36,PayPal,Weekly,Senior,7,2960,0,36,Premium,0.75,0.2400000000000002,0.7142857142857142,0,56.23,Average,2,Premium Customers
3762,60,Female,Backpack,Accessories,30,Nevada,M,Green,Summer,2.8,No,Next Day Air,No,3,Venmo,Every 3 Months,Senior,90,120,0,3,Bronze,0.125,0.11999999999999988,0.04081632653061225,0,8.62,At Risk,0,At-Risk Customers
3763,65,Female,Shorts,Clothing,94,New York,L,Green,Fall,2.9,No,Store Pickup,No,13,PayPal,Annually,Senior,365,1316,0,13,Silver,0.925,0.15999999999999992,0.24489795918367344,0,47.55,Average,1,High-Spending Customers
3764,27,Female,Shirt,Clothing,24,Oklahoma,XL,Red,Winter,4.5,No,Standard,No,38,Cash,Every 3 Months,Young Adult,90,936,0,38,Silver,0.050000000000000044,0.8,0.7551020408163265,0,40.65,Average,3,Loyal Customers
3765,36,Female,Socks,Clothing,21,South Dakota,M,Maroon,Fall,3.5,No,Next Day Air,No,19,Venmo,Monthly,Adult,30,420,0,19,Bronze,0.012500000000000011,0.40000000000000013,0.36734693877551017,0,19.52,At Risk,0,At-Risk Customers
3766,22,Female,Jewelry,Accessories,52,Missouri,M,Green,Summer,4.3,No,Standard,No,14,Bank Transfer,Bi-Weekly,Young Adult,14,780,0,14,Silver,0.4,0.72,0.26530612244897955,0,38.36,At Risk,0,At-Risk Customers
3767,62,Female,Handbag,Accessories,59,Texas,M,Black,Fall,4.9,No,Next Day Air,No,43,Debit Card,Annually,Senior,365,2596,0,43,Premium,0.48750000000000004,0.9600000000000002,0.8571428571428571,0,64.41,Healthy,2,Premium Customers
3768,59,Female,Shorts,Clothing,51,New York,XL,Black,Summer,3.1,No,Free Shipping,No,10,Bank Transfer,Fortnightly,Senior,14,561,0,10,Bronze,0.38750000000000007,0.2400000000000002,0.18367346938775508,0,25.81,At Risk,0,At-Risk Customers
3769,50,Female,Sweater,Clothing,35,Vermont,M,Yellow,Winter,4.0,No,Free Shipping,No,34,Bank Transfer,Quarterly,Middle-aged,90,1225,0,34,Silver,0.1875,0.6000000000000001,0.673469387755102,0,39.7,At Risk,3,Loyal Customers
3770,51,Female,Gloves,Accessories,87,Arizona,L,Green,Summer,3.6,No,Standard,No,31,Venmo,Annually,Middle-aged,365,2784,0,31,Premium,0.8375000000000001,0.44000000000000017,0.6122448979591836,0,60.67,Healthy,2,Premium Customers
3771,23,Female,Pants,Clothing,42,Montana,L,Black,Summer,4.0,No,Store Pickup,No,34,Bank Transfer,Weekly,Young Adult,7,1470,0,34,Gold,0.275,0.6000000000000001,0.673469387755102,0,43.2,Average,3,Loyal Customers
3772,21,Female,T-shirt,Clothing,86,Oklahoma,M,Red,Winter,2.6,No,Express,No,28,Venmo,Bi-Weekly,Young Adult,14,2494,0,28,Premium,0.825,0.040000000000000036,0.5510204081632653,0,50.33,Average,2,Premium Customers
3773,44,Female,Pants,Clothing,26,New Hampshire,L,Yellow,Fall,3.1,No,Next Day Air,No,35,Cash,Annually,Adult,365,936,0,35,Silver,0.07500000000000001,0.2400000000000002,0.693877551020408,0,28.62,At Risk,3,Loyal Customers
3774,25,Female,Sweater,Clothing,60,Wisconsin,M,Violet,Summer,3.5,No,Store Pickup,No,41,Cash,Quarterly,Young Adult,90,2520,0,41,Premium,0.5,0.40000000000000013,0.8163265306122448,0,52.49,Average,3,Loyal Customers
3775,57,Female,Gloves,Accessories,83,Alaska,S,Cyan,Winter,3.9,No,Standard,No,48,PayPal,Fortnightly,Middle-aged,14,4067,0,48,Premium,0.7875000000000001,0.56,0.9591836734693877,0,71.48,Healthy,2,Premium Customers
3776,41,Female,Belt,Accessories,63,South Dakota,S,Pink,Spring,2.7,No,2-Day Shipping,No,45,Cash,Quarterly,Adult,90,2898,0,45,Premium,0.5375000000000001,0.08000000000000007,0.8979591836734693,0,50.04,Average,3,Loyal Customers
3777,19,Female,Sneakers,Footwear,25,Alaska,L,Olive,Spring,4.1,No,Standard,No,10,Credit Card,Fortnightly,Young Adult,14,275,0,10,Bronze,0.0625,0.6399999999999999,0.18367346938775508,0,20.81,At Risk,0,At-Risk Customers
3778,43,Female,Shorts,Clothing,65,Utah,M,Maroon,Fall,4.3,No,Express,No,9,Cash,Weekly,Adult,7,650,0,9,Bronze,0.5625,0.72,0.16326530612244897,0,41.8,Average,1,High-Spending Customers
3779,25,Female,Sneakers,Footwear,60,South Dakota,M,Cyan,Fall,2.9,No,Free Shipping,No,30,Debit Card,Annually,Young Adult,365,1860,0,30,Gold,0.5,0.15999999999999992,0.5918367346938774,0,40.96,Average,3,Loyal Customers
3780,60,Female,Jeans,Clothing,75,California,XL,Lavender,Spring,4.0,No,Express,No,45,PayPal,Annually,Senior,365,3450,0,45,Premium,0.6875,0.6000000000000001,0.8979591836734693,0,66.44,Healthy,2,Premium Customers
3781,54,Female,Sneakers,Footwear,57,Mississippi,L,Yellow,Fall,4.1,No,Free Shipping,No,41,Venmo,Quarterly,Middle-aged,90,2394,0,41,Premium,0.4625,0.6399999999999999,0.8163265306122448,0,55.79,Average,3,Loyal Customers
3782,52,Female,Boots,Footwear,99,Tennessee,M,Pink,Winter,3.7,No,Standard,No,40,PayPal,Fortnightly,Middle-aged,14,4059,0,40,Premium,0.9875,0.4800000000000002,0.7959183673469387,0,72.98,Healthy,2,Premium Customers
3783,40,Female,Jacket,Outerwear,45,Alabama,L,Orange,Spring,2.8,No,Free Shipping,No,42,PayPal,Fortnightly,Adult,14,1935,0,42,Gold,0.3125,0.11999999999999988,0.836734693877551,0,40.0,At Risk,3,Loyal Customers
3784,39,Female,Gloves,Accessories,66,Maine,XL,Orange,Summer,3.2,No,Free Shipping,No,17,Debit Card,Fortnightly,Adult,14,1188,0,17,Silver,0.5750000000000001,0.28000000000000025,0.32653061224489793,0,38.4,At Risk,1,High-Spending Customers
3785,54,Female,Socks,Clothing,53,Virginia,M,Violet,Winter,4.5,No,Next Day Air,No,4,Venmo,Annually,Middle-aged,365,265,0,4,Bronze,0.4125000000000001,0.8,0.061224489795918366,0,34.34,At Risk,0,At-Risk Customers
3786,64,Female,Jeans,Clothing,94,New Hampshire,L,Lavender,Winter,3.8,No,Standard,No,6,Cash,Monthly,Senior,30,658,0,6,Bronze,0.925,0.52,0.10204081632653061,0,50.46,Average,1,High-Spending Customers
3787,31,Female,Boots,Footwear,47,Tennessee,L,Yellow,Fall,3.6,No,2-Day Shipping,No,22,Venmo,Weekly,Young Adult,7,1081,0,22,Silver,0.3375,0.44000000000000017,0.4285714285714285,0,35.16,At Risk,0,At-Risk Customers
3788,37,Female,Blouse,Clothing,80,New York,M,Pink,Fall,3.6,No,2-Day Shipping,No,46,PayPal,Every 3 Months,Adult,90,3760,0,46,Premium,0.75,0.44000000000000017,0.9183673469387754,0,66.35,Healthy,2,Premium Customers
3789,43,Female,Hat,Accessories,65,Kansas,XL,Teal,Spring,3.2,No,Next Day Air,No,27,Debit Card,Monthly,Adult,30,1820,0,27,Gold,0.5625,0.28000000000000025,0.5306122448979591,0,44.02,Average,3,Loyal Customers
3790,56,Female,Shirt,Clothing,75,North Dakota,M,Magenta,Summer,3.8,No,Express,No,18,Bank Transfer,Every 3 Months,Middle-aged,90,1425,0,18,Gold,0.6875,0.52,0.346938775510204,0,48.31,Average,1,High-Spending Customers
3791,27,Female,Handbag,Accessories,45,Alaska,XL,Beige,Summer,4.4,No,Standard,No,31,Credit Card,Weekly,Young Adult,7,1440,0,31,Gold,0.3125,0.7600000000000002,0.6122448979591836,0,46.07,Average,3,Loyal Customers
3792,40,Female,Sunglasses,Accessories,51,Texas,M,Gray,Spring,3.7,No,Store Pickup,No,1,Venmo,Weekly,Adult,7,102,0,1,Bronze,0.38750000000000007,0.4800000000000002,0.0,0,25.1,At Risk,0,At-Risk Customers
3793,43,Female,Scarf,Accessories,58,Massachusetts,S,Turquoise,Summer,2.6,No,Express,No,2,PayPal,Fortnightly,Adult,14,174,0,2,Bronze,0.4750000000000001,0.040000000000000036,0.02040816326530612,0,20.41,At Risk,0,At-Risk Customers
3794,62,Female,Sunglasses,Accessories,20,Delaware,M,Pink,Fall,4.0,No,Standard,No,46,Bank Transfer,Annually,Senior,365,940,0,46,Silver,0.0,0.6000000000000001,0.9183673469387754,0,39.55,At Risk,3,Loyal Customers
3795,44,Female,Scarf,Accessories,82,South Dakota,M,Violet,Summer,3.6,No,2-Day Shipping,No,27,Venmo,Weekly,Adult,7,2296,0,27,Premium,0.7750000000000001,0.44000000000000017,0.5306122448979591,0,55.72,Average,2,Premium Customers
3796,45,Female,Gloves,Accessories,92,Arkansas,M,Charcoal,Spring,2.5,No,Express,No,3,Cash,Weekly,Middle-aged,7,368,0,3,Bronze,0.9000000000000001,0.0,0.04081632653061225,0,37.22,At Risk,1,High-Spending Customers
3797,40,Female,Shorts,Clothing,81,Utah,M,Lavender,Fall,3.2,No,Free Shipping,No,47,Bank Transfer,Quarterly,Adult,90,3888,0,47,Premium,0.7625,0.28000000000000025,0.9387755102040816,0,64.26,Healthy,2,Premium Customers
3798,68,Female,Sunglasses,Accessories,44,California,M,Gray,Summer,2.5,No,Next Day Air,No,20,Cash,Quarterly,Senior,90,924,0,20,Silver,0.30000000000000004,0.0,0.38775510204081626,0,23.63,At Risk,0,At-Risk Customers
3799,63,Female,Jewelry,Accessories,72,Rhode Island,S,Brown,Winter,3.2,No,Next Day Air,No,23,Credit Card,Annually,Senior,365,1728,0,23,Gold,0.65,0.28000000000000025,0.44897959183673464,0,45.07,Average,1,High-Spending Customers
3800,60,Female,Jacket,Outerwear,26,Oklahoma,L,Violet,Winter,2.6,No,Store Pickup,No,13,Credit Card,Monthly,Senior,30,364,0,13,Bronze,0.07500000000000001,0.040000000000000036,0.24489795918367344,0,11.15,At Risk,0,At-Risk Customers
3801,19,Female,Sweater,Clothing,26,Vermont,M,Turquoise,Fall,4.8,No,Next Day Air,No,12,Venmo,Bi-Weekly,Young Adult,14,338,0,12,Bronze,0.07500000000000001,0.9199999999999999,0.22448979591836735,0,28.13,At Risk,0,At-Risk Customers
3802,26,Female,Blouse,Clothing,84,Kentucky,M,Peach,Spring,5.0,No,Store Pickup,No,36,PayPal,Fortnightly,Young Adult,14,3108,0,36,Premium,0.8,1.0,0.7142857142857142,0,73.43,Healthy,2,Premium Customers
3803,70,Female,Scarf,Accessories,72,Illinois,S,Turquoise,Spring,3.2,No,2-Day Shipping,No,1,Bank Transfer,Monthly,Senior,30,144,0,1,Bronze,0.65,0.28000000000000025,0.0,0,31.6,At Risk,0,At-Risk Customers
3804,48,Female,Handbag,Accessories,55,Connecticut,M,Violet,Spring,3.6,No,Standard,No,14,Debit Card,Weekly,Middle-aged,7,825,0,14,Silver,0.4375,0.44000000000000017,0.26530612244897955,0,34.26,At Risk,0,At-Risk Customers
3805,37,Female,Hat,Accessories,77,Florida,M,Olive,Fall,2.7,No,2-Day Shipping,No,45,Cash,Annually,Adult,365,3542,0,45,Premium,0.7125,0.08000000000000007,0.8979591836734693,0,57.04,Average,2,Premium Customers
3806,48,Female,Scarf,Accessories,57,New Jersey,M,Green,Fall,3.1,No,Standard,No,31,Credit Card,Quarterly,Middle-aged,90,1824,0,31,Gold,0.4625,0.2400000000000002,0.6122448979591836,0,41.67,Average,3,Loyal Customers
3807,18,Female,Boots,Footwear,71,Missouri,M,Teal,Spring,3.0,No,Standard,No,41,PayPal,Weekly,Young Adult,7,2982,0,41,Premium,0.6375000000000001,0.20000000000000018,0.8163265306122448,0,53.99,Average,2,Premium Customers
3808,38,Female,Blouse,Clothing,39,Michigan,L,Peach,Spring,2.9,No,Next Day Air,No,36,PayPal,Annually,Adult,365,1443,0,36,Gold,0.23750000000000004,0.15999999999999992,0.7142857142857142,0,34.13,At Risk,3,Loyal Customers
3809,33,Female,Socks,Clothing,28,Washington,M,Pink,Winter,4.7,No,Express,No,6,Debit Card,Bi-Weekly,Adult,14,196,0,6,Bronze,0.10000000000000003,0.8800000000000001,0.10204081632653061,0,24.66,At Risk,0,At-Risk Customers
3810,57,Female,Shoes,Footwear,33,New York,S,Maroon,Winter,3.7,No,Standard,No,28,Credit Card,Annually,Middle-aged,365,957,0,28,Silver,0.16250000000000003,0.4800000000000002,0.5510204081632653,0,32.63,At Risk,3,Loyal Customers
3811,46,Female,Skirt,Clothing,79,Wisconsin,L,Peach,Fall,3.9,No,Free Shipping,No,29,Venmo,Monthly,Middle-aged,30,2370,0,29,Premium,0.7375,0.56,0.5714285714285714,0,57.84,Average,2,Premium Customers
3812,46,Female,Belt,Accessories,30,Idaho,M,Maroon,Winter,4.0,No,Standard,No,14,Cash,Monthly,Middle-aged,30,450,0,14,Bronze,0.125,0.6000000000000001,0.26530612244897955,0,24.96,At Risk,0,At-Risk Customers
3813,50,Female,Skirt,Clothing,75,Michigan,M,Pink,Spring,2.8,No,Next Day Air,No,7,Bank Transfer,Every 3 Months,Middle-aged,90,600,0,7,Bronze,0.6875,0.11999999999999988,0.12244897959183673,0,33.57,At Risk,1,High-Spending Customers
3814,61,Female,Pants,Clothing,89,Georgia,M,Orange,Summer,4.1,No,Express,No,31,Venmo,Bi-Weekly,Senior,14,2848,0,31,Premium,0.8625,0.6399999999999999,0.6122448979591836,0,65.67,Healthy,2,Premium Customers
3815,45,Female,Dress,Clothing,95,Michigan,M,Orange,Winter,4.2,No,Free Shipping,No,26,Bank Transfer,Every 3 Months,Middle-aged,90,2565,0,26,Premium,0.9375,0.6800000000000002,0.510204081632653,0,66.41,Healthy,2,Premium Customers
3816,32,Female,Hat,Accessories,44,Maine,M,Brown,Fall,4.3,No,Express,No,12,Venmo,Fortnightly,Adult,14,572,0,12,Bronze,0.30000000000000004,0.72,0.22448979591836735,0,33.13,At Risk,0,At-Risk Customers
3817,29,Female,Coat,Outerwear,86,Maryland,S,Silver,Summer,4.3,No,Store Pickup,No,45,Credit Card,Fortnightly,Young Adult,14,3956,0,45,Premium,0.825,0.72,0.8979591836734693,0,74.34,Healthy,2,Premium Customers
3818,66,Female,Scarf,Accessories,91,Missouri,M,Magenta,Fall,2.6,No,Express,No,40,PayPal,Annually,Senior,365,3731,0,40,Premium,0.8875,0.040000000000000036,0.7959183673469387,0,60.18,Healthy,2,Premium Customers
3819,70,Female,Sneakers,Footwear,41,Oregon,XL,Indigo,Winter,3.8,No,Free Shipping,No,42,Cash,Monthly,Senior,30,1763,0,42,Gold,0.26250000000000007,0.52,0.836734693877551,0,46.0,Average,3,Loyal Customers
3820,36,Female,Pants,Clothing,99,Arkansas,S,Gold,Spring,2.9,No,Express,No,45,Cash,Quarterly,Adult,90,4554,0,45,Premium,0.9875,0.15999999999999992,0.8979591836734693,0,69.64,Healthy,2,Premium Customers
3821,34,Female,Belt,Accessories,65,New Hampshire,M,Purple,Winter,5.0,No,Standard,No,34,Debit Card,Quarterly,Adult,90,2275,0,34,Gold,0.5625,1.0,0.673469387755102,0,62.7,Healthy,2,Premium Customers
3822,20,Female,Sneakers,Footwear,48,Oregon,M,Gold,Summer,4.6,No,Free Shipping,No,34,Credit Card,Every 3 Months,Young Adult,90,1680,0,34,Gold,0.3500000000000001,0.8399999999999999,0.673469387755102,0,51.0,Average,3,Loyal Customers
3823,70,Female,Hat,Accessories,41,Kansas,S,Gold,Spring,3.2,No,Free Shipping,No,17,PayPal,Every 3 Months,Senior,90,738,0,17,Silver,0.26250000000000007,0.28000000000000025,0.32653061224489793,0,25.9,At Risk,0,At-Risk Customers
3824,50,Female,Shirt,Clothing,42,California,M,Gold,Summer,3.0,No,Standard,No,27,Bank Transfer,Weekly,Middle-aged,7,1176,0,27,Silver,0.275,0.20000000000000018,0.5306122448979591,0,30.92,At Risk,0,At-Risk Customers
3825,54,Female,Shorts,Clothing,26,Georgia,M,Olive,Summer,4.0,No,Free Shipping,No,31,Credit Card,Quarterly,Middle-aged,90,832,0,31,Silver,0.07500000000000001,0.6000000000000001,0.6122448979591836,0,33.37,At Risk,3,Loyal Customers
3826,49,Female,Shorts,Clothing,35,Hawaii,L,Green,Fall,4.1,No,Express,No,47,Debit Card,Fortnightly,Middle-aged,14,1680,0,47,Gold,0.1875,0.6399999999999999,0.9387755102040816,0,48.46,Average,3,Loyal Customers
3827,50,Female,Jacket,Outerwear,31,Montana,M,Gray,Summer,4.0,No,Express,No,25,Bank Transfer,Annually,Middle-aged,365,806,0,25,Silver,0.1375,0.6000000000000001,0.4897959183673469,0,32.19,At Risk,0,At-Risk Customers
3828,62,Female,Jewelry,Accessories,73,Montana,M,Red,Summer,4.1,No,Standard,No,47,Cash,Fortnightly,Senior,14,3504,0,47,Premium,0.6625000000000001,0.6399999999999999,0.9387755102040816,0,67.46,Healthy,2,Premium Customers
3829,42,Female,Blouse,Clothing,82,Mississippi,M,Charcoal,Spring,3.4,No,Free Shipping,No,8,Cash,Weekly,Adult,7,738,0,8,Silver,0.7750000000000001,0.3600000000000001,0.14285714285714285,0,42.49,Average,1,High-Spending Customers
3830,69,Female,Pants,Clothing,32,Washington,M,Indigo,Spring,2.9,No,Free Shipping,No,32,Debit Card,Fortnightly,Senior,14,1056,0,32,Silver,0.15000000000000002,0.15999999999999992,0.6326530612244897,0,28.18,At Risk,3,Loyal Customers
3831,22,Female,Hat,Accessories,27,Pennsylvania,M,Indigo,Summer,3.0,No,2-Day Shipping,No,33,Bank Transfer,Every 3 Months,Young Adult,90,918,0,33,Silver,0.08750000000000002,0.20000000000000018,0.6530612244897959,0,27.09,At Risk,3,Loyal Customers
3832,36,Female,Backpack,Accessories,86,Nevada,L,Silver,Spring,4.0,No,Next Day Air,No,16,Debit Card,Every 3 Months,Adult,90,1462,0,16,Gold,0.825,0.6000000000000001,0.3061224489795918,0,54.18,Average,1,High-Spending Customers
3833,64,Female,Boots,Footwear,38,Kansas,XL,Purple,Winter,4.8,No,2-Day Shipping,No,27,Cash,Weekly,Senior,7,1064,0,27,Silver,0.22500000000000003,0.9199999999999999,0.5306122448979591,0,43.32,Average,3,Loyal Customers
3834,44,Female,Jacket,Outerwear,93,Arizona,L,Gray,Summer,4.6,No,Free Shipping,No,17,PayPal,Every 3 Months,Adult,90,1674,0,17,Gold,0.9125000000000001,0.8399999999999999,0.32653061224489793,0,63.1,Healthy,1,High-Spending Customers
3835,43,Female,Hoodie,Clothing,59,Tennessee,M,Magenta,Winter,4.1,No,2-Day Shipping,No,17,Cash,Quarterly,Adult,90,1062,0,17,Silver,0.48750000000000004,0.6399999999999999,0.32653061224489793,0,42.1,Average,1,High-Spending Customers
3836,58,Female,Sandals,Footwear,58,Pennsylvania,L,Silver,Winter,2.6,No,Express,No,28,PayPal,Bi-Weekly,Senior,14,1682,0,28,Gold,0.4750000000000001,0.040000000000000036,0.5510204081632653,0,36.33,At Risk,3,Loyal Customers
3837,62,Female,Skirt,Clothing,84,Alaska,M,Violet,Spring,2.5,No,Free Shipping,No,38,PayPal,Fortnightly,Senior,14,3276,0,38,Premium,0.8,0.0,0.7551020408163265,0,54.65,Average,2,Premium Customers
3838,45,Female,Hoodie,Clothing,100,New Mexico,M,Green,Spring,4.8,No,Free Shipping,No,33,Bank Transfer,Fortnightly,Middle-aged,14,3400,0,33,Premium,1.0,0.9199999999999999,0.6530612244897959,0,77.99,Healthy,2,Premium Customers
3839,47,Female,Dress,Clothing,25,Rhode Island,L,Green,Summer,4.2,No,Express,No,24,Venmo,Every 3 Months,Middle-aged,90,625,0,24,Bronze,0.0625,0.6800000000000002,0.4693877551020408,0,30.18,At Risk,0,At-Risk Customers
3840,66,Female,Sandals,Footwear,29,Connecticut,M,Peach,Spring,3.9,No,Free Shipping,No,14,Venmo,Quarterly,Senior,90,435,0,14,Bronze,0.11250000000000004,0.56,0.26530612244897955,0,23.66,At Risk,0,At-Risk Customers
3841,30,Female,Jeans,Clothing,42,Idaho,M,Turquoise,Spring,3.7,No,Express,No,5,Venmo,Fortnightly,Young Adult,14,252,0,5,Bronze,0.275,0.4800000000000002,0.08163265306122448,0,23.05,At Risk,0,At-Risk Customers
3842,68,Female,Jeans,Clothing,57,Mississippi,L,Pink,Fall,4.2,No,2-Day Shipping,No,8,Bank Transfer,Monthly,Senior,30,513,0,8,Bronze,0.4625,0.6800000000000002,0.14285714285714285,0,36.39,At Risk,0,At-Risk Customers
3843,35,Female,Jacket,Outerwear,84,Colorado,L,Lavender,Winter,4.2,No,Next Day Air,No,42,Debit Card,Monthly,Adult,30,3612,0,42,Premium,0.8,0.6800000000000002,0.836734693877551,0,70.7,Healthy,2,Premium Customers
3844,64,Female,Hat,Accessories,71,Georgia,L,Silver,Winter,4.0,No,Free Shipping,No,48,Venmo,Every 3 Months,Senior,90,3479,0,48,Premium,0.6375000000000001,0.6000000000000001,0.9591836734693877,0,66.28,Healthy,2,Premium Customers
3845,30,Female,Shorts,Clothing,87,Montana,S,Cyan,Fall,5.0,No,Next Day Air,No,40,Venmo,Quarterly,Young Adult,90,3567,0,40,Premium,0.8375000000000001,1.0,0.7959183673469387,0,77.38,Healthy,2,Premium Customers
3846,58,Female,Sweater,Clothing,52,California,M,Green,Winter,4.9,No,Standard,No,46,Venmo,Annually,Senior,365,2444,0,46,Premium,0.4,0.9600000000000002,0.9183673469387754,0,62.75,Healthy,2,Premium Customers
3847,57,Female,Blouse,Clothing,58,Pennsylvania,L,Orange,Summer,4.0,No,Express,No,40,PayPal,Every 3 Months,Middle-aged,90,2378,0,40,Premium,0.4750000000000001,0.6000000000000001,0.7959183673469387,0,54.88,Average,3,Loyal Customers
3848,60,Female,Sweater,Clothing,34,Delaware,S,Blue,Fall,3.2,No,2-Day Shipping,No,31,PayPal,Fortnightly,Senior,14,1088,0,31,Silver,0.17500000000000004,0.28000000000000025,0.6122448979591836,0,30.97,At Risk,3,Loyal Customers
3849,22,Female,Jewelry,Accessories,60,New Hampshire,M,Magenta,Winter,3.0,No,Next Day Air,No,39,Cash,Every 3 Months,Young Adult,90,2400,0,39,Premium,0.5,0.20000000000000018,0.7755102040816325,0,47.27,Average,3,Loyal Customers
3850,46,Female,Hoodie,Clothing,68,Florida,S,Cyan,Winter,2.6,No,Express,No,36,PayPal,Fortnightly,Middle-aged,14,2516,0,36,Premium,0.6000000000000001,0.040000000000000036,0.7142857142857142,0,46.23,Average,3,Loyal Customers
3851,27,Female,Jewelry,Accessories,74,Mississippi,L,Indigo,Summer,4.4,No,2-Day Shipping,No,25,Debit Card,Every 3 Months,Young Adult,90,1924,0,25,Gold,0.675,0.7600000000000002,0.4897959183673469,0,56.89,Average,1,High-Spending Customers
3852,50,Female,Scarf,Accessories,83,Montana,M,Pink,Summer,3.9,No,Free Shipping,No,24,Debit Card,Annually,Middle-aged,365,2075,0,24,Gold,0.7875000000000001,0.56,0.4693877551020408,0,56.78,Average,1,High-Spending Customers
3853,65,Female,Hat,Accessories,79,Mississippi,M,Peach,Fall,4.0,No,2-Day Shipping,No,19,PayPal,Weekly,Senior,7,1580,0,19,Gold,0.7375,0.6000000000000001,0.36734693877551017,0,52.52,Average,1,High-Spending Customers
3854,61,Female,Sunglasses,Accessories,76,Tennessee,M,Lavender,Fall,4.0,No,Store Pickup,No,49,Debit Card,Bi-Weekly,Senior,14,3800,0,49,Premium,0.7000000000000001,0.6000000000000001,0.9795918367346937,0,69.39,Healthy,2,Premium Customers
3855,57,Female,T-shirt,Clothing,20,Florida,M,Black,Spring,4.2,No,Free Shipping,No,4,Venmo,Annually,Middle-aged,365,100,0,4,Bronze,0.0,0.6800000000000002,0.061224489795918366,0,15.44,At Risk,0,At-Risk Customers
3856,40,Female,Shirt,Clothing,61,Illinois,XL,Lavender,Summer,4.4,No,Next Day Air,No,36,Cash,Quarterly,Adult,90,2257,0,36,Gold,0.5125000000000001,0.7600000000000002,0.7142857142857142,0,57.13,Average,2,Premium Customers
3857,39,Female,Sandals,Footwear,78,Virginia,S,Brown,Summer,2.5,No,Free Shipping,No,8,Debit Card,Quarterly,Adult,90,702,0,8,Silver,0.7250000000000001,0.0,0.14285714285714285,0,33.29,At Risk,1,High-Spending Customers
3858,42,Female,Hat,Accessories,21,Texas,S,Yellow,Summer,3.1,No,Store Pickup,No,29,Credit Card,Every 3 Months,Adult,90,630,0,29,Bronze,0.012500000000000011,0.2400000000000002,0.5714285714285714,0,22.44,At Risk,0,At-Risk Customers
3859,30,Female,T-shirt,Clothing,77,Missouri,M,Olive,Winter,3.5,No,Store Pickup,No,26,Credit Card,Quarterly,Young Adult,90,2079,0,26,Gold,0.7125,0.40000000000000013,0.510204081632653,0,51.81,Average,1,High-Spending Customers
3860,65,Female,Shorts,Clothing,88,Mississippi,S,Blue,Fall,3.0,No,2-Day Shipping,No,47,Bank Transfer,Bi-Weekly,Senior,14,4224,0,47,Premium,0.8500000000000001,0.20000000000000018,0.9387755102040816,0,66.16,Healthy,2,Premium Customers
3861,57,Female,Sunglasses,Accessories,64,Pennsylvania,M,Turquoise,Summer,4.4,No,Next Day Air,No,44,Cash,Annually,Middle-aged,365,2880,0,44,Premium,0.55,0.7600000000000002,0.8775510204081631,0,63.53,Healthy,2,Premium Customers
3862,64,Female,Jacket,Outerwear,57,Wyoming,M,Yellow,Spring,4.9,No,Standard,No,49,Credit Card,Monthly,Senior,30,2850,0,49,Premium,0.4625,0.9600000000000002,0.9795918367346937,0,67.09,Healthy,2,Premium Customers
3863,56,Female,Shirt,Clothing,49,Idaho,L,Turquoise,Winter,2.8,No,Next Day Air,No,9,Venmo,Monthly,Middle-aged,30,490,0,9,Bronze,0.36250000000000004,0.11999999999999988,0.16326530612244897,0,21.8,At Risk,0,At-Risk Customers
3864,40,Female,Scarf,Accessories,35,New Hampshire,M,Orange,Summer,3.3,No,Free Shipping,No,28,Cash,Fortnightly,Adult,14,1015,0,28,Silver,0.1875,0.32000000000000006,0.5510204081632653,0,30.43,At Risk,0,At-Risk Customers
3865,55,Female,T-shirt,Clothing,99,Wyoming,S,Blue,Winter,4.9,No,Express,No,1,Debit Card,Fortnightly,Middle-aged,14,198,0,1,Bronze,0.9875,0.9600000000000002,0.0,0,58.7,Average,1,High-Spending Customers
3866,25,Female,Shorts,Clothing,42,Nebraska,M,Olive,Spring,4.2,No,Store Pickup,No,28,Cash,Every 3 Months,Young Adult,90,1218,0,28,Silver,0.275,0.6800000000000002,0.5510204081632653,0,41.13,Average,3,Loyal Customers
3867,58,Female,Hat,Accessories,32,Alaska,M,Beige,Winter,3.3,No,2-Day Shipping,No,33,Credit Card,Fortnightly,Senior,14,1088,0,33,Silver,0.15000000000000002,0.32000000000000006,0.6530612244897959,0,31.99,At Risk,3,Loyal Customers
3868,46,Female,Jacket,Outerwear,21,Maryland,L,Lavender,Summer,2.7,No,Standard,No,28,Credit Card,Monthly,Middle-aged,30,609,0,28,Bronze,0.012500000000000011,0.08000000000000007,0.5510204081632653,0,18.63,At Risk,0,At-Risk Customers
3869,18,Female,Dress,Clothing,29,Maryland,XL,Magenta,Winter,3.3,No,2-Day Shipping,No,9,Cash,Annually,Young Adult,365,290,0,9,Bronze,0.11250000000000004,0.32000000000000006,0.16326530612244897,0,15.8,At Risk,0,At-Risk Customers
3870,26,Female,Coat,Outerwear,64,Arizona,L,Cyan,Spring,3.8,No,Free Shipping,No,28,Bank Transfer,Annually,Young Adult,365,1856,0,28,Gold,0.55,0.52,0.5510204081632653,0,48.93,Average,3,Loyal Customers
3871,61,Female,Sandals,Footwear,46,Ohio,L,Lavender,Fall,3.2,No,Next Day Air,No,19,Cash,Every 3 Months,Senior,90,920,0,19,Silver,0.32500000000000007,0.28000000000000025,0.36734693877551017,0,29.62,At Risk,0,At-Risk Customers
3872,55,Female,T-shirt,Clothing,97,Minnesota,M,Black,Fall,4.1,No,2-Day Shipping,No,20,Bank Transfer,Every 3 Months,Middle-aged,90,2037,0,20,Gold,0.9625000000000001,0.6399999999999999,0.38775510204081626,0,62.93,Healthy,1,High-Spending Customers
3873,41,Female,Jacket,Outerwear,94,New Hampshire,M,Green,Spring,4.3,No,Standard,No,3,Cash,Monthly,Adult,30,376,0,3,Bronze,0.925,0.72,0.04081632653061225,0,52.62,Average,1,High-Spending Customers
3874,42,Female,Sandals,Footwear,43,Louisiana,L,Silver,Summer,4.0,No,Standard,No,22,Credit Card,Weekly,Adult,7,989,0,22,Silver,0.2875,0.6000000000000001,0.4285714285714285,0,36.36,At Risk,0,At-Risk Customers
3875,70,Female,Sweater,Clothing,54,Nevada,XL,Beige,Summer,3.9,No,2-Day Shipping,No,33,Credit Card,Bi-Weekly,Senior,14,1836,0,33,Gold,0.42500000000000004,0.56,0.6530612244897959,0,47.79,Average,3,Loyal Customers
3876,63,Female,Hat,Accessories,51,New Hampshire,M,Pink,Winter,3.3,No,2-Day Shipping,No,21,Credit Card,Annually,Senior,365,1122,0,21,Silver,0.38750000000000007,0.32000000000000006,0.4081632653061224,0,34.14,At Risk,0,At-Risk Customers
3877,60,Female,Shoes,Footwear,85,Wisconsin,S,Cyan,Fall,2.6,No,2-Day Shipping,No,7,Cash,Annually,Senior,365,680,0,7,Silver,0.8125,0.040000000000000036,0.12244897959183673,0,36.97,At Risk,1,High-Spending Customers
3878,28,Female,Hoodie,Clothing,96,Nevada,M,Olive,Spring,4.2,No,Next Day Air,No,46,Debit Card,Monthly,Young Adult,30,4512,0,46,Premium,0.9500000000000002,0.6800000000000002,0.9183673469387754,0,79.15,Healthy,2,Premium Customers
3879,60,Female,Hat,Accessories,42,South Carolina,M,Pink,Summer,3.4,No,2-Day Shipping,No,24,Credit Card,Annually,Senior,365,1050,0,24,Silver,0.275,0.3600000000000001,0.4693877551020408,0,32.28,At Risk,0,At-Risk Customers
3880,26,Female,Skirt,Clothing,63,Florida,L,Maroon,Winter,4.1,No,Free Shipping,No,6,Debit Card,Quarterly,Young Adult,90,441,0,6,Bronze,0.5375000000000001,0.6399999999999999,0.10204081632653061,0,37.36,At Risk,1,High-Spending Customers
3881,42,Female,Shirt,Clothing,20,Massachusetts,M,Red,Winter,3.9,No,Free Shipping,No,40,PayPal,Monthly,Adult,30,820,0,40,Silver,0.0,0.56,0.7959183673469387,0,35.08,At Risk,3,Loyal Customers
3882,56,Female,Scarf,Accessories,25,Georgia,L,Silver,Spring,2.8,No,2-Day Shipping,No,17,Debit Card,Weekly,Middle-aged,7,450,0,17,Bronze,0.0625,0.11999999999999988,0.32653061224489793,0,14.7,At Risk,0,At-Risk Customers
3883,35,Female,Pants,Clothing,95,North Dakota,L,Blue,Fall,2.6,No,Free Shipping,No,24,Cash,Fortnightly,Adult,14,2375,0,24,Premium,0.9375,0.040000000000000036,0.4693877551020408,0,52.38,Average,1,High-Spending Customers
3884,34,Female,Hat,Accessories,38,North Dakota,XL,Purple,Fall,4.0,No,Next Day Air,No,22,Cash,Fortnightly,Adult,14,874,0,22,Silver,0.22500000000000003,0.6000000000000001,0.4285714285714285,0,33.86,At Risk,0,At-Risk Customers
3885,47,Female,Sandals,Footwear,29,Maryland,M,Brown,Fall,4.9,No,Express,No,3,PayPal,Weekly,Middle-aged,7,116,0,3,Bronze,0.11250000000000004,0.9600000000000002,0.04081632653061225,0,24.92,At Risk,0,At-Risk Customers
3886,49,Female,Socks,Clothing,64,New Mexico,L,Purple,Winter,3.2,No,Free Shipping,No,39,Cash,Quarterly,Middle-aged,90,2560,0,39,Premium,0.55,0.28000000000000025,0.7755102040816325,0,50.87,Average,3,Loyal Customers
3887,37,Female,Jewelry,Accessories,92,Iowa,S,Brown,Summer,3.9,No,Express,No,40,Debit Card,Quarterly,Adult,90,3772,0,40,Premium,0.9000000000000001,0.56,0.7959183673469387,0,71.08,Healthy,2,Premium Customers
3888,40,Female,Shirt,Clothing,34,Kansas,M,Charcoal,Spring,2.7,No,Express,No,1,Credit Card,Quarterly,Adult,90,68,0,1,Bronze,0.17500000000000004,0.08000000000000007,0.0,0,8.6,At Risk,0,At-Risk Customers
3889,45,Female,Sneakers,Footwear,69,Virginia,M,Violet,Spring,3.4,No,Standard,No,14,Venmo,Bi-Weekly,Middle-aged,14,1035,0,14,Silver,0.6125,0.3600000000000001,0.26530612244897955,0,39.66,At Risk,1,High-Spending Customers
3890,57,Female,Dress,Clothing,65,Alaska,S,Yellow,Spring,3.5,No,Express,No,49,Bank Transfer,Annually,Middle-aged,365,3250,0,49,Premium,0.5625,0.40000000000000013,0.9795918367346937,0,59.89,Average,2,Premium Customers
3891,35,Female,Shirt,Clothing,81,Nebraska,XL,Green,Winter,2.6,No,Standard,No,33,Debit Card,Annually,Adult,365,2754,0,33,Premium,0.7625,0.040000000000000036,0.6530612244897959,0,50.89,Average,2,Premium Customers
3892,36,Female,Dress,Clothing,30,Colorado,L,Peach,Winter,4.7,No,Free Shipping,No,6,Bank Transfer,Quarterly,Adult,90,210,0,6,Bronze,0.125,0.8800000000000001,0.10204081632653061,0,25.66,At Risk,0,At-Risk Customers
3893,35,Female,Jewelry,Accessories,86,Michigan,L,Indigo,Summer,3.5,No,Standard,No,5,PayPal,Fortnightly,Adult,14,516,0,5,Bronze,0.825,0.40000000000000013,0.08163265306122448,0,43.45,Average,1,High-Spending Customers
3894,21,Female,Hat,Accessories,64,Massachusetts,L,White,Fall,3.3,No,Store Pickup,No,29,Bank Transfer,Bi-Weekly,Young Adult,14,1920,0,29,Gold,0.55,0.32000000000000006,0.5714285714285714,0,45.54,Average,3,Loyal Customers
3895,66,Female,Skirt,Clothing,78,Connecticut,L,White,Spring,3.9,No,2-Day Shipping,No,44,Credit Card,Every 3 Months,Senior,90,3510,0,44,Premium,0.7250000000000001,0.56,0.8775510204081631,0,66.53,Healthy,2,Premium Customers
3896,40,Female,Hoodie,Clothing,28,Virginia,L,Turquoise,Summer,4.2,No,2-Day Shipping,No,32,Venmo,Weekly,Adult,7,924,0,32,Silver,0.10000000000000003,0.6800000000000002,0.6326530612244897,0,36.58,At Risk,3,Loyal Customers
3897,52,Female,Backpack,Accessories,49,Iowa,L,White,Spring,4.5,No,Store Pickup,No,41,Bank Transfer,Bi-Weekly,Middle-aged,14,2058,0,41,Gold,0.36250000000000004,0.8,0.8163265306122448,0,54.99,Average,3,Loyal Customers
3898,46,Female,Belt,Accessories,33,New Jersey,L,Green,Spring,2.9,No,Standard,No,24,Venmo,Quarterly,Middle-aged,90,825,0,24,Silver,0.16250000000000003,0.15999999999999992,0.4693877551020408,0,23.78,At Risk,0,At-Risk Customers
3899,44,Female,Shoes,Footwear,77,Minnesota,S,Brown,Summer,3.8,No,Express,No,24,Venmo,Weekly,Adult,7,1925,0,24,Gold,0.7125,0.52,0.4693877551020408,0,52.98,Average,1,High-Spending Customers
3900,52,Female,Handbag,Accessories,81,California,M,Beige,Spring,3.1,No,Store Pickup,No,33,Venmo,Quarterly,Middle-aged,90,2754,0,33,Premium,0.7625,0.2400000000000002,0.6530612244897959,0,54.89,Average,2,Premium Customers
